peak,gene,TF,cell_type,trio_cor,trio_p_adj
chr9-35603590-35605546,CCDC107,KLF13,Astrocyte,0.8725274725274725,0
chr9-131899389-131900308,NTNG2,NFATC2,Astrocyte,0.9181818181818181,0
chr10-100185301-100186635,CUTC,ZNF140,Astrocyte,0.9272727272727272,0
chr9-128190606-128191947,GLE1,ELF1,Astrocyte,0.9071428571428569,0
chr14-22918586-22919829,MRPL52,YY1,Astrocyte,0.9120879120879121,0
chr6-31814100-31815727,NFKBIL1,NR2C1,Astrocyte,0.8692345961067028,0.015159063249240557
chr1-163321279-163322378,NUF2,GABPA,Astrocyte,0.8930117423016208,0.03852377041628488
chr12-76763476-76764980,CSRP2,YY1,Astrocyte,0.8637362637362637,0.03853541644981701
chr19-17757041-17757507,PGLS,CTCF,Astrocyte,0.8741007194244604,0.042529702151120716
chr21-41425723-41427098,BACE2,NR1D2,Astrocyte,0.8076962351497172,0.045383161469281105
chr3-13072147-13073894,CAND2,E2F6,Ependymal,0.9178571428571427,0
chr4-152534758-152536872,ARFIP1,SP3,Ependymal,0.8363636363636364,0
chr3-196317507-196318604,SLC51A,MAZ,Ependymal,0.9367755532139094,1.9760300020536955e-5
chr5-176789447-176790003,UNC5A,NR2C1,Ependymal,0.8887997504625472,1.767552777400599e-4
chr19-56642684-56644054,ZNF583,MAX,Ependymal,0.890909090909091,3.61598614037328e-4
chr19-52896529-52898502,ZNF845,MEF2D,Ependymal,0.9184551082538228,0.00043730350350107584
chr1-12229490-12230652,VPS13D,EBF1,Ependymal,0.8719889406905882,0.0015923552644545186
chr10-102503617-102504274,LDB1,KLF9,Ependymal,0.8606690937851219,0.0018364707921290234
chr9-121074042-121075585,TRAF1,ZBTB7A,Ependymal,0.8506811704046511,0.006576194582139915
chr17-75073555-75074105,FADS6,ZNF460,Ependymal,0.8935698447893572,0.010140076287988206
chr20-38252644-38253226,ACTR5,ZNF148,Ependymal,0.8177241606668483,0.018733463473318234
chr3-52005364-52006080,GPR62,ZNF528,Ependymal,0.8100558091886393,0.029483906200501866
chr1-85307882-85308458,MCOLN2,ZIC1,Ependymal,0.7922314875297161,0.04597235511247065
chr5-14684330-14685037,ANKH,ZEB1,Ependymal,0.7554205466701056,0.046148220486708386
chr19-58033483-58035048,ZNF256,RFX5,Ependymal,0.8159790628502885,0.04699912823807741
chr1-6384943-6386218,RNF207,POU2F2,Ependymal,0.7812167434767875,0.04913649275021793
chr1-20522212-20523211,VWA5B1,SPIB,Excit.Thal,0.9181818181818181,0
chr12-69182133-69182662,LYZ,SPIB,Excit.Thal,0.9181818181818181,0
chr15-31263997-31264555,TRPM1,SPIB,Excit.Thal,0.9181818181818181,0
chr19-30567293-30567931,ZNF536,TFEB,Excit.Thal,0.8555211558307534,0
chr10-1344755-1345665,ADARB2,PPARD,Excit.Thal,0.7330645161290323,1.6691495668265236e-4
chr7-63899585-63901446,ZNF727,NR4A1,Excit.Thal,0.7615127919911012,2.6689176084939884e-4
chr12-129902927-129904675,TMEM132D,PKNOX2,Excit.Thal,0.7767595307917889,2.857556785315491e-4
chr14-24376464-24376860,NYNRIN,MZF1,Excit.Thal,0.7431032933785118,3.66558360481854e-4
chr9-114504302-114505754,WHRN,ZNF528,Excit.Thal,0.8161764705882353,4.894066424843681e-4
chr12-4273541-4274437,CCND2,NR2F1,Excit.Thal,0.7463235294117647,6.219592774647571e-4
chr17-81094465-81095431,BAIAP2,ZNF528,Excit.Thal,0.7683823529411765,6.254510866030626e-4
chr14-24398362-24400183,NYNRIN,PKNOX1,Excit.Thal,0.753225806451613,6.736591725157064e-4
chr6-1536618-1537294,FOXQ1,ZNF317,Excit.Thal,0.7302437554680441,7.483255246710294e-4
chr17-81094465-81095431,BAIAP2,TEAD1,Excit.Thal,0.755241935483871,7.810678027174518e-4
chr17-81094465-81095431,BAIAP2,MNT,Excit.Thal,0.7463343108504398,8.192525299539065e-4
chr10-1426130-1427246,ADARB2,ZNF682,Excit.Thal,0.6356951871657754,0.0011082167329066644
chr16-74724223-74725467,FA2H,ZBTB14,Excit.Thal,0.7649432124142351,0.001251559493028305
chr17-79519795-79521062,RBFOX3,PPARG,Excit.Thal,0.8008021390374331,0.0013286164016579052
chr17-81094465-81095431,BAIAP2,RREB1,Excit.Thal,0.7723076923076923,0.001537084085977516
chr17-81094465-81095431,BAIAP2,TFAP4,Excit.Thal,0.708467741935484,0.002419455463671184
chr17-75876055-75876427,CASKIN2,KLF3,Excit.Thal,0.7482859281493068,0.002439353754255142
chr18-55589710-55590334,TCF4,SP4,Excit.Thal,0.7008689839572193,0.0025028454870108844
chr10-80701828-80702541,SH2D4B,ONECUT2,Excit.Thal,0.7218322034996232,0.0028444395981611
chr1-40757232-40757585,COL9A2,NFATC4,Excit.Thal,0.8757794230789662,0.002884125971695595
chr12-120640204-120641692,CABP1,ZBTB7A,Excit.Thal,0.7814171122994652,0.002955294693922695
chr17-81119512-81120017,BAIAP2,ZNF263,Excit.Thal,0.68048128342246,0.0030560332149880296
chr17-81034512-81035807,BAIAP2,SP3,Excit.Thal,0.6814839572192514,0.0031097682893079783
chr18-55589710-55590334,TCF4,POU3F3,Excit.Thal,0.7080645161290323,0.003171618860874397
chr2-66433934-66435203,MEIS1,SPI1,Excit.Thal,0.7753386261176372,0.003452971639735314
chr19-46926689-46927506,NPAS1,EBF1,Excit.Thal,0.7357038123167154,0.003454733886923287
chr5-759256-760180,ZDHHC11B,MNT,Excit.Thal,0.8225806451612904,0.0034788876715116206
chr20-31869022-31871153,TTLL9,INSM1,Excit.Thal,0.8365811965811965,0.003521955197087308
chr1-41742231-41742451,FOXO6,ZNF384,Excit.Thal,0.7473414510547511,0.0037339648534410593
chr16-21283494-21284142,CRYM,RREB1,Excit.Thal,0.7613675213675213,0.003952837856159132
chr19-3028485-3029727,TLE2,SCRT1,Excit.Thal,0.8237903225806452,0.004123629130669433
chr13-27414905-27415589,RASL11A,CEBPG,Excit.Thal,0.7302807486631016,0.004328183096020665
chr1-156601140-156602149,SEMA4A,PBX2,Excit.Thal,0.7710561497326203,0.00448149046264738
chr18-55589710-55590334,TCF4,E2F6,Excit.Thal,0.6911290322580645,0.004726070181395191
chr5-759256-760180,ZDHHC11B,SPI1,Excit.Thal,0.8184615384615386,0.0048135597143382
chr7-74026806-74028196,ELN,SPI1,Excit.Thal,0.8361538461538461,0.0048966623873720585
chr16-67013260-67014656,CBFB,SPI1,Excit.Thal,0.8223076923076923,0.0049102378916500745
chr18-55322201-55322798,TCF4,HESX1,Excit.Thal,0.6737536656891495,0.004950550940322998
chr8-142402186-142404301,ARC,SP2,Excit.Thal,0.7122308388906002,0.004981975778095236
chr9-133737542-133738724,VAV2,ASCL1,Excit.Thal,0.8215697346132128,0.005003180542273597
chr17-81386583-81387610,BAIAP2,ZNF682,Excit.Thal,0.6597593582887701,0.00504346421966721
chr18-55589710-55590334,TCF4,ZNF341,Excit.Thal,0.6708211143695014,0.005090766909647706
chr18-55587471-55588447,TCF4,GLI3,Excit.Thal,0.7628458498023716,0.005136281610425803
chr8-90081999-90083129,DECR1,ETV5,Excit.Thal,0.7225935828877005,0.005149273962716567
chr8-736843-739342,DLGAP2,MGA,Excit.Thal,0.6915106951871658,0.005372905223276432
chr17-81094465-81095431,BAIAP2,ZNF341,Excit.Thal,0.6649560117302052,0.005400041697955442
chr17-81097270-81097618,BAIAP2,MAFK,Excit.Thal,0.6540775401069518,0.005760161518149777
chr1-21261915-21263026,HP1BP3,FOXO3,Excit.Thal,0.7810483870967743,0.00579170861310944
chr18-55321457-55322013,TCF4,ZNF263,Excit.Thal,0.6544117647058824,0.005860460644901761
chr14-91835795-91836799,TC2N,ZNF460,Excit.Thal,0.7313049853372434,0.00594108512649447
chr10-79487564-79487879,PPIF,THAP1,Excit.Thal,0.7256016042780749,0.005950293055786529
chr2-27262897-27263383,SLC30A3,SP4,Excit.Thal,0.7292744083053778,0.006286561038506617
chr3-49856135-49857078,AMT,KLF11,Excit.Thal,0.79655172413793085,0.006332618189513858
chr19-47012758-47013504,GNG8,SPI1,Excit.Thal,0.8013859187549485,0.006595018785805191
chr21-29582746-29583183,BACH1,FOXP1,Excit.Thal,0.6911290322580645,0.007292214419391784
chr12-129787663-129787932,TMEM132D,HIC2,Excit.Thal,0.6335316092282747,0.007319105246208532
chr6-32413290-32413724,TAP1,RREB1,Excit.Thal,0.8037606837606838,0.0074530875197038
chr21-33025140-33026043,OLIG1,E2F1,Excit.Thal,0.8058608058608058,0.007799315187388995
chr1-1307789-1308728,TNFRSF18,CREM,Excit.Thal,0.7272003881073651,0.008705024845111332
chr17-81094465-81095431,BAIAP2,SP2,Excit.Thal,0.6363636363636364,0.00875395368702706
chr1-145688790-145690015,NBPF20,SCRT1,Excit.Thal,0.7245967741935484,0.00878254206379735
chr17-18362497-18363845,FAM106A,ZNF148,Excit.Thal,0.6630541871921181,0.008874208520307668
chr8-1061495-1062678,DLGAP2,PKNOX1,Excit.Thal,0.6810483870967743,0.009259195969262786
chr17-81034512-81035807,BAIAP2,ZNF263,Excit.Thal,0.6326871657754011,0.009366829139728455
chr17-81494664-81495377,BAIAP2,SCRT1,Excit.Thal,0.6483870967741936,0.009457465367513783
chr1-1273321-1275132,MMP23B,PKNOX1,Excit.Thal,0.770967741935484,0.009558653134415254
chr17-81094465-81095431,BAIAP2,RFX1,Excit.Thal,0.644758064516129,0.009970555333302699
chr17-81003870-81004385,BAIAP2,KLF3,Excit.Thal,0.6280080213903744,0.010044442219734825
chr1-21261915-21263026,NBPF3,FOS,Excit.Thal,0.7724137931034482,0.010967020503501254
chr2-212536202-212539568,ERBB4,SP4,Excit.Thal,0.6517379679144385,0.011674549936205774
chr19-19668195-19669389,LPAR2,NFIL3,Excit.Thal,0.6580882352941176,0.01168655534840261
chr20-38805171-38807608,PPP1R16B,TFCP2,Excit.Thal,0.6373663101604278,0.012234638743214177
chr5-2750414-2752215,IRX2,ZBTB14,Excit.Thal,0.7167495218528134,0.013009916096275081
chr17-78358673-78360406,TMC6,ASCL1,Excit.Thal,0.8216340971999083,0.01309297134443245
chr8-736843-739342,DLGAP2,SP3,Excit.Thal,0.6437165775401069,0.013914642933322618
chr3-50464441-50465165,CACNA2D2,TCF3,Excit.Thal,0.6879032258064517,0.014047087730512732
chr19-47446986-47448043,NPAS1,PLAG1,Excit.Thal,0.6885841625185395,0.014059185431461818
chr1-6784209-6786370,TNFRSF25,BHLHE40,Excit.Thal,0.7302419354838711,0.014638776822816273
chr17-81128756-81129303,BAIAP2,ATF2,Excit.Thal,0.644334975369458,0.015014236681062573
chr14-100586325-100587550,BEGAIN,ZNF528,Excit.Thal,0.7266042780748663,0.015230267237694044
chr17-6893533-6894662,SLC16A11,INSM1,Excit.Thal,0.7753701821582162,0.015355301972280893
chr3-49673235-49674725,RBM5,KLF6,Excit.Thal,0.5875668449197861,0.016079095011931454
chr5-176364963-176366561,FAM153B,E2F1,Excit.Thal,0.7448107448107447,0.01642008273282985
chr19-48480223-48481397,EMP3,ZNF143,Excit.Thal,0.7091274217798521,0.016884687085830706
chr3-184737894-184738499,CHRD,NR4A1,Excit.Thal,0.7083328566607555,0.017264194570668714
chr7-100478532-100479614,TSC22D4,NFIB,Excit.Thal,0.7270935960591132,0.017422629522529855
chr1-12595109-12596298,DHRS3,KLF3,Excit.Thal,0.6892863208430116,0.017464295682536653
chr16-49524462-49525164,CBLN1,MAZ,Excit.Thal,0.6146390374331551,0.017576705620319363
chr14-24457432-24457854,NYNRIN,SPI1,Excit.Thal,0.6601269597010878,0.017729149844487892
chr1-32885983-32886874,HPCA,MAZ,Excit.Thal,0.6597593582887701,0.017736122199981687
chr2-202032944-202035332,FZD7,MAFK,Excit.Thal,0.6290106951871658,0.017744506858711213
chr16-88940838-88942112,AC092384.1,ETV3,Excit.Thal,0.7031618826424105,0.017845306139119464
chr17-39224752-39226192,STAC2,SP4,Excit.Thal,0.6871657754010695,0.01790750247878728
chr12-14972902-14973992,GUCY2C,IRF1,Excit.Thal,0.7713628151704691,0.018089931471146493
chr10-89296240-89296548,IFIT3,ZNF460,Excit.Thal,0.705903971187633,0.019360050797515974
chr3-183981611-183982652,CHRD,RARA,Excit.Thal,0.6978656657839597,0.01959590890395456
chr19-3028485-3029727,TLE2,ELF1,Excit.Thal,0.6689516129032258,0.019710627787137478
chr9-75891526-75892812,PCSK5,INSM1,Excit.Thal,0.7593162393162393,0.02054392032935407
chr2-202014732-202015492,FZD7,FOXO3,Excit.Thal,0.6191728682120038,0.020677166170965686
chr5-759256-760180,ZDHHC11B,KLF15,Excit.Thal,0.6656891495601173,0.020726799503804415
chr19-3042260-3042504,TLE2,SPIB,Excit.Thal,0.9090909090909091,0.020883350791691582
chr9-21995037-21995982,CDKN2A,NHLH1,Excit.Thal,0.5886581394196291,0.02093489983631296
chr3-50359071-50359925,RBM5,ZNF148,Excit.Thal,0.6034482758620688,0.021115990295702793
chr17-81054734-81055105,BAIAP2,SP3,Excit.Thal,0.589572192513369,0.022066498496083033
chr8-736843-739342,DLGAP2,ZNF263,Excit.Thal,0.616644385026738,0.022930846812168077
chr17-39224752-39226192,STAC2,PLAG1,Excit.Thal,0.6911290322580645,0.023096673598948795
chr8-1061495-1062678,DLGAP2,E2F6,Excit.Thal,0.6322580645161291,0.023262398466406323
chr1-109041126-109042528,PSRC1,SP2,Excit.Thal,0.7002845733484908,0.023612410284623585
chr1-22736391-22736988,EPHB2,NR6A1,Excit.Thal,0.6647727272727273,0.024140947603085213
chr9-114429582-114430118,WHRN,MYCN,Excit.Thal,0.5976435217657293,0.02456394398637004
chr9-114504302-114505754,WHRN,GLIS1,Excit.Thal,0.6209677419354839,0.024730679401059687
chr7-128440317-128440516,PRRT4,THAP11,Excit.Thal,0.7099377081658481,0.025002268969275307
chr16-997419-998033,CLCN7,ZNF382,Excit.Thal,0.742825361512792,0.02515116765731356
chr1-67545367-67545685,GADD45A,RXRB,Excit.Thal,0.6717914438502673,0.025218534149065955
chr17-81094465-81095431,BAIAP2,KLF10,Excit.Thal,0.579879679144385,0.025226249612039255
chr17-81386583-81387610,BAIAP2,SP3,Excit.Thal,0.5802139037433155,0.025236189950205837
chr17-7035297-7036812,SLC16A11,MZF1,Excit.Thal,0.683209038615776,0.025541147049137843
chr17-7403503-7405825,DNAH2,INSM1,Excit.Thal,0.7839316239316239,0.02561019970294604
chr18-55589710-55590334,TCF4,SP3,Excit.Thal,0.5802139037433155,0.025637574627995544
chr9-22216683-22217285,DMRTA1,ZKSCAN1,Excit.Thal,0.5678395329147612,0.027436872402424876
chr17-81003870-81004385,BAIAP2,SP3,Excit.Thal,0.5752005347593583,0.027530399976604173
chr2-212536202-212539568,ERBB4,ESR2,Excit.Thal,0.5935828877005348,0.027573236229934784
chr19-17841257-17843103,PDE4C,E2F1,Excit.Thal,0.7509157509157508,0.028224947716213734
chr2-112707817-112708207,SLC20A1,ZNF317,Excit.Thal,0.660427807486631,0.028779439000104344
chr12-105899597-105899810,NUAK1,ZBTB32,Excit.Thal,0.6750836293059738,0.029236523998945097
chr2-66433934-66435203,MEIS1,ELF2,Excit.Thal,0.6101477766450828,0.03030626139536602
chr17-81034512-81035807,BAIAP2,ZBTB7A,Excit.Thal,0.5685160427807486,0.030320199365123136
chr2-240560107-240561410,SNED1,ZNF384,Excit.Thal,0.7239736070381232,0.03034612362525846
chr18-55322201-55322798,TCF4,TFAP2E,Excit.Thal,0.6014778325123151,0.03055334363577712
chr11-66007211-66008036,NPAS4,ZNF682,Excit.Thal,0.6782734644932467,0.031015996858138023
chr14-22956507-22957478,REM2,JUND,Excit.Thal,0.6428534122480721,0.03112647880661771
chr16-67326127-67327368,C16orf86,FOXH1,Excit.Thal,0.6821094963479931,0.03137011403391158
chr14-22956507-22957478,REM2,FOS,Excit.Thal,0.6654079723948071,0.03259648007657587
chr22-42946271-42946941,MPPED1,ZNF135,Excit.Thal,0.6707004484686654,0.032675051827365346
chr1-69879215-69880442,HHLA3,ZNF136,Excit.Thal,0.6781417112299465,0.032763992903226014
chr19-47446986-47448043,MEIS3,PLAG1,Excit.Thal,0.6677419354838711,0.03400068388453143
chr16-49532900-49533196,CBLN1,MAX,Excit.Thal,0.5717741935483871,0.03413108846917654
chr19-2983548-2984355,TLE2,ZNF16,Excit.Thal,0.624266862170088,0.03479156803344262
chr9-114587077-114588309,WHRN,SOX4,Excit.Thal,0.582748277304235,0.034870133091928754
chr12-51025621-51026856,METTL7A,HIC2,Excit.Thal,0.6991935483870968,0.035154922409790575
chr18-55589710-55590334,TCF4,KLF10,Excit.Thal,0.5594919786096256,0.03546198140791797
chr9-134348391-134348620,VAV2,TCF3,Excit.Thal,0.6419354838709679,0.03593598739779067
chr17-39224752-39226192,STAC2,KLF16,Excit.Thal,0.6350267379679144,0.03602498946754892
chr17-39224752-39226192,STAC2,EGR1,Excit.Thal,0.6473930481283422,0.03620881618132107
chr10-93386470-93387495,FFAR4,SPI1,Excit.Thal,0.7061538461538461,0.03646552259725435
chr16-67028513-67030011,CBFB,NR3C2,Excit.Thal,0.6096256684491979,0.03688821179644075
chr17-81386583-81387610,BAIAP2,TCFL5,Excit.Thal,0.5574866310160428,0.03731499793701798
chr1-70706320-70707068,PTGER3,RARA,Excit.Thal,0.6723490084144995,0.037333968532355294
chr17-39056709-39058071,STAC2,EGR3,Excit.Thal,0.7381422924901185,0.037708614715033686
chr2-241226944-241227469,SNED1,ZNF274,Excit.Thal,0.688782991202346,0.0378952222729183
chr4-166315804-166316025,TLL1,ZNF135,Excit.Thal,0.5386169941540465,0.03820311862397714
chr19-41218623-41219710,RAB4B,CREB3,Excit.Thal,0.6493983957219251,0.03840730042888707
chr16-970115-971435,SOX8,ZNF460,Excit.Thal,0.6232107458196906,0.03845739663577819
chr20-31869022-31871153,TTLL9,KLF15,Excit.Thal,0.5989736070381232,0.038637262731125985
chr11-117426236-117427097,DSCAML1,SP2,Excit.Thal,0.5935828877005348,0.03873948756897891
chr12-55631546-55632108,CD63,ZNF282,Excit.Thal,0.6547459893048129,0.038788216965484124
chr1-162941056-162941354,DDR2,ETV4,Excit.Thal,0.7613675213675213,0.03900679769461462
chr19-41225896-41226655,CEACAM21,SOHLH2,Excit.Thal,0.6791304347826086,0.03905700858317133
chr16-49376676-49378445,CBLN1,MAZ,Excit.Thal,0.536096256684492,0.039228536792077544
chr20-31984720-31985500,TTLL9,RELB,Excit.Thal,0.6076612903225808,0.039540464341949494
chr16-21283494-21284142,CRYM,ZNF282,Excit.Thal,0.586091640914701,0.039899280394578886
chr9-14314864-14316026,NFIB,TCFL5,Excit.Thal,0.6631016042780749,0.04042700145240905
chr7-150787260-150788218,GIMAP5,RARA,Excit.Thal,0.6618106801782775,0.04081158464930599
chr19-22066228-22066497,ZNF729,ZNF384,Excit.Thal,0.6481978104152022,0.040843797417423895
chr3-184361002-184363708,CHRD,MNT,Excit.Thal,0.6549217426225358,0.041441788611722645
chr19-10568185-10569314,ICAM5,MAZ,Excit.Thal,0.6901889009390294,0.04151803827381636
chr13-28658515-28659611,FLT1,MEF2D,Excit.Thal,0.6925133689839572,0.04162668885003807
chr1-1307789-1308728,MMP23B,KLF6,Excit.Thal,0.6721256684491979,0.04176412520472914
chr9-22008588-22009598,CDKN2A,TEAD1,Excit.Thal,0.5392878110368969,0.04181221655203142
chr18-55287342-55287764,TCF4,TFAP4,Excit.Thal,0.5661290322580645,0.04181935354147023
chr17-81084746-81085029,BAIAP2,ZNF341,Excit.Thal,0.5575513196480938,0.042303706096303385
chr17-81119512-81120017,BAIAP2,ZNF682,Excit.Thal,0.5497994652406417,0.04248113926239907
chr17-39194447-39194853,STAC2,KLF15,Excit.Thal,0.6594574780058651,0.04272019657396261
chr5-915672-916432,ZDHHC11B,ESRRA,Excit.Thal,0.6326979472140762,0.04294963795977612
chr11-73375955-73377024,RELT,ZNF684,Excit.Thal,0.6510695187165776,0.04300345913285849
chr7-22177470-22177823,RAPGEF5,TEAD4,Excit.Thal,0.7380011293054771,0.044187202825124956
chr4-54402902-54403379,KIT,RELA,Excit.Thal,0.6864973262032086,0.04447911533549953
chr20-31860912-31862162,TTLL9,KLF15,Excit.Thal,0.5887096774193549,0.04473797092496047
chr1-20481101-20481423,VWA5B1,SPI1,Excit.Thal,0.7128294034534474,0.04510195606856739
chr2-144524139-144524702,ZEB2,SP3,Excit.Thal,0.616644385026738,0.04516708761439782
chr10-93465782-93466228,FFAR4,RELA,Excit.Thal,0.6061669612539989,0.04542836502906351
chr17-66531808-66532083,PRKCA,NR3C2,Excit.Thal,0.6356951871657754,0.045697636713483536
chr9-114504302-114505754,AKNA,ZNF528,Excit.Thal,0.6323105467378597,0.04585778230468796
chr2-66433934-66435203,MEIS1,CEBPA,Excit.Thal,0.6010592483083625,0.04585934608877826
chr1-1615016-1616395,MMP23B,ZNF460,Excit.Thal,0.6728989121836499,0.046222765049828786
chr8-142621925-142622389,ARC,ZNF460,Excit.Thal,0.6386606840791695,0.04682768129755045
chr19-23002685-23003412,ZNF99,ZNF460,Excit.Thal,0.4629765395894428,0.0475341507752749
chr1-45326529-45328317,TESK2,ZNF148,Excit.Thal,0.6852216748768472,0.04804652617213717
chr8-35452273-35452497,UNC5D,ZNF135,Excit.Thal,0.6211565711535512,0.048186009287993145
chr20-46349009-46349268,NCOA5,EBF1,Excit.Thal,0.6011730205278593,0.048533879742027684
chr17-66714493-66715116,PRKCA,NFATC3,Excit.Thal,0.6524926686217009,0.04876159850007402
chr2-218749807-218750303,CFAP65,GABPA,Excit.Thal,0.6266711229946524,0.04913108625724548
chr1-32619870-32620271,HDAC1,ZNF135,Excit.Thal,0.6226623080917407,0.04941836023464221
chr17-81017738-81018752,BAIAP2,NFYA,Excit.Thal,0.5689655172413792,0.04994635439145942
chr5-111426719-111427887,CAMK4,TEAD1,Inhib.Thal,0.8897058823529413,0
chr8-66368941-66369848,CRH,PRDM1,Inhib.Thal,0.8956043956043956,0
chr10-128063841-128064841,PTPRE,NFIB,Inhib.Thal,0.9076923076923077,0
chr6-106973378-106975734,CD24,EGR1,Inhib.Thal,0.894607843137255,0
chr6-106973378-106975734,CD24,SOX14,Inhib.Thal,0.894607843137255,0
chr16-57606842-57607414,ZNF319,NFYB,Inhib.Thal,0.8921568627450982,0
chr19-1940153-1941362,AMH,CREB1,Inhib.Thal,0.8431372549019609,6.957915215759552e-4
chr1-54581454-54582039,MROH7,ZIC4,Inhib.Thal,0.8742673305420248,0.033576311180341115
chr18-32382278-32382508,KLHL14,PRDM1,Inhib.Thal,0.8895163383768261,0.034406818014594096
chr5-122310696-122312874,SNCAIP,MYBL1,Inhib.Thal,0.8453167687680397,0.03837335480862739
chr5-122310696-122312874,SNCAIP,RBPJ,Inhib.Thal,0.7739581100980935,0.040766986077792965
chr11-119415983-119416211,UPK2,MZF1,Inhib.Thal,0.8382352941176472,0.041772727760623414
chr15-90993993-90995026,PRC1,KLF9,Inhib_LHb_4.1,0.8956043956043956,0
chr1-6392690-6394226,KLHL21,SP1,Inhib_LHb_4.1,0.8892857142857141,0
chr17-44070321-44071207,TMEM101,ZNF682,Inhib_LHb_4.1,0.8701754385964914,0
chr22-41413295-41414299,RBX1,KLF9,Inhib_LHb_4.1,0.8846153846153846,0
chr19-679721-681345,MIER2,THAP1,Inhib_LHb_4.1,0.9240396898002231,0.0024633980654582936
chr2-99180670-99181557,TXNDC9,ELF2,Inhib_LHb_4.1,0.8210996150126552,0.016531174274939886
chr3-151228309-151228938,SIAH2,GABPA,Inhib_LHb_4.1,0.8248110590965788,0.028541375454585925
chr3-129529154-129529704,EFCAB12,PLAG1,Inhib_LHb_4.1,0.8689000124230492,0.037106756647811955
chr19-54114300-54115917,OSCAR,KLF9,Inhib_LHb_4.1,0.90784129900320365,0.041228440027206756
chr19-11137456-11138359,DNM2,HSF1,Inhib_LHb_4.2,0.8651960784313727,0
chr18-9913060-9915185,PPP4R1,IRF9,Inhib_LHb_4.2,0.8989010989010988,0
chr5-173144250-173145179,ERGIC1,SP3,Inhib_LHb_4.2,0.8785714285714284,0
chr12-69878762-69879699,CNOT2,ETV6,Inhib_LHb_4.2,0.9010989010989011,0
chr11-57711295-57712925,SERPING1,YY1,Inhib_LHb_4.2,0.8823529411764707,0
chr3-33797845-33799232,CLASP2,IRF3,Inhib_LHb_4.2,0.860294117647059,0
chr3-126179643-126181425,TXNRD3,NFYC,Inhib_LHb_4.2,0.9506624010372658,1.2080543520597711e-5
chr18-23502923-23503931,NPC1,CTCF,Inhib_LHb_4.2,0.8499999999999999,0.004398225103700211
chr9-128127343-128129013,SH2D3C,RBPJ,Inhib_LHb_4.2,0.8850660405294066,0.005968032918158571
chr16-71894082-71896196,ATXN1L,SREBF1,Inhib_LHb_4.2,0.900804649244318,0.008522816188711285
chr16-8868335-8869275,TMEM186,EGR1,Inhib_LHb_4.2,0.8933223678185813,0.013348306674864476
chr12-56314999-56316833,RBMS2,NR1D2,Inhib_LHb_4.2,0.8595955018503736,0.02012771306242797
chr11-134559598-134560427,GLB1L3,SCRT1,Inhib_LHb_4.2,0.890126213143212,0.021549410879281375
chr19-7550274-7551752,ELAVL1,ATF2,Inhib_LHb_4.2,0.8307533539731682,0.02341556576324514
chr10-133393868-133394644,MTG1,NR2C2,Inhib_LHb_4.2,0.8470588235294116,0.023663628808684826
chr17-42387705-42389229,DNAJC7,CREB3,Inhib_LHb_4.2,0.8333333333333335,0.024089474014475618
chr19-23074809-23075801,ZNF99,ZBTB6,Inhib_LHb_4.2,0.8703614569220512,0.026087726643706132
chr8-4663448-4664457,CSMD1,MGA,Inhib_LHb_4.2,0.8144342688611108,0.027377775304413415
chr17-45247381-45247986,CRHR1,KLF16,Inhib_LHb_4.2,0.9339431975353206,0.0287617064516667
chr15-98420970-98422019,ARRDC4,CTCF,Inhib_LHb_4.2,0.8514673527691501,0.03398845587617263
chr8-119207668-119209230,COLEC10,NR2C1,Inhib_LHb_4.2,0.8304736795996248,0.03628331543065381
chr19-48675166-48675694,BCAT2,RBPJ,Inhib_LHb_4.2,0.8399014778325122,0.036364782435792394
chr19-477766-478835,ARID3A,POU2F2,Inhib_LHb_4.2,0.8727810650887574,0.03650063201738843
chr19-58058845-58060166,ZNF154,ZBTB7A,Inhib_LHb_4.2,0.8207196029776673,0.0365755581598003
chr4-88822907-88823824,TIGD2,FOXP1,Inhib_LHb_4.2,0.838383478327794,0.03907102377954609
chr16-84406048-84406921,DNAAF1,FOXK2,Inhib_LHb_4.2,0.8347424964021772,0.041516981284475465
chr6-3157150-3158441,SERPINB1,ZNF460,LHb.1.3.4,0.8941176470588235,0
chr5-115150591-115151714,TICAM2,MSC,LHb.2.7,0.8813186813186813,0
chr12-72207632-72208109,TRHDE,POU3F3,LHb.2.7,0.8790962512592704,0.0022848640413000924
chr1-155968713-155968989,C1orf61,ZKSCAN5,LHb.2.7,0.8431372549019609,0.0037721484222062686
chr12-57195292-57195509,ARHGAP9,MYC,LHb.2.7,0.8868522987985651,0.017173322704427976
chr2-163651184-163651423,FIGN,MEF2B,LHb.2.7,0.9050902647638001,0.02617169773557182
chr5-149217776-149218031,ARHGEF37,ZNF24,LHb.2.7,0.8228070175438598,0.03121621676358302
chr11-94220620-94221806,VSTM5,ZNF384,LHb.2.7,0.8163054695562436,0.04500136502740637
chr15-96345569-96346241,NR2F2,CEBPA,LHb.4,0.7285714285714284,0.001929357015911846
chr7-155381835-155382617,EN2,KLF9,LHb.4,0.6746902536131144,0.007961576389653913
chr20-63101796-63103278,OGFR,GLI2,LHb.4,0.7247067448680352,0.008614421022398896
chr5-2750414-2752215,C5orf38,MAZ,LHb.4,0.6557486631016043,0.01154910543168828
chr7-155381391-155381736,EN2,HEY1,LHb.4,0.6374721498427413,0.01545609254329463
chr7-42492969-42494138,GLI3,FOXP1,LHb.4,0.6950297444334382,0.015677331541832987
chr5-98562743-98563282,RGMB,IKZF1,LHb.4,0.8470588235294116,0.017885776485043112
chr7-97732598-97734068,TAC1,SOX4,LHb.4,0.6671857619577308,0.020464318389519703
chr7-98742003-98742604,SMURF1,TCF7L1,LHb.4,0.7784615384615383,0.021707087147986397
chr5-136028652-136029680,TGFBI,ZBTB6,LHb.4,0.6797116400509976,0.026411920068742774
chr5-93647277-93647584,NR2F1,NR2F2,LHb.4,0.6420939393245435,0.029069993794597734
chr15-72998284-72998992,HIGD2B,ZBTB6,LHb.4,0.6952481000137685,0.03354876767187655
chr7-100014997-100016246,TSC22D4,RREB1,LHb.4,0.7531472359058565,0.036395285048682814
chr19-45541838-45542051,CCDC61,NR2C2,LHb.4,0.7014939081794683,0.0409735784338064
chr6-10403719-10405169,TFAP2A,INSM1,LHb.4,0.615131407924562,0.043462650115775964
chr6-151215215-151215433,AKAP12,ZNF460,LHb.4,0.6946264779730764,0.04995485966823594
chr6-112018147-112018840,FYN,IRF2,MHb.1,0.8455882352941178,0
chr7-128350613-128351122,RBM28,KLF16,MHb.1,0.8553921568627452,0
chr8-91040035-91041213,OTUD6B,ELK4,MHb.1,0.8678571428571428,0
chr8-92583408-92584432,TRIQK,SMAD5,MHb.1,0.8480392156862746,0
chr11-61148073-61148506,VPS37C,THAP11,MHb.1,0.8455882352941178,0
chr21-33844142-33845045,SON,KLF16,MHb.1,0.8455882352941178,0
chr12-133129626-133131039,ZNF84,SP4,MHb.1,0.8750000000000001,0
chr2-46541633-46544358,PIGF,ZNF740,MHb.1,0.8308823529411766,0.04277280240516938
chr14-67513790-67515794,MPP5,SNAI3,MHb.1,0.8791208791208792,0.046434187270695315
chr11-63830011-63830460,KCNK4,MZF1,MHb.1.2,0.9484218993219152,2.04377188585732e-6
chr4-2451750-2452535,POLN,RARA,MHb.1.2,0.930824441749774,0.001268698373954895
chr4-1951650-1952570,POLN,ZNF528,MHb.1.2,0.886900857668984,0.0013123722541822749
chr3-75618538-75619243,ROBO2,CTCF,MHb.1.2,0.8686603661476381,0.0034747092597690325
chr10-116756108-116756646,SLC18A2,IRF3,MHb.1.2,0.8495867768595043,0.0038550773045029417
chr2-130797379-130799285,PTPN18,ZIC5,MHb.1.2,0.8846625766871167,0.004393819743234518
chr4-20408556-20409256,SLIT2,MEF2A,MHb.1.2,0.8473190141785566,0.00520001350918253
chr4-83283815-83285013,THAP9,ATF2,MHb.1.2,0.8553719008264463,0.006539681848634758
chr19-1884806-1885702,JSRP1,SP3,MHb.1.2,0.8402897881837661,0.007999680077451495
chr19-8307453-8308572,MYO1F,MNT,MHb.1.2,0.9127304766889967,0.00868938249302045
chr7-6447027-6448502,DAGLB,POU2F1,MHb.1.2,0.8329726170180533,0.009252601313449162
chr4-2451750-2452535,POLN,PPARD,MHb.1.2,0.8408750714577247,0.00941933632543848
chr4-2547374-2547777,POLN,MAFK,MHb.1.2,0.8832478213131227,0.009892745163569524
chr2-25256915-25257565,ADCY3,PBX3,MHb.1.2,0.8511322370635567,0.010061312927214903
chr7-34191028-34192176,BMPER,NFATC3,MHb.1.2,0.8813432835820895,0.011428968666387228
chr19-2613702-2614144,JSRP1,SP4,MHb.1.2,0.8375377087022473,0.012932587438943323
chr17-17722135-17723019,NT5M,MSANTD3,MHb.1.2,0.827979274611399,0.013508540476281725
chr1-218401547-218402432,TGFB2,E2F6,MHb.1.2,0.8806639536996945,0.013725816517800487
chr10-1344755-1345665,ADARB2,PRDM4,MHb.1.2,0.870689869628073,0.015351714346238068
chr22-24696987-24698022,GGT1,ZNF274,MHb.1.2,0.9366429442213183,0.016522320574134476
chr6-33271325-33272398,DAXX,ZBTB7A,MHb.1.2,0.8528497409326425,0.017982476443420038
chr12-39804613-39805637,LRRK2,SP1,MHb.1.2,0.8625277161862529,0.028238708840952653
chr11-47641963-47642906,SPI1,ZIC4,MHb.1.2,0.829640736593737,0.0292715359916768
chr10-71284782-71285411,SLC29A3,HIC2,MHb.1.2,0.8741430715739014,0.03099411805870284
chr11-67507777-67508935,SSH3,ZBTB7A,MHb.1.2,0.8409090909090909,0.032610184378954445
chr11-134008186-134009094,GLB1L2,ZNF143,MHb.1.2,0.8391112019873959,0.03831604034630444
chr16-89507385-89508951,CPNE7,ZIC5,MHb.1.2,0.8257668711656443,0.03964777301038558
chr1-54558016-54560372,CYB5RL,ZNF384,MHb.1.2,0.8932898694815321,0.041381451426691286
chr16-28062355-28063903,CLN3,EBF1,MHb.1.2,0.8045112781954887,0.04253839198417526
chr1-203028752-203029239,SYT2,ZKSCAN5,MHb.1.2,0.8773528867846973,0.044726294496102346
chr19-19515697-19516559,ZNF101,TFDP1,MHb.1.2,0.7989875929420253,0.04481195981498943
chr2-96064877-96065852,GPAT2,JUN,MHb.1.2,0.8234754292697531,0.045517351704278196
chr8-144337337-144338189,TMEM249,ZIC5,MHb.1.2,0.8360293276224556,0.04768857908843981
chr10-80464571-80465606,ANXA11,YY1,MHb.1.2,0.8376085134348769,0.04780107129946642
chr19-52335840-52336875,ZNF578,E2F6,MHb.1.2,0.8663715229137524,0.04799643683141474
chr12-108730273-108732420,CORO1C,ZNF148,MHb.1.2,0.8157894736842105,0.0485433767335463
chr3-10949016-10949594,SLC6A11,MEF2C,MHb.2,0.6835522538011204,0.022102435247990784
chr1-52032446-52034023,ORC1,IRF7,MHb.2,0.8259927734513354,0.04096799673200478
chr10-103192194-103193996,PDCD11,SP3,Microglia,0.9125059997466726,0.0018999047755657095
chr11-65180562-65183002,FRMD8,NR4A2,Microglia,0.8930117423016208,0.04688644074327676
chr3-185362860-185363868,TMEM41A,MEF2C,OPC,0.9018058270034554,0.01066894331797931
chr11-96343000-96343719,CCDC82,ZNF148,OPC,0.8763882324118647,0.011110335921942733
chr11-110295703-110297114,ZC3H12C,NRF1,OPC,0.8940861278061855,0.01656988211059046
chr1-23958920-23960517,SRSF10,NRF1,OPC,0.8803309566091673,0.018604771931039675
chr16-11742102-11743396,ZC3H7A,ZNF148,OPC,0.8711648883813484,0.028399498994859
chr4-212293-213988,ZNF595,SP3,OPC,0.8811188811188813,0.02882296290562462
chr16-2267624-2269051,NME3,MXI1,OPC,0.8549450549450549,0.03794068582257572
chr19-10105904-10106927,DNMT1,SOX4,OPC,0.9066082746806282,0.04026174658512734
chr4-114658193-114658527,UGT8,ZNF136,Oligo,0.8529411764705883,0
chr5-39073267-39075201,LIFR,STAT1,Oligo,0.8529411764705881,0
chr15-40404889-40406315,BMF,ZBTB7B,Oligo,0.8908874294001672,0.004039775230961944
chr12-10354320-10354729,KLRC3,JDP2,Oligo,0.8994524557213395,0.012417550142988008
chr19-18708569-18710425,KLHL26,NFIB,Oligo,0.8470588235294116,0.01661771686003148
chr14-21024569-21026151,NDRG2,ZNF263,Oligo,0.8736263736263736,0.030705490713742005
