"p_val","avg_log2FC","pct.1","pct.2","p_val_adj","cluster","gene","cell_type"
0,2.53308690632507,0.757,0.231,0,1,"CDH4","DD_LHb"
0,2.55126146573455,0.749,0.245,0,1,"AC007614.1","DD_LHb"
0,2.50118343908848,0.613,0.142,0,1,"RFTN1","DD_LHb"
0,2.49791046578698,0.546,0.146,0,1,"LINC01876","DD_LHb"
0,-4.53190952673656,0.147,0.692,0,2,"RBFOX1","DD_Excit.Thal"
0,-3.8703892745949,0.126,0.531,0,2,"NTNG1","DD_Excit.Thal"
0,2.75713098205474,0.876,0.282,0,2,"THSD7B","DD_MHb"
0,1.81352294737845,0.92,0.342,0,2,"AC109466.1","DD_MHb"
0,1.82288902890898,0.833,0.29,0,2,"AC008415.1","DD_MHb"
0,3.21580244617683,0.675,0.154,0,2,"AL137139.2","DD_MHb"
0,3.19136453586362,0.592,0.159,0,2,"GPR39","DD_MHb"
0,2.35522973671775,0.602,0.202,0,3,"CBLN2","DD_LHb"
0,1.88697492198738,0.502,0.156,0,3,"RFTN1","DD_LHb"
0,1.57774661765711,0.654,0.321,0,3,"HTR2C","DD_LHb"
0,1.98586918375205,0.442,0.134,0,3,"HTR4","DD_LHb"
0,1.81981400126876,0.411,0.157,0,3,"LGI2","DD_LHb"
0,2.40482922860152,0.297,0.06,0,3,"BVES","DD_LHb"
3.80441338906551e-297,1.27982356400251,0.554,0.264,1.39245334453187e-292,3,"AC007614.1","DD_LHb"
1.27105457570398e-294,1.59660005104057,0.735,0.466,4.65218685253414e-290,3,"COL25A1","DD_LHb"
0,1.57774661765711,0.654,0.321,0,3,"HTR2C","LB_LHB neuron specific"
0,2.50219251434023,0.218,0.045,0,3,"MMRN1","LB_LHB neuron specific"
0,4.23505407771752,0.951,0.093,0,4,"ST18","DD_Oligo"
0,4.40733922026986,0.886,0.082,0,4,"MOBP","DD_Oligo"
0,4.17612260750796,0.815,0.081,0,4,"AC012494.1","DD_Oligo"
0,4.25054280219692,0.802,0.079,0,4,"ANLN","DD_Oligo"
0,4.67095362619652,0.772,0.073,0,4,"PPP1R14A","DD_Oligo"
0,4.41645158590025,0.767,0.073,0,4,"CLDN11","DD_Oligo"
0,3.8458774957467,0.855,0.17,0,4,"ENPP2","DD_Oligo"
0,-3.70032441074195,0.177,0.901,0,4,"SYT1","LB_neuron"
0,-3.30971023597125,0.12,0.831,0,4,"SNAP25","LB_neuron"
0,4.40733922026986,0.886,0.082,0,4,"MOBP","LB_oligodendrocyte"
0,3.52785078497984,0.922,0.08,0,5,"MRVI1","DD_Astrocyte"
0,3.40416090163845,0.973,0.136,0,5,"MYO1B","DD_Endo"
0,3.34252188562679,0.958,0.157,0,5,"TRPC3","DD_Endo"
0,2.73370358304925,0.805,0.071,0,5,"UACA","DD_Endo"
0,2.51604447725045,0.93,0.188,0,5,"GABRA4","DD_Excit.Thal"
0,2.83077841818262,0.9,0.158,0,5,"AP000943.2","DD_Excit.Thal"
0,2.69580037843679,0.896,0.182,0,6,"GNG8","DD_MHb"
0,2.36797282688186,0.897,0.301,0,6,"AC008415.1","DD_MHb"
0,2.47402973057764,0.929,0.355,0,6,"AC109466.1","DD_MHb"
0,2.93367411756437,0.702,0.19,0,6,"CHRNA3","DD_MHb"
0,2.50803743445637,0.755,0.245,0,6,"GSDME","DD_MHb"
0,2.78899318621754,0.616,0.118,0,6,"SLC5A7","DD_MHb"
0,2.15381854043548,0.666,0.18,0,6,"CHRNB3","DD_MHb"
0,3.29398651621314,0.546,0.076,0,6,"NEUROD1","DD_MHb"
0,1.92135996374075,0.734,0.28,0,6,"PDE2A","DD_MHb"
0,3.11675200748097,0.533,0.085,0,6,"LINC02143","DD_MHb"
0,2.95863034365688,0.703,0.265,0,6,"GPR149","DD_MHb"
0,1.89110374982016,0.727,0.294,0,6,"RASGRP1","DD_MHb"
0,1.09959505275184,0.729,0.303,0,6,"THSD7B","DD_MHb"
0,0.935172572076735,0.691,0.25,0,6,"SOX6","DD_OPC"
0,2.52137896749359,0.826,0.185,0,6,"GPR151","LB_Hb neuron specific"
0,2.16905667857547,0.621,0.175,0,6,"POU4F1","LB_Hb neuron specific"
0,1.3716303737983,0.54,0.169,0,7,"RAB3B","DD_Excit.Thal"
0,1.02171974475704,0.921,0.55,0,7,"IQCJ-SCHIP1","DD_Excit.Thal"
0,1.19296522907789,0.591,0.231,0,7,"ARHGEF28","DD_Excit.Thal"
1.60402272632472e-304,1.17581253978979,0.811,0.452,5.87088358062112e-300,7,"MIR137HG","DD_Excit.Thal"
6.83796762379987e-296,1.06114255668478,0.541,0.201,2.50276452998699e-291,7,"AC107398.3","DD_Excit.Thal"
2.95635341836494e-275,0.904193240131163,0.757,0.362,1.08205491465575e-270,7,"SCN7A","DD_Excit.Thal"
8.99211358381765e-266,1.09011146284911,0.507,0.194,3.2912034928131e-261,7,"LINC00937","DD_Excit.Thal"
0,1.14593498548887,0.45,0.141,0,7,"PDGFC","DD_OPC"
0,-3.76047498840416,0.251,0.674,0,8,"RBFOX1","DD_Excit.Thal"
0,1.91654701835215,0.738,0.19,0,8,"GNG8","DD_MHb"
0,1.81086519250519,0.686,0.18,0,8,"CHRNB3","DD_MHb"
0,1.19553809022776,0.693,0.282,0,8,"PDE2A","DD_MHb"
0,2.44912319109995,0.78,0.188,0,8,"GPR151","LB_Hb neuron specific"
0,1.87350189451032,0.716,0.172,0,8,"POU4F1","LB_Hb neuron specific"
0,4.15600714588701,0.939,0.11,0,9,"KIT","DD_Inhib.Thal"
0,3.22139842914829,0.942,0.129,0,9,"OTX2-AS1","DD_Inhib.Thal"
0,2.86914364724441,0.921,0.15,0,9,"MEIS2","DD_Inhib.Thal"
0,3.75782376408951,0.903,0.134,0,9,"GAD1","DD_Inhib.Thal"
0,3.55360946503329,0.959,0.254,0,9,"SYNPR","DD_Inhib.Thal"
0,2.95394870617635,0.826,0.129,0,9,"GAD2","DD_Inhib.Thal"
0,2.06947513267673,0.914,0.318,0,9,"NELL1","DD_Inhib.Thal"
0,2.64769786803602,0.939,0.353,0,9,"SPHKAP","DD_Inhib.Thal"
0,2.27425726747129,0.894,0.353,0,9,"UNC13C","DD_Inhib.Thal"
0,3.22331640806914,0.7,0.167,0,9,"HPCA","DD_Inhib.Thal"
0,2.92997503879595,0.667,0.161,0,9,"GREM2","DD_Inhib.Thal"
0,3.22396918209454,0.594,0.099,0,9,"OTX2","DD_Inhib.Thal"
0,-4.82152983382166,0.053,0.563,0,9,"EPHA5","DD_LHb"
0,-2.85510359061889,0.088,0.568,0,9,"SLC17A6","LB_excitatory_neuron"
0,3.75782376408951,0.903,0.134,0,9,"GAD1","LB_inhibitory_neuron"
0,2.95394870617635,0.826,0.129,0,9,"GAD2","LB_inhibitory_neuron"
0,2.86914364724441,0.921,0.15,0,9,"MEIS2","LB_Thalamus/MDm"
0,-3.4620808919032,0.233,0.673,0,10,"RBFOX1","DD_Excit.Thal"
0,3.69623995491973,0.837,0.188,0,10,"GNG8","DD_MHb"
0,2.02998152339487,0.865,0.306,0,10,"AC008415.1","DD_MHb"
0,1.97436266908943,0.899,0.36,0,10,"AC109466.1","DD_MHb"
0,2.65323098707627,0.711,0.25,0,10,"GSDME","DD_MHb"
0,2.52498561745941,0.738,0.282,0,10,"PDE2A","DD_MHb"
0,3.34394648097286,0.564,0.121,0,10,"ROBO3","DD_MHb"
0,3.46399519563209,0.495,0.081,0,10,"NEUROD1","DD_MHb"
0,2.56764192449896,0.584,0.197,0,10,"CHRNA3","DD_MHb"
0,2.25538427258384,0.648,0.269,0,10,"GPR149","DD_MHb"
0,2.54301492953624,0.779,0.19,0,10,"GPR151","LB_Hb neuron specific"
0,2.14683455949246,0.572,0.179,0,10,"POU4F1","LB_Hb neuron specific"
0,-5.07559565884631,0.113,0.677,0,11,"RBFOX1","DD_Excit.Thal"
0,2.06584277669785,0.874,0.187,0,11,"GNG8","DD_MHb"
0,1.78286550236149,0.943,0.359,0,11,"AC109466.1","DD_MHb"
0,1.767110726625,0.884,0.305,0,11,"AC008415.1","DD_MHb"
0,2.00138269836051,0.8,0.303,0,11,"THSD7B","DD_MHb"
0,1.96585043295739,0.563,0.187,0,11,"CHRNB3","DD_MHb"
0,2.38572256524607,0.486,0.136,0,11,"AC004594.1","DD_MHb"
0,2.51866235118979,0.742,0.192,0,11,"GPR151","LB_Hb neuron specific"
0,3.78209865583379,0.709,0.052,0,12,"ITIH5","DD_Endo"
0,3.22510599545319,0.887,0.113,0,12,"SULF1","DD_Excit.Thal"
0,2.35567006816377,0.91,0.252,0,12,"CDH9","DD_Excit.Thal"
0,2.5312573992044,0.723,0.102,0,12,"AC007368.1","DD_Excit.Thal"
0,2.07474379665785,0.837,0.218,0,12,"KCNK2","DD_Excit.Thal"
0,2.00615454152975,0.813,0.183,0,12,"LYPD6","DD_Inhib.Thal"
0,3.1285552620041,0.975,0.345,0,12,"TLL1","DD_LHb"
0,1.7149572484357,0.829,0.204,0,12,"CBLN2","DD_LHb"
0,2.3106952067214,0.768,0.16,0,12,"DCHS2","DD_LHb"
0,1.54380457011862,0.828,0.183,0,12,"ENPP2","DD_Oligo"
0,3.02491189143894,0.946,0.202,0,12,"TMEM132C","DD_OPC"
0,1.19749262996763,0.876,0.363,0,14,"SCN7A","DD_Excit.Thal"
0,1.34242785360582,0.68,0.2,0,14,"AC107398.3","DD_Excit.Thal"
0,1.25367082289451,0.783,0.305,0,14,"GABRG3","DD_Excit.Thal"
0,1.52889478839707,0.529,0.153,0,14,"GLRA2","DD_Excit.Thal"
0,1.28545388464278,0.778,0.245,0,14,"TMEM196","DD_LHb"
0,1.04204397296684,0.888,0.396,0,14,"SLC7A14","DD_LHb"
0,1.53779268927407,0.454,0.096,0,14,"ADRA1A","DD_OPC"
0,4.54264740146876,0.205,0.026,0,16,"IFITM3","DD_Endo"
0,7.31950917385346,0.481,0.062,0,16,"TTR","LB_Endo/CP"
6.70349474897375e-187,4.81353957227463,0.08,0.007,2.45354611307188e-182,16,"FOLR1","LB_Endo/CP"
0,1.68772438487418,0.849,0.487,0,17,"HECW1","DD_Excit.Thal"
0,2.22345420107718,0.473,0.129,0,17,"SULF1","DD_Excit.Thal"
1.65581584316391e-289,1.6859682630695,0.882,0.532,6.06045156756423e-285,17,"LHFPL3","DD_OPC"
0,-3.79468331585958,0.102,0.812,0,19,"SNAP25","LB_neuron"
0,-3.97375335547687,0.187,0.881,0,19,"SYT1","LB_neuron"
0,1.91992807088814,0.832,0.34,0,20,"CHRM3","DD_Excit.Thal"
0,2.08922802069087,0.681,0.19,0,20,"C8orf34","DD_Excit.Thal"
0,2.83088113639405,0.571,0.111,0,20,"AC007368.1","DD_Excit.Thal"
0,1.49740363756138,0.936,0.495,0,20,"NTNG1","DD_Excit.Thal"
0,1.98157460470753,0.638,0.208,0,20,"GABRA4","DD_Excit.Thal"
0,1.51536905321565,0.885,0.457,0,20,"MIR137HG","DD_Excit.Thal"
0,2.56794679535381,0.548,0.129,0,20,"SULF1","DD_Excit.Thal"
0,2.39836888647504,0.508,0.132,0,20,"MLIP","DD_Excit.Thal"
9.24990910921837e-284,1.6343568609398,0.781,0.363,3.38555923306502e-279,20,"TMEM132B","DD_Excit.Thal"
0,1.71860039006208,0.785,0.313,0,20,"NECAB1","LB_Thalamus broad"
1.76060074957139e-275,3.1430521382985,0.222,0.033,6.44397480350626e-271,20,"GBX2","LB_Thalamus/MDm/Endo"
0,5.0790876756246,0.894,0.135,0,21,"LINC01088","DD_Astrocyte"
0,5.30709490374648,0.714,0.066,0,21,"WDR49","DD_Astrocyte"
0,5.26671351356184,0.663,0.043,0,21,"GJA1","DD_Astrocyte"
0,5.24571778217272,0.67,0.053,0,21,"AQP4","DD_Astrocyte"
0,4.65910850326191,0.64,0.08,0,21,"GFAP","DD_Astrocyte"
0,3.96121179370226,0.772,0.214,0,21,"GLIS3","DD_Astrocyte"
0,5.1174667601771,0.52,0.035,0,21,"AC012405.1","DD_Astrocyte"
0,4.48712373472103,0.557,0.073,0,21,"RFX4","DD_Astrocyte"
0,4.5975320540635,0.536,0.059,0,21,"EFEMP1","DD_Astrocyte"
0,2.53936111855248,0.788,0.257,0,21,"SOX6","DD_OPC"
0,-2.72067894743899,0.295,0.878,0,21,"SYT1","LB_neuron"
0,-2.51897379708967,0.236,0.808,0,21,"SNAP25","LB_neuron"
0,5.24571778217272,0.67,0.053,0,21,"AQP4","LB_astrocyte"
0,4.65910850326191,0.64,0.08,0,21,"GFAP","LB_astrocyte"
0,3.65700415980094,0.965,0.142,0,22,"OTX2-AS1","DD_Inhib.Thal"
0,3.34077831093204,0.966,0.162,0,22,"MEIS2","DD_Inhib.Thal"
0,2.43018318865602,0.912,0.124,0,22,"KIT","DD_Inhib.Thal"
0,2.80212851852675,0.923,0.138,0,22,"GAD2","DD_Inhib.Thal"
0,2.33722354480263,0.912,0.146,0,22,"GAD1","DD_Inhib.Thal"
0,4.09887362300059,0.803,0.08,0,22,"MYO3B","DD_Inhib.Thal"
0,3.84835494704332,0.773,0.055,0,22,"LINC02253","DD_Inhib.Thal"
0,2.70385651035687,0.876,0.165,0,22,"GREM2","DD_Inhib.Thal"
0,2.35223239301242,0.972,0.265,0,22,"SYNPR","DD_Inhib.Thal"
0,2.54255290182743,0.796,0.122,0,22,"SMAD9","DD_Inhib.Thal"
0,3.05729854446652,0.724,0.051,0,22,"LINC01210","DD_Inhib.Thal"
0,2.30543191694109,0.833,0.19,0,22,"LYPD6","DD_Inhib.Thal"
0,2.53387771261512,0.872,0.235,0,22,"ADAMTS19","DD_Inhib.Thal"
0,2.84283339486196,0.963,0.327,0,22,"NELL1","DD_Inhib.Thal"
0,2.68666986444462,0.767,0.154,0,22,"PPARG","DD_Inhib.Thal"
0,2.55385520815372,0.7,0.089,0,22,"TSPAN18","DD_Inhib.Thal"
0,3.07091346088449,0.97,0.361,0,22,"UNC13C","DD_Inhib.Thal"
0,2.56092734075573,0.97,0.362,0,22,"SPHKAP","DD_Inhib.Thal"
0,2.80212851852675,0.923,0.138,0,22,"GAD2","LB_inhibitory_neuron"
0,2.33722354480263,0.912,0.146,0,22,"GAD1","LB_inhibitory_neuron"
0,3.34077831093204,0.966,0.162,0,22,"MEIS2","LB_Thalamus/MDm"
0,3.69269959591399,0.948,0.121,0,23,"ST18","DD_Oligo"
0,3.95167500208253,0.863,0.108,0,23,"MOBP","DD_Oligo"
0,-4.02333648430029,0.129,0.879,0,23,"SYT1","LB_neuron"
0,3.95167500208253,0.863,0.108,0,23,"MOBP","LB_oligodendrocyte"
0,7.20408180969789,0.884,0.05,0,26,"VCAN","DD_OPC"
0,8.7328965056526,0.729,0.014,0,26,"BX284613.2","DD_OPC"
0,4.40919244516848,0.928,0.261,0,26,"SOX6","DD_OPC"
0,8.34243690707633,0.564,0.008,0,26,"PDGFRA","DD_OPC"
0,4.89928179348707,0.961,0.413,0,26,"PTPRZ1","DD_OPC"
0,4.66105772411284,0.595,0.071,0,26,"OLIG1","DD_OPC"
0,7.87657082419752,0.533,0.014,0,26,"AC004852.2","DD_OPC"
0,5.10655968060829,0.592,0.135,0,26,"MEGF11","DD_OPC"
0,3.57148029505587,0.941,0.537,0,26,"LHFPL3","DD_OPC"
0,6.33006943501759,0.407,0.036,0,26,"ADAMTS17","DD_OPC"
0,5.53609056575142,0.407,0.047,0,26,"CALCRL","DD_OPC"
0,5.70987756530786,0.382,0.044,0,26,"BCAN","DD_OPC"
0,6.1011738090188,0.358,0.031,0,26,"COL9A1","DD_OPC"
8.35307938688252e-308,4.20774525887421,0.9,0.523,3.05731058639287e-303,26,"TNR","DD_OPC"
3.82956149588286e-306,6.08778926293676,0.288,0.029,1.40165780310808e-301,26,"FERMT1","DD_OPC"
2.88299069420216e-297,3.98373864004803,0.9,0.543,1.05520342398493e-292,26,"MMP16","DD_OPC"
7.84097442330979e-239,4.6743329773095,0.31,0.042,2.86987504867562e-234,26,"PLEKHH2","DD_OPC"
7.18634728280359e-267,-4.07741525300646,0.134,0.874,2.63027496897894e-262,26,"SYT1","LB_neuron"
0,7.20408180969789,0.884,0.05,0,26,"VCAN","LB_oligodendrocyte_precursor"
0,8.34243690707633,0.564,0.008,0,26,"PDGFRA","LB_oligodendrocyte_precursor"
0,7.35937699664189,0.68,0.059,0,27,"ADAM28","DD_Microglia"
0,7.37656950209498,0.624,0.042,0,27,"CD74","DD_Microglia"
0,7.91747546276594,0.449,0.016,0,27,"HLA-DRA","DD_Microglia"
0,8.44080097237108,0.424,0.01,0,27,"LNCAROD","DD_Microglia"
0,8.67749236705659,0.385,0.006,0,27,"OLR1","DD_Microglia"
0,8.0160011790137,0.365,0.008,0,27,"CSF1R","DD_Microglia"
0,7.34222010700631,0.343,0.022,0,27,"HLA-DRB1","DD_Microglia"
0,7.63632302228146,0.308,0.015,0,27,"BLNK","DD_Microglia"
0,8.41989532970522,0.286,0.004,0,27,"ITGAX","DD_Microglia"
0,7.85707656326458,0.272,0.008,0,27,"TMEM156","DD_Microglia"
0,7.45090502076576,0.267,0.012,0,27,"SYK","DD_Microglia"
0,6.68387335319286,0.261,0.018,0,27,"PLA2G4A","DD_Microglia"
0,7.88761040496606,0.25,0.008,0,27,"WDFY4","DD_Microglia"
0,7.39810573615434,0.249,0.015,0,27,"CYBB","DD_Microglia"
0,7.35869739671414,0.238,0.011,0,27,"MSR1","DD_Microglia"
0,7.85985047414866,0.435,0.012,0,27,"C3","LB_microglia"
0,8.0160011790137,0.365,0.008,0,27,"CSF1R","LB_microglia"
0,4.18341677605849,0.952,0.103,0,31,"PPP1R14A","DD_Oligo"
0,3.54253107504653,0.959,0.117,0,31,"MOBP","DD_Oligo"
0,4.12022514224781,0.944,0.111,0,31,"ANLN","DD_Oligo"
0,3.20159424040234,0.963,0.131,0,31,"ST18","DD_Oligo"
0,4.18048696271139,0.874,0.078,0,31,"ERMN","DD_Oligo"
0,3.69899436376328,0.877,0.103,0,31,"CLDN11","DD_Oligo"
0,4.56928246877292,0.818,0.062,0,31,"HAPLN2","DD_Oligo"
0,3.91230205408406,0.881,0.136,0,31,"FAM107B","DD_Oligo"
0,3.52031897643668,0.81,0.075,0,31,"MAG","DD_Oligo"
0,3.37202153690077,0.736,0.075,0,31,"SLC5A11","DD_Oligo"
0,4.16117234599082,0.751,0.097,0,31,"LRP2","DD_Oligo"
0,3.68034421232528,0.714,0.062,0,31,"NKX6-2","DD_Oligo"
0,3.22872198793425,0.654,0.068,0,31,"MOG","DD_Oligo"
0,3.4806953329825,0.621,0.062,0,31,"CARNS1","DD_Oligo"
2.47373732681573e-288,3.50910438835819,0.803,0.119,9.05412598987824e-284,31,"GPR37","DD_Oligo"
1.48419634532782e-277,3.2177518917678,0.669,0.081,5.43230704353436e-273,31,"AL033523.1","DD_Oligo"
9.94922075578539e-267,2.53602471750567,0.792,0.114,3.64151428882501e-262,31,"AC012494.1","DD_Oligo"
4.54968919768838e-258,3.22239462853393,0.621,0.074,1.66523174324592e-253,31,"OLIG1","DD_OPC"
0,3.54253107504653,0.959,0.117,0,31,"MOBP","LB_oligodendrocyte"
0,6.61272003094023,0.773,0.029,0,34,"IFITM3","DD_Endo"
0,7.2973323545005,0.747,0.032,0,34,"COBLL1","DD_Endo"
0,7.81584705919811,0.711,0.015,0,34,"EPAS1","DD_Endo"
0,7.70831699431094,0.732,0.052,0,34,"RGS5","DD_Endo"
0,6.96733458922014,0.577,0.029,0,34,"DCN","DD_Endo"
0,7.23297351065992,0.495,0.021,0,34,"NDUFA4L2","DD_Endo"
0,7.66755454356026,0.448,0.009,0,34,"MUSTN1","DD_Endo"
0,8.00180602545676,0.33,0.007,0,34,"NOTCH3","DD_Endo"
0,7.95109999223069,0.32,0.004,0,34,"COL1A2","DD_Endo"
0,7.04560732631475,0.299,0.006,0,34,"BGN","DD_Endo"
0,6.74352831685783,0.284,0.01,0,34,"PRELP","DD_Endo"
0,7.66272668179408,0.258,0.004,0,34,"GGT5","DD_Endo"
0,7.68913474727997,0.639,0.015,0,34,"CLDN5","LB_Endo/CP"
0,9.14847806505937,0.557,0.013,0,34,"FLT1","LB_Endo/CP"
2.15270615797642e-183,4.75062862235498,0.518,0.055,7.87911980880949e-179,35,"AC104170.1","DD_MHb"
1.76229300840399e-175,4.22705343170019,1,0.323,6.45016864005946e-171,35,"AC008415.1","DD_MHb"
2.37103240264149e-168,3.83685870808213,0.974,0.28,8.67821569690813e-164,35,"GPR149","DD_MHb"
4.2562277505078e-162,4.27459631815884,1,0.377,1.55782191896336e-157,35,"AC109466.1","DD_MHb"
2.6416332159845e-153,4.31350512217762,0.56,0.076,9.66864173382487e-149,35,"AC114321.1","DD_MHb"
1.68433738637446e-98,3.63312650128169,0.487,0.084,6.16484326786915e-94,35,"LINC00616","DD_MHb"
3.53413469839987e-95,3.34649494941738,0.529,0.101,1.29352864096134e-90,35,"LINC02143","DD_MHb"
2.48148955292932e-78,2.98521434224292,0.66,0.198,9.08249991267661e-74,35,"CHRNB3","DD_MHb"
6.96589412010975e-77,1.82845319334214,0.796,0.266,2.54958690690137e-72,35,"SOX6","DD_OPC"
2.47659730650127e-286,5.6242813994935,0.981,0.078,9.06459380152529e-282,36,"WDR49","DD_Astrocyte"
0,5.207056628249,0.587,0.022,0,36,"ABCC9","DD_Endo"
3.61716255732599e-78,2.71783463072449,0.979,0.114,1.32391766760688e-73,40,"MRVI1","DD_Astrocyte"
2.84366510986511e-94,3.24575238380735,0.792,0.063,1.04080986686173e-89,40,"PHLDB2","DD_Endo"
1.69430613402689e-72,3.16983963016589,0.604,0.047,6.20132988115183e-68,40,"GJC1","DD_Endo"
8.30313782107787e-76,0.467503578410478,0.708,0.058,3.03903147389271e-71,40,"LINC01608","DD_Oligo"
0,1.75589097702711,0.657,0.286,0,0,"GABRG3","DD_Excit.Thal"
0,0.693172733770322,0.942,0.629,0,0,"RBFOX1","DD_Excit.Thal"
0,-3.98436135008861,0.034,0.339,0,0,"RASGRP1","DD_MHb"
0,2.48324231449145,0.859,0.197,0,18,"CDH6","DD_Endo"
0,1.69457837027118,0.911,0.3,0,18,"RPH3A","DD_Excit.Thal"
0,1.86074365753205,0.951,0.348,0,18,"GALNT17","DD_Excit.Thal"
0,1.83005704140897,0.826,0.225,0,18,"CAMK2A","DD_Excit.Thal"
0,1.56992209320426,0.954,0.386,0,18,"PDE10A","DD_Excit.Thal"
0,0.734521507636023,0.881,0.329,0,18,"CPNE9","DD_MHb"
0,2.07445462993798,0.929,0.309,0,18,"NECAB1","LB_Thalamus broad"
0,3.03719244196312,0.964,0.128,0,24,"KIT","DD_Inhib.Thal"
0,2.9939679790806,0.98,0.147,0,24,"OTX2-AS1","DD_Inhib.Thal"
0,3.04696600305472,0.975,0.15,0,24,"GAD1","DD_Inhib.Thal"
0,2.66053735308644,0.974,0.167,0,24,"MEIS2","DD_Inhib.Thal"
0,2.67575342809693,0.928,0.143,0,24,"GAD2","DD_Inhib.Thal"
0,2.75059110045716,0.993,0.269,0,24,"SYNPR","DD_Inhib.Thal"
0,3.91828787696561,0.727,0.06,0,24,"LINC02253","DD_Inhib.Thal"
0,2.80316857126694,0.99,0.33,0,24,"NELL1","DD_Inhib.Thal"
0,2.56081906009632,0.989,0.365,0,24,"SPHKAP","DD_Inhib.Thal"
0,2.62942547033844,0.982,0.364,0,24,"UNC13C","DD_Inhib.Thal"
0,2.46807388572815,0.842,0.24,0,24,"ADAMTS19","DD_Inhib.Thal"
0,2.5745653281035,0.755,0.171,0,24,"GREM2","DD_Inhib.Thal"
0,2.69799702479916,0.672,0.109,0,24,"OTX2","DD_Inhib.Thal"
0,2.1947093114133,0.843,0.329,0,24,"PTCHD4","DD_Inhib.Thal"
0,3.31501393359726,0.539,0.058,0,24,"LINC01210","DD_Inhib.Thal"
0,2.44290212928724,0.631,0.159,0,24,"AC016717.2","DD_Inhib.Thal"
0,2.52309428120846,0.601,0.139,0,24,"HTR2A","DD_Inhib.Thal"
0,2.76157485913261,0.525,0.069,0,24,"SHISA8","DD_Inhib.Thal"
0,3.87640054127697,0.487,0.041,0,24,"CASR","DD_Inhib.Thal"
0,3.04696600305472,0.975,0.15,0,24,"GAD1","LB_inhibitory_neuron"
0,2.67575342809693,0.928,0.143,0,24,"GAD2","LB_inhibitory_neuron"
0,2.66053735308644,0.974,0.167,0,24,"MEIS2","LB_Thalamus/MDm"
0,3.0919074500747,0.865,0.15,0,25,"OTX2-AS1","DD_Inhib.Thal"
0,2.60228790530657,0.828,0.171,0,25,"MEIS2","DD_Inhib.Thal"
0,2.696456875055,0.91,0.272,0,25,"SYNPR","DD_Inhib.Thal"
0,2.95568160482974,0.766,0.132,0,25,"KIT","DD_Inhib.Thal"
0,2.81312676420171,0.738,0.155,0,25,"GAD1","DD_Inhib.Thal"
0,2.76291508530939,0.687,0.148,0,25,"GAD2","DD_Inhib.Thal"
2.06258802009135e-293,3.78107175423512,0.42,0.071,7.54927841233634e-289,25,"SHISA8","DD_Inhib.Thal"
2.69958491547651e-269,3.40690061974812,0.62,0.181,9.88075074913557e-265,25,"HPCA","DD_Inhib.Thal"
4.84251356308953e-221,3.1088138243317,0.47,0.113,1.7724083892264e-216,25,"OTX2","DD_Inhib.Thal"
1.62755069663793e-189,2.00944395096136,0.785,0.369,5.9569983047645e-185,25,"SPHKAP","DD_Inhib.Thal"
3.7405945303949e-189,3.32156096893865,0.338,0.066,1.36909500406984e-184,25,"GATA3","DD_Inhib.Thal"
5.37657706687266e-189,2.87999705216178,0.546,0.175,1.96788097224606e-184,25,"GREM2","DD_Inhib.Thal"
4.56948380757521e-175,3.19774079882512,0.305,0.058,1.6724767684106e-170,25,"CPLX3","DD_Inhib.Thal"
5.14739791755264e-171,3.95718468799302,0.222,0.033,1.88399911180344e-166,25,"DMBX1","DD_Inhib.Thal"
9.04158199737748e-164,3.33440492341605,0.399,0.105,3.30930942686013e-159,25,"KCNIP2","DD_Inhib.Thal"
5.08176141410359e-154,1.97397103559021,0.739,0.369,1.85997549517606e-149,25,"UNC13C","DD_Inhib.Thal"
4.69554905064873e-149,0.862829801161482,0.996,0.864,1.71861790802794e-144,25,"SYT1","LB_neuron"
0,2.81312676420171,0.738,0.155,0,25,"GAD1","LB_inhibitory_neuron"
0,2.76291508530939,0.687,0.148,0,25,"GAD2","LB_inhibitory_neuron"
0,2.60228790530657,0.828,0.171,0,25,"MEIS2","LB_Thalamus/MDm"
0,3.42311687064409,0.981,0.152,0,29,"OTX2-AS1","DD_Inhib.Thal"
0,2.96421693420246,0.953,0.133,0,29,"KIT","DD_Inhib.Thal"
0,3.08444136289352,0.978,0.172,0,29,"MEIS2","DD_Inhib.Thal"
0,2.50562643182185,0.927,0.156,0,29,"GAD1","DD_Inhib.Thal"
0,2.67759316537675,0.909,0.148,0,29,"GAD2","DD_Inhib.Thal"
0,2.68873193393757,0.976,0.274,0,29,"SYNPR","DD_Inhib.Thal"
0,2.73456330571056,0.825,0.174,0,29,"GREM2","DD_Inhib.Thal"
0,2.75401897740428,0.759,0.112,0,29,"OTX2","DD_Inhib.Thal"
0,3.50743934436164,0.713,0.09,0,29,"MYO3B","DD_Inhib.Thal"
0,3.36329567990292,0.664,0.065,0,29,"LINC02253","DD_Inhib.Thal"
0,2.99527396959224,0.586,0.056,0,29,"CPLX3","DD_Inhib.Thal"
0,3.20444168879893,0.603,0.083,0,29,"AP003049.2","DD_Inhib.Thal"
0,3.00798637477246,0.571,0.061,0,29,"LINC01210","DD_Inhib.Thal"
0,2.72490209090083,0.567,0.066,0,29,"GATA3","DD_Inhib.Thal"
0,3.14704939818463,0.392,0.032,0,29,"DMBX1","DD_Inhib.Thal"
9.71775044386487e-306,2.78965437529583,0.772,0.161,3.55679383995898e-301,29,"AC016717.2","DD_Inhib.Thal"
3.28641966018017e-304,2.70642324922219,0.978,0.37,1.20286245982254e-299,29,"SPHKAP","DD_Inhib.Thal"
4.10409204981469e-300,2.63433072692854,0.987,0.368,1.50213873115268e-295,29,"UNC13C","DD_Inhib.Thal"
1.01926038648995e-273,2.50909745730575,0.683,0.132,3.73059494059187e-269,29,"SMAD9","DD_Inhib.Thal"
2.71655457658171e-271,2.32157149044014,0.972,0.335,9.94286140574671e-267,29,"NELL1","DD_Inhib.Thal"
7.13200849800253e-265,2.45117815904257,0.603,0.106,2.61038643035391e-260,29,"SYNDIG1L","DD_Inhib.Thal"
4.09720833263824e-263,3.53237051289076,0.371,0.042,1.49961922182892e-258,29,"AC022523.1","DD_Inhib.Thal"
5.47661398832883e-262,2.10954609646107,0.506,0.072,2.00449548586823e-257,29,"SHISA8","DD_Inhib.Thal"
2.1333190362114e-261,2.58534803737535,0.584,0.098,7.80816100443734e-257,29,"TSPAN18","DD_Inhib.Thal"
0,2.50562643182185,0.927,0.156,0,29,"GAD1","LB_inhibitory_neuron"
0,2.67759316537675,0.909,0.148,0,29,"GAD2","LB_inhibitory_neuron"
0,3.08444136289352,0.978,0.172,0,29,"MEIS2","LB_Thalamus/MDm"
5.32668718025435e-259,3.01386150565399,0.853,0.156,1.94962077484489e-254,30,"OTX2-AS1","DD_Inhib.Thal"
1.53500149325527e-242,3.01222871355099,0.784,0.137,5.6182589654636e-238,30,"KIT","DD_Inhib.Thal"
2.53297754236811e-200,3.00355954429437,0.76,0.159,9.2709511028215e-196,30,"GAD1","DD_Inhib.Thal"
1.06053982191735e-197,2.96190501583771,0.918,0.277,3.88168180219969e-193,30,"SYNPR","DD_Inhib.Thal"
4.51501680208051e-184,2.80706868169049,0.729,0.151,1.65254129972949e-179,30,"GAD2","DD_Inhib.Thal"
6.35598245442202e-166,2.43212301536752,0.771,0.176,2.326353138143e-161,30,"MEIS2","DD_Inhib.Thal"
1.64233593483941e-134,3.87962903983991,0.39,0.059,6.01111375510573e-130,30,"CPLX3","DD_Inhib.Thal"
2.23407940785044e-114,2.1295587938802,0.853,0.337,8.17695404067339e-110,30,"NELL1","DD_Inhib.Thal"
2.01259906943369e-113,2.50092309277676,0.836,0.372,7.36631385403426e-109,30,"SPHKAP","DD_Inhib.Thal"
4.19341827170731e-90,3.4961823058539,0.37,0.074,1.53483302162759e-85,30,"SHISA8","DD_Inhib.Thal"
4.62486287312351e-84,3.11836776923919,0.449,0.116,1.69274606019194e-79,30,"OTX2","DD_Inhib.Thal"
3.93979825568803e-76,2.0501670146563,0.757,0.371,1.44200555956438e-71,30,"UNC13C","DD_Inhib.Thal"
1.95437771328629e-72,3.34959061074359,0.404,0.107,7.15321786839916e-68,30,"KCNIP2","DD_Inhib.Thal"
1.34170134442062e-70,3.59486843930006,0.401,0.108,4.9107610907139e-66,30,"SYNDIG1L","DD_Inhib.Thal"
2.52461610359169e-115,1.3482825783471,0.997,0.865,9.24034740075595e-111,30,"SYT1","LB_neuron"
2.53297754236811e-200,3.00355954429437,0.76,0.159,9.2709511028215e-196,30,"GAD1","LB_inhibitory_neuron"
4.51501680208051e-184,2.80706868169049,0.729,0.151,1.65254129972949e-179,30,"GAD2","LB_inhibitory_neuron"
6.35598245442202e-166,2.43212301536752,0.771,0.176,2.326353138143e-161,30,"MEIS2","LB_Thalamus/MDm"
9.5412771229514e-259,1.39033309870268,0.679,0.308,3.49220283977144e-254,13,"GABRG3","DD_Excit.Thal"
0,2.0323639263974,0.448,0.126,0,13,"CACNA1I","DD_LHb"
1.26358487044129e-246,1.5295337321078,0.555,0.22,4.62484698430217e-242,13,"POU2F2","LB_Hb neuron specific"
1.06451480457113e-91,1.39105298623508,0.409,0.219,3.89623063621079e-87,15,"CBLN2","DD_LHb"
1.14960390864296e-91,-3.6671269775363,0.158,0.385,4.20766526602409e-87,15,"AC109466.1","DD_MHb"
1.00671765618886e-84,-5.57857070579521,0.017,0.217,3.68468729341684e-80,15,"GNG8","DD_MHb"
1.81936037405764e-86,-1.94372730600442,0.18,0.426,6.65904090508837e-82,15,"PTPRZ1","DD_OPC"
7.64303006189014e-98,0.558018345367488,0.89,0.793,2.79742543295241e-93,15,"SNAP25","LB_neuron"
4.06224972528145e-140,5.00975200151797,0.811,0.092,1.48682402195026e-135,37,"HPSE2","DD_Astrocyte"
6.54222432122643e-121,5.95844918188855,0.344,0.018,2.39451952381209e-116,37,"FGFR3","DD_Astrocyte"
1.45119664686427e-112,5.75759968451479,0.322,0.017,5.31152484718791e-108,37,"ALDH1A1","DD_Astrocyte"
1.68985052634396e-82,4.34325381155766,0.456,0.044,6.18502191147153e-78,37,"AC012405.1","DD_Astrocyte"
8.63769719078037e-67,4.54987438339367,0.322,0.027,3.16148354879752e-62,37,"SLC14A1","DD_Astrocyte"
1.49592530563607e-65,4.11741097419896,0.456,0.055,5.47523621115859e-61,37,"GJA1","DD_Astrocyte"
7.25595183551452e-62,3.8604392506741,0.711,0.15,2.65575093131667e-57,37,"LINC01088","DD_Astrocyte"
1.4772494817451e-48,3.90065656817614,0.433,0.066,5.40688082813523e-44,37,"AQP4","DD_Astrocyte"
4.30340246416618e-46,4.1392181929181,0.478,0.085,1.57508833590946e-41,37,"TNC","DD_Astrocyte"
2.09657729088603e-45,5.18675232177116,0.244,0.023,7.67368254237196e-41,37,"ACSS1","DD_Astrocyte"
9.5850993932794e-42,4.8328556738541,0.244,0.025,3.50824222893419e-37,37,"ETNPPL","DD_Astrocyte"
3.02615398254244e-40,3.67849718674033,0.456,0.085,1.10760261915036e-35,37,"BMPR1B","DD_Astrocyte"
6.41833614717105e-40,4.02206502349082,0.467,0.091,2.34917521322608e-35,37,"GFAP","DD_Astrocyte"
5.32133971769853e-39,4.63487172915284,0.211,0.02,1.94766355007484e-34,37,"SLC25A18","DD_Astrocyte"
1.76955640319084e-38,4.64911018819275,0.378,0.063,6.47675339131879e-34,37,"LINC00299","DD_Astrocyte"
2.06853644322573e-38,4.41596198748761,0.433,0.083,7.57105023585049e-34,37,"RFX4","DD_Astrocyte"
6.21524112832255e-38,4.75076143549659,0.244,0.027,2.27484040537734e-33,37,"HIF3A","DD_Astrocyte"
1.79860222914296e-36,4.39530973644199,0.233,0.026,6.58306401888614e-32,37,"LINC01748","DD_Astrocyte"
8.80887691842103e-34,4.56254066694753,0.344,0.058,3.22413704091128e-29,37,"AC114971.1","DD_Astrocyte"
9.77018310579065e-33,4.10957336593042,0.256,0.033,3.57598471855043e-28,37,"GLI3","DD_Astrocyte"
1.15351900790406e-32,3.87869969349721,0.4,0.08,4.22199492082964e-28,37,"WDR49","DD_Astrocyte"
1.32831706341752e-32,4.38814920361294,0.367,0.068,4.86177328381447e-28,37,"EFEMP1","DD_Astrocyte"
1.4772494817451e-48,3.90065656817614,0.433,0.066,5.40688082813523e-44,37,"AQP4","LB_astrocyte"
6.41833614717105e-40,4.02206502349082,0.467,0.091,2.34917521322608e-35,37,"GFAP","LB_astrocyte"
0,3.06605087378762,0.966,0.137,0,32,"KIT","DD_Inhib.Thal"
0,3.26299764784665,0.911,0.114,0,32,"OTX2","DD_Inhib.Thal"
0,2.93510142785095,0.759,0.067,0,32,"GATA3","DD_Inhib.Thal"
0,2.88560993534972,0.667,0.058,0,32,"CPLX3","DD_Inhib.Thal"
5.92474154536058e-301,3.06445541291907,0.481,0.033,2.16851465301743e-296,32,"DMBX1","DD_Inhib.Thal"
6.19604100320527e-299,2.58957970425368,0.671,0.063,2.26781296758316e-294,32,"LINC01210","DD_Inhib.Thal"
1.76339737982303e-282,2.85022122206208,0.97,0.151,6.45421074989026e-278,32,"GAD2","DD_Inhib.Thal"
4.93495849930979e-275,3.06351967030953,0.662,0.068,1.80624416033237e-270,32,"LINC02253","DD_Inhib.Thal"
1.88396292246217e-270,2.95538055188605,0.958,0.156,6.89549269250379e-266,32,"OTX2-AS1","DD_Inhib.Thal"
2.01181876193907e-253,2.64768574288904,0.954,0.159,7.36345785057317e-249,32,"GAD1","DD_Inhib.Thal"
1.47987336586819e-241,2.76284717258194,0.962,0.175,5.41648450641415e-237,32,"MEIS2","DD_Inhib.Thal"
2.69733374344349e-226,3.02099863154698,0.92,0.177,9.87251123437751e-222,32,"GREM2","DD_Inhib.Thal"
7.81080168708609e-226,2.35339101493977,0.637,0.073,2.85883152549038e-221,32,"SHISA8","DD_Inhib.Thal"
5.43525786196045e-217,2.95701193805514,0.586,0.067,1.98935873005614e-212,32,"AL359546.1","DD_Inhib.Thal"
2.48323763650756e-209,2.70905166435579,0.878,0.163,9.08889807338131e-205,32,"AC016717.2","DD_Inhib.Thal"
1.99354683180288e-202,2.49491327414897,0.705,0.1,7.29658075908171e-198,32,"TSPAN18","DD_Inhib.Thal"
1.57319785076564e-199,2.4445412938429,0.835,0.143,5.75806145358731e-195,32,"HTR2A","DD_Inhib.Thal"
2.63880146821972e-181,2.68012503974208,0.983,0.277,9.65827725383098e-177,32,"SYNPR","DD_Inhib.Thal"
2.26484365403041e-166,2.62051376829697,0.435,0.046,8.28955425811671e-162,32,"CASR","DD_Inhib.Thal"
7.52184621531179e-161,2.36282658830101,0.785,0.157,2.75307093326627e-156,32,"PPP1R14C","DD_Inhib.Thal"
4.40227068171395e-160,2.56295070355482,0.409,0.043,1.61127509221412e-155,32,"HRH1","DD_Inhib.Thal"
4.55413107338957e-155,2.18012851276309,0.84,0.184,1.66685751417132e-150,32,"HPCA","DD_Inhib.Thal"
2.67355377920765e-154,1.97884861834894,0.654,0.107,9.78547418727792e-150,32,"KCNIP2","DD_Inhib.Thal"
2.23867126132314e-151,2.15505063539351,0.722,0.134,8.19376068356883e-147,32,"SMAD9","DD_Inhib.Thal"
1.81724742092331e-150,2.15120815363797,0.641,0.108,6.6513072853214e-146,32,"SYNDIG1L","DD_Inhib.Thal"
1.76339737982303e-282,2.85022122206208,0.97,0.151,6.45421074989026e-278,32,"GAD2","LB_inhibitory_neuron"
2.01181876193907e-253,2.64768574288904,0.954,0.159,7.36345785057317e-249,32,"GAD1","LB_inhibitory_neuron"
1.47987336586819e-241,2.76284717258194,0.962,0.175,5.41648450641415e-237,32,"MEIS2","LB_Thalamus/MDm"
7.88319817780916e-256,3.10559255372168,0.945,0.137,2.88532936505993e-251,33,"KIT","DD_Inhib.Thal"
2.15688330779323e-234,3.21933769058754,0.93,0.152,7.89440859485402e-230,33,"GAD2","DD_Inhib.Thal"
1.75992094793473e-211,2.83653410794719,0.925,0.156,6.4414866615359e-207,33,"OTX2-AS1","DD_Inhib.Thal"
3.26358049613364e-201,2.67968110183544,0.925,0.159,1.19450309738987e-196,33,"GAD1","DD_Inhib.Thal"
2.57555402754732e-156,3.16309286062436,0.697,0.115,9.42678529622596e-152,33,"OTX2","DD_Inhib.Thal"
2.84077757419695e-154,2.726589270228,0.507,0.059,1.03975299993183e-149,33,"CPLX3","DD_Inhib.Thal"
4.1359880870389e-154,2.90032210513287,0.965,0.278,1.51381299973711e-149,33,"SYNPR","DD_Inhib.Thal"
2.79210299532517e-150,2.23475843519804,0.886,0.176,1.02193761731897e-145,33,"MEIS2","DD_Inhib.Thal"
1.60358794735024e-142,3.03405878478558,0.801,0.178,5.86929224609662e-138,33,"GREM2","DD_Inhib.Thal"
4.27756801784197e-126,2.94351327018421,0.498,0.069,1.56563267021034e-121,33,"LINC02253","DD_Inhib.Thal"
2.93926106172225e-113,2.50364122288524,0.945,0.373,1.07579894120096e-108,33,"SPHKAP","DD_Inhib.Thal"
3.50603139642324e-112,2.60512774409867,0.94,0.371,1.28324255140487e-107,33,"UNC13C","DD_Inhib.Thal"
1.26048395933526e-102,2.68522029219145,0.438,0.064,4.61349733956297e-98,33,"LINC01210","DD_Inhib.Thal"
3.92119080209146e-97,2.22546134822618,0.9,0.338,1.43519504547349e-92,33,"NELL1","DD_Inhib.Thal"
2.78159265702182e-83,2.39698724616052,0.607,0.145,1.01809072839656e-78,33,"HTR2A","DD_Inhib.Thal"
2.64793366821432e-80,2.83496564963324,0.438,0.08,9.69170201903124e-76,33,"TSPAN12","DD_Inhib.Thal"
5.51516987479192e-94,1.42945107202774,1,0.865,2.01860732587259e-89,33,"SYT1","LB_neuron"
2.15688330779323e-234,3.21933769058754,0.93,0.152,7.89440859485402e-230,33,"GAD2","LB_inhibitory_neuron"
3.26358049613364e-201,2.67968110183544,0.925,0.159,1.19450309738987e-196,33,"GAD1","LB_inhibitory_neuron"
2.79210299532517e-150,2.23475843519804,0.886,0.176,1.02193761731897e-145,33,"MEIS2","LB_Thalamus/MDm"
1.44781097987957e-103,2.54416225711341,0.909,0.113,5.29913296745721e-99,38,"MRVI1","DD_Astrocyte"
1.00013295176731e-142,3.04395957139826,0.779,0.062,3.66058661676354e-138,38,"PHLDB2","DD_Endo"
1.11877189818114e-95,2.05287345342996,0.844,0.1,4.09481702453278e-91,38,"UACA","DD_Endo"
1.60473598291864e-94,2.73001848615661,0.558,0.047,5.87349417108052e-90,38,"GJC1","DD_Endo"
6.5590443114775e-83,1.10052804180998,0.987,0.139,2.40067580844388e-78,38,"KIT","DD_Inhib.Thal"
1.48207077665257e-111,2.51056894930638,0.862,0.08,5.42452724962608e-107,39,"ERMN","DD_Oligo"
1.61823923239846e-111,2.70989488660638,0.969,0.106,5.92291741450159e-107,39,"PPP1R14A","DD_Oligo"
1.97470508030689e-101,2.13552897422233,0.815,0.077,7.22761806443125e-97,39,"MAG","DD_Oligo"
1.65218170883273e-97,2.45666060118459,0.923,0.106,6.04715027249866e-93,39,"CLDN11","DD_Oligo"
1.57264518390003e-96,3.02611434580803,0.708,0.065,5.7560386375925e-92,39,"HAPLN2","DD_Oligo"
2.13749478238625e-91,2.49786691173787,0.923,0.114,7.82344465301191e-87,39,"ANLN","DD_Oligo"
3.95395952693812e-89,2.25397960006973,0.692,0.064,1.44718872645462e-84,39,"NKX6-2","DD_Oligo"
5.41296943153056e-89,2.0443373496977,0.954,0.12,1.9812009416345e-84,39,"MOBP","DD_Oligo"
7.02326827822885e-87,1.82402027227585,1,0.134,2.57058642251454e-82,39,"ST18","DD_Oligo"
4.09347712739088e-86,1.99756422022728,0.754,0.077,1.49825356339634e-81,39,"SLC5A11","DD_Oligo"
4.15641399471693e-67,2.73342439863166,0.738,0.1,1.52128908620634e-62,39,"LRP2","DD_Oligo"
4.76454412348666e-63,2.36995651017859,0.846,0.138,1.74387079463735e-58,39,"FAM107B","DD_Oligo"
1.23481087290076e-61,1.34316813542911,0.8,0.117,4.51953127590407e-57,39,"AC012494.1","DD_Oligo"
1.37222922844359e-61,2.03307187714743,0.8,0.122,5.0224961990264e-57,39,"GPR37","DD_Oligo"
1.73763812955944e-60,1.8018449537669,0.631,0.076,6.3599293180005e-56,39,"OLIG1","DD_OPC"
5.41296943153056e-89,2.0443373496977,0.954,0.12,1.9812009416345e-84,39,"MOBP","LB_oligodendrocyte"
