"branch_id","leaf1","leaf2","HClust_pairs"
1,"C.02.Oligo","C.22.Oligo","02 - 22"
2,"C.20.Astrocyte","C.26.OPC","20 - 26"
3,"C.07.MHb.2","C.36.MHb.3","07 - 36"
4,"C.11.MHb.1.2","C.14.MHb.1","11 - 14"
5,"C.13.Thal","C.39.Inhib.Thal","13 - 39"
6,"C.06.ExcitT.LHb.4","C.04.Excit.Thal","06 - 04"
7,"C.24.LHb","C.30.MHb.LHb","24 - 30"
8,"C.18.LHb.1.3.4","C.23.LHb.1","18 - 23"
9,"C.28.Inhib.Thal","C.38.Inhib.Thal","28 - 38"
10,"C.01.Inhib.Thal","C.19.Inhib.Thal","01 - 19"
11,"C.12.Excit.Thal","C.32.Excit.Thal","12 - 32"
12,"C.03.Excit.Thal","C.37.Thal","03 - 37"
13,"C.15.Excit.Thal","C.35.Excit.Thal","15 - 35"
