donor,sample_id,library_id,file_path,open_access
Br8651,S04_Hb,lib_S04_Hb_ATAC,/dcs04/lieber/lcolladotor/rawDataTDSC_LIBD001/raw-data/_recurrent_Psomagen_transfers/AN00019739/AN00019739_10X_RawData_Outs/4A_Hb_KDM/2252KWLT4/4A_Hb_KDM_S1_L008_I1_001.fastq.gz,FALSE
Br8651,S04_Hb,lib_S04_Hb_ATAC,/dcs04/lieber/lcolladotor/rawDataTDSC_LIBD001/raw-data/_recurrent_Psomagen_transfers/AN00019739/AN00019739_10X_RawData_Outs/4A_Hb_KDM/2252KWLT4/4A_Hb_KDM_S1_L008_R1_001.fastq.gz,FALSE
Br8651,S04_Hb,lib_S04_Hb_ATAC,/dcs04/lieber/lcolladotor/rawDataTDSC_LIBD001/raw-data/_recurrent_Psomagen_transfers/AN00019739/AN00019739_10X_RawData_Outs/4A_Hb_KDM/2252KWLT4/4A_Hb_KDM_S1_L008_R2_001.fastq.gz,FALSE
Br8651,S04_Hb,lib_S04_Hb_ATAC,/dcs04/lieber/lcolladotor/rawDataTDSC_LIBD001/raw-data/_recurrent_Psomagen_transfers/AN00019739/AN00019739_10X_RawData_Outs/4A_Hb_KDM/2252KWLT4/4A_Hb_KDM_S1_L008_R3_001.fastq.gz,FALSE
Br8274,S05_Hb,lib_S05_Hb_ATAC,/dcs04/lieber/lcolladotor/rawDataTDSC_LIBD001/raw-data/_recurrent_Psomagen_transfers/AN00019739/AN00019739_10X_RawData_Outs/5A_Hb_KDM/2252KWLT4/5A_Hb_KDM_S4_L008_I1_001.fastq.gz,FALSE
Br8274,S05_Hb,lib_S05_Hb_ATAC,/dcs04/lieber/lcolladotor/rawDataTDSC_LIBD001/raw-data/_recurrent_Psomagen_transfers/AN00019739/AN00019739_10X_RawData_Outs/5A_Hb_KDM/2252KWLT4/5A_Hb_KDM_S4_L008_R1_001.fastq.gz,FALSE
Br8274,S05_Hb,lib_S05_Hb_ATAC,/dcs04/lieber/lcolladotor/rawDataTDSC_LIBD001/raw-data/_recurrent_Psomagen_transfers/AN00019739/AN00019739_10X_RawData_Outs/5A_Hb_KDM/2252KWLT4/5A_Hb_KDM_S4_L008_R2_001.fastq.gz,FALSE
Br8274,S05_Hb,lib_S05_Hb_ATAC,/dcs04/lieber/lcolladotor/rawDataTDSC_LIBD001/raw-data/_recurrent_Psomagen_transfers/AN00019739/AN00019739_10X_RawData_Outs/5A_Hb_KDM/2252KWLT4/5A_Hb_KDM_S4_L008_R3_001.fastq.gz,FALSE
Br6522,S06_Hb,lib_S06_Hb_ATAC,/dcs04/lieber/lcolladotor/rawDataTDSC_LIBD001/raw-data/_recurrent_Psomagen_transfers/AN00019739/AN00019739_10X_RawData_Outs/6A_Hb_KDM/2252KWLT4/6A_Hb_KDM_S2_L008_I1_001.fastq.gz,FALSE
Br6522,S06_Hb,lib_S06_Hb_ATAC,/dcs04/lieber/lcolladotor/rawDataTDSC_LIBD001/raw-data/_recurrent_Psomagen_transfers/AN00019739/AN00019739_10X_RawData_Outs/6A_Hb_KDM/2252KWLT4/6A_Hb_KDM_S2_L008_R1_001.fastq.gz,FALSE
Br6522,S06_Hb,lib_S06_Hb_ATAC,/dcs04/lieber/lcolladotor/rawDataTDSC_LIBD001/raw-data/_recurrent_Psomagen_transfers/AN00019739/AN00019739_10X_RawData_Outs/6A_Hb_KDM/2252KWLT4/6A_Hb_KDM_S2_L008_R2_001.fastq.gz,FALSE
Br6522,S06_Hb,lib_S06_Hb_ATAC,/dcs04/lieber/lcolladotor/rawDataTDSC_LIBD001/raw-data/_recurrent_Psomagen_transfers/AN00019739/AN00019739_10X_RawData_Outs/6A_Hb_KDM/2252KWLT4/6A_Hb_KDM_S2_L008_R3_001.fastq.gz,FALSE
Br8651,S04_Hb,lib_S04_Hb_GEX,/dcs04/lieber/lcolladotor/rawDataTDSC_LIBD001/raw-data/2024-05-01-Psomagen-ANQ00004676/AN00020424/AN00020424_10X_RawData_Outs/4C_Hb_KDM/22F3JLLT4/4C_Hb_KDM_S4_L007_I1_001.fastq.gz,FALSE
Br8651,S04_Hb,lib_S04_Hb_GEX,/dcs04/lieber/lcolladotor/rawDataTDSC_LIBD001/raw-data/2024-05-01-Psomagen-ANQ00004676/AN00020424/AN00020424_10X_RawData_Outs/4C_Hb_KDM/22F3JLLT4/4C_Hb_KDM_S4_L007_I2_001.fastq.gz,FALSE
Br8651,S04_Hb,lib_S04_Hb_GEX,/dcs04/lieber/lcolladotor/rawDataTDSC_LIBD001/raw-data/2024-05-01-Psomagen-ANQ00004676/AN00020424/AN00020424_10X_RawData_Outs/4C_Hb_KDM/22F3JLLT4/4C_Hb_KDM_S4_L007_R1_001.fastq.gz,FALSE
Br8651,S04_Hb,lib_S04_Hb_GEX,/dcs04/lieber/lcolladotor/rawDataTDSC_LIBD001/raw-data/2024-05-01-Psomagen-ANQ00004676/AN00020424/AN00020424_10X_RawData_Outs/4C_Hb_KDM/22F3JLLT4/4C_Hb_KDM_S4_L007_R2_001.fastq.gz,FALSE
Br8274,S05_Hb,lib_S05_Hb_GEX,/dcs04/lieber/lcolladotor/rawDataTDSC_LIBD001/raw-data/2024-05-01-Psomagen-ANQ00004676/AN00020424/AN00020424_10X_RawData_Outs/5C_Hb_KDM/22F3JLLT4/5C_Hb_KDM_S5_L007_I1_001.fastq.gz,FALSE
Br8274,S05_Hb,lib_S05_Hb_GEX,/dcs04/lieber/lcolladotor/rawDataTDSC_LIBD001/raw-data/2024-05-01-Psomagen-ANQ00004676/AN00020424/AN00020424_10X_RawData_Outs/5C_Hb_KDM/22F3JLLT4/5C_Hb_KDM_S5_L007_I2_001.fastq.gz,FALSE
Br8274,S05_Hb,lib_S05_Hb_GEX,/dcs04/lieber/lcolladotor/rawDataTDSC_LIBD001/raw-data/2024-05-01-Psomagen-ANQ00004676/AN00020424/AN00020424_10X_RawData_Outs/5C_Hb_KDM/22F3JLLT4/5C_Hb_KDM_S5_L007_R1_001.fastq.gz,FALSE
Br8274,S05_Hb,lib_S05_Hb_GEX,/dcs04/lieber/lcolladotor/rawDataTDSC_LIBD001/raw-data/2024-05-01-Psomagen-ANQ00004676/AN00020424/AN00020424_10X_RawData_Outs/5C_Hb_KDM/22F3JLLT4/5C_Hb_KDM_S5_L007_R2_001.fastq.gz,FALSE
Br6522,S06_Hb,lib_S06_Hb_GEX,/dcs04/lieber/lcolladotor/rawDataTDSC_LIBD001/raw-data/2024-05-01-Psomagen-ANQ00004676/AN00020424/AN00020424_10X_RawData_Outs/6C_Hb_KDM/22F3JLLT4/6C_Hb_KDM_S2_L007_I1_001.fastq.gz,FALSE
Br6522,S06_Hb,lib_S06_Hb_GEX,/dcs04/lieber/lcolladotor/rawDataTDSC_LIBD001/raw-data/2024-05-01-Psomagen-ANQ00004676/AN00020424/AN00020424_10X_RawData_Outs/6C_Hb_KDM/22F3JLLT4/6C_Hb_KDM_S2_L007_I2_001.fastq.gz,FALSE
Br6522,S06_Hb,lib_S06_Hb_GEX,/dcs04/lieber/lcolladotor/rawDataTDSC_LIBD001/raw-data/2024-05-01-Psomagen-ANQ00004676/AN00020424/AN00020424_10X_RawData_Outs/6C_Hb_KDM/22F3JLLT4/6C_Hb_KDM_S2_L007_R1_001.fastq.gz,FALSE
Br6522,S06_Hb,lib_S06_Hb_GEX,/dcs04/lieber/lcolladotor/rawDataTDSC_LIBD001/raw-data/2024-05-01-Psomagen-ANQ00004676/AN00020424/AN00020424_10X_RawData_Outs/6C_Hb_KDM/22F3JLLT4/6C_Hb_KDM_S2_L007_R2_001.fastq.gz,FALSE
Br8433,S10_Hb,lib_S10_Hb_ATAC,/dcs04/lieber/lcolladotor/rawDataTDSC_LIBD001/raw-data/_recurrent_Psomagen_transfers/AN00020835/AN00020835_10X_RawData_Outs/10A_Hb_KDM/22GHL3LT4/10A_Hb_KDM_S2_L007_I1_001.fastq.gz,FALSE
Br8433,S10_Hb,lib_S10_Hb_ATAC,/dcs04/lieber/lcolladotor/rawDataTDSC_LIBD001/raw-data/_recurrent_Psomagen_transfers/AN00020835/AN00020835_10X_RawData_Outs/10A_Hb_KDM/22GHL3LT4/10A_Hb_KDM_S2_L007_R1_001.fastq.gz,FALSE
Br8433,S10_Hb,lib_S10_Hb_ATAC,/dcs04/lieber/lcolladotor/rawDataTDSC_LIBD001/raw-data/_recurrent_Psomagen_transfers/AN00020835/AN00020835_10X_RawData_Outs/10A_Hb_KDM/22GHL3LT4/10A_Hb_KDM_S2_L007_R2_001.fastq.gz,FALSE
Br8433,S10_Hb,lib_S10_Hb_ATAC,/dcs04/lieber/lcolladotor/rawDataTDSC_LIBD001/raw-data/_recurrent_Psomagen_transfers/AN00020835/AN00020835_10X_RawData_Outs/10A_Hb_KDM/22GHL3LT4/10A_Hb_KDM_S2_L007_R3_001.fastq.gz,FALSE
Br9017,S11_Hb,lib_S11_Hb_ATAC,/dcs04/lieber/lcolladotor/rawDataTDSC_LIBD001/raw-data/_recurrent_Psomagen_transfers/AN00020835/AN00020835_10X_RawData_Outs/11A_Hb_KDM/22GHL3LT4/11A_Hb_KDM_S4_L007_I1_001.fastq.gz,FALSE
Br9017,S11_Hb,lib_S11_Hb_ATAC,/dcs04/lieber/lcolladotor/rawDataTDSC_LIBD001/raw-data/_recurrent_Psomagen_transfers/AN00020835/AN00020835_10X_RawData_Outs/11A_Hb_KDM/22GHL3LT4/11A_Hb_KDM_S4_L007_R1_001.fastq.gz,FALSE
Br9017,S11_Hb,lib_S11_Hb_ATAC,/dcs04/lieber/lcolladotor/rawDataTDSC_LIBD001/raw-data/_recurrent_Psomagen_transfers/AN00020835/AN00020835_10X_RawData_Outs/11A_Hb_KDM/22GHL3LT4/11A_Hb_KDM_S4_L007_R2_001.fastq.gz,FALSE
Br9017,S11_Hb,lib_S11_Hb_ATAC,/dcs04/lieber/lcolladotor/rawDataTDSC_LIBD001/raw-data/_recurrent_Psomagen_transfers/AN00020835/AN00020835_10X_RawData_Outs/11A_Hb_KDM/22GHL3LT4/11A_Hb_KDM_S4_L007_R3_001.fastq.gz,FALSE
Br9090,S12_Hb,lib_S12_Hb_ATAC,/dcs04/lieber/lcolladotor/rawDataTDSC_LIBD001/raw-data/_recurrent_Psomagen_transfers/AN00020835/AN00020835_10X_RawData_Outs/12A_Hb_KDM/22GHL3LT4/12A_Hb_KDM_S1_L007_I1_001.fastq.gz,FALSE
Br9090,S12_Hb,lib_S12_Hb_ATAC,/dcs04/lieber/lcolladotor/rawDataTDSC_LIBD001/raw-data/_recurrent_Psomagen_transfers/AN00020835/AN00020835_10X_RawData_Outs/12A_Hb_KDM/22GHL3LT4/12A_Hb_KDM_S1_L007_R1_001.fastq.gz,FALSE
Br9090,S12_Hb,lib_S12_Hb_ATAC,/dcs04/lieber/lcolladotor/rawDataTDSC_LIBD001/raw-data/_recurrent_Psomagen_transfers/AN00020835/AN00020835_10X_RawData_Outs/12A_Hb_KDM/22GHL3LT4/12A_Hb_KDM_S1_L007_R2_001.fastq.gz,FALSE
Br9090,S12_Hb,lib_S12_Hb_ATAC,/dcs04/lieber/lcolladotor/rawDataTDSC_LIBD001/raw-data/_recurrent_Psomagen_transfers/AN00020835/AN00020835_10X_RawData_Outs/12A_Hb_KDM/22GHL3LT4/12A_Hb_KDM_S1_L007_R3_001.fastq.gz,FALSE
Br8518,S03_Hb,lib_S03_Hb_ATAC,/dcs04/lieber/lcolladotor/rawDataTDSC_LIBD001/raw-data/_recurrent_Psomagen_transfers/AN00019739/AN00019739_10X_RawData_Outs/3A_Hb_KDM/2252KWLT4/3A_Hb_KDM_S3_L008_I1_001.fastq.gz,FALSE
Br8518,S03_Hb,lib_S03_Hb_ATAC,/dcs04/lieber/lcolladotor/rawDataTDSC_LIBD001/raw-data/_recurrent_Psomagen_transfers/AN00019739/AN00019739_10X_RawData_Outs/3A_Hb_KDM/2252KWLT4/3A_Hb_KDM_S3_L008_R1_001.fastq.gz,FALSE
Br8518,S03_Hb,lib_S03_Hb_ATAC,/dcs04/lieber/lcolladotor/rawDataTDSC_LIBD001/raw-data/_recurrent_Psomagen_transfers/AN00019739/AN00019739_10X_RawData_Outs/3A_Hb_KDM/2252KWLT4/3A_Hb_KDM_S3_L008_R2_001.fastq.gz,FALSE
Br8518,S03_Hb,lib_S03_Hb_ATAC,/dcs04/lieber/lcolladotor/rawDataTDSC_LIBD001/raw-data/_recurrent_Psomagen_transfers/AN00019739/AN00019739_10X_RawData_Outs/3A_Hb_KDM/2252KWLT4/3A_Hb_KDM_S3_L008_R3_001.fastq.gz,FALSE
Br6432,S07_Hb,lib_S07_Hb_ATAC,/dcs04/lieber/lcolladotor/rawDataTDSC_LIBD001/raw-data/_recurrent_Psomagen_transfers/AN00020835/AN00020835_10X_RawData_Outs/7A_Hb_KDM/22GHL3LT4/7A_Hb_KDM_S6_L007_I1_001.fastq.gz,FALSE
Br6432,S07_Hb,lib_S07_Hb_ATAC,/dcs04/lieber/lcolladotor/rawDataTDSC_LIBD001/raw-data/_recurrent_Psomagen_transfers/AN00020835/AN00020835_10X_RawData_Outs/7A_Hb_KDM/22GHL3LT4/7A_Hb_KDM_S6_L007_R1_001.fastq.gz,FALSE
Br6432,S07_Hb,lib_S07_Hb_ATAC,/dcs04/lieber/lcolladotor/rawDataTDSC_LIBD001/raw-data/_recurrent_Psomagen_transfers/AN00020835/AN00020835_10X_RawData_Outs/7A_Hb_KDM/22GHL3LT4/7A_Hb_KDM_S6_L007_R2_001.fastq.gz,FALSE
Br6432,S07_Hb,lib_S07_Hb_ATAC,/dcs04/lieber/lcolladotor/rawDataTDSC_LIBD001/raw-data/_recurrent_Psomagen_transfers/AN00020835/AN00020835_10X_RawData_Outs/7A_Hb_KDM/22GHL3LT4/7A_Hb_KDM_S6_L007_R3_001.fastq.gz,FALSE
Br8667,S08_Hb,lib_S08_Hb_ATAC,/dcs04/lieber/lcolladotor/rawDataTDSC_LIBD001/raw-data/_recurrent_Psomagen_transfers/AN00020835/AN00020835_10X_RawData_Outs/8A_Hb_KDM/22GHL3LT4/8A_Hb_KDM_S3_L007_I1_001.fastq.gz,FALSE
Br8667,S08_Hb,lib_S08_Hb_ATAC,/dcs04/lieber/lcolladotor/rawDataTDSC_LIBD001/raw-data/_recurrent_Psomagen_transfers/AN00020835/AN00020835_10X_RawData_Outs/8A_Hb_KDM/22GHL3LT4/8A_Hb_KDM_S3_L007_R1_001.fastq.gz,FALSE
Br8667,S08_Hb,lib_S08_Hb_ATAC,/dcs04/lieber/lcolladotor/rawDataTDSC_LIBD001/raw-data/_recurrent_Psomagen_transfers/AN00020835/AN00020835_10X_RawData_Outs/8A_Hb_KDM/22GHL3LT4/8A_Hb_KDM_S3_L007_R2_001.fastq.gz,FALSE
Br8667,S08_Hb,lib_S08_Hb_ATAC,/dcs04/lieber/lcolladotor/rawDataTDSC_LIBD001/raw-data/_recurrent_Psomagen_transfers/AN00020835/AN00020835_10X_RawData_Outs/8A_Hb_KDM/22GHL3LT4/8A_Hb_KDM_S3_L007_R3_001.fastq.gz,FALSE
Br8582,S09_Hb,lib_S09_Hb_ATAC,/dcs04/lieber/lcolladotor/rawDataTDSC_LIBD001/raw-data/_recurrent_Psomagen_transfers/AN00020835/AN00020835_10X_RawData_Outs/9A_Hb_KDM/22GHL3LT4/9A_Hb_KDM_S5_L007_I1_001.fastq.gz,FALSE
Br8582,S09_Hb,lib_S09_Hb_ATAC,/dcs04/lieber/lcolladotor/rawDataTDSC_LIBD001/raw-data/_recurrent_Psomagen_transfers/AN00020835/AN00020835_10X_RawData_Outs/9A_Hb_KDM/22GHL3LT4/9A_Hb_KDM_S5_L007_R1_001.fastq.gz,FALSE
Br8582,S09_Hb,lib_S09_Hb_ATAC,/dcs04/lieber/lcolladotor/rawDataTDSC_LIBD001/raw-data/_recurrent_Psomagen_transfers/AN00020835/AN00020835_10X_RawData_Outs/9A_Hb_KDM/22GHL3LT4/9A_Hb_KDM_S5_L007_R2_001.fastq.gz,FALSE
Br8582,S09_Hb,lib_S09_Hb_ATAC,/dcs04/lieber/lcolladotor/rawDataTDSC_LIBD001/raw-data/_recurrent_Psomagen_transfers/AN00020835/AN00020835_10X_RawData_Outs/9A_Hb_KDM/22GHL3LT4/9A_Hb_KDM_S5_L007_R3_001.fastq.gz,FALSE
Br8433,S10_Hb,lib_S10_Hb_GEX,/dcs04/lieber/lcolladotor/rawDataTDSC_LIBD001/raw-data/_recurrent_Psomagen_transfers/AN00020780/AN00020780_10X_RawData_Outs/10C_Hb_KDM/22GGNKLT4/10C_Hb_KDM_S3_L005_I1_001.fastq.gz,FALSE
Br8433,S10_Hb,lib_S10_Hb_GEX,/dcs04/lieber/lcolladotor/rawDataTDSC_LIBD001/raw-data/_recurrent_Psomagen_transfers/AN00020780/AN00020780_10X_RawData_Outs/10C_Hb_KDM/22GGNKLT4/10C_Hb_KDM_S3_L005_I2_001.fastq.gz,FALSE
Br8433,S10_Hb,lib_S10_Hb_GEX,/dcs04/lieber/lcolladotor/rawDataTDSC_LIBD001/raw-data/_recurrent_Psomagen_transfers/AN00020780/AN00020780_10X_RawData_Outs/10C_Hb_KDM/22GGNKLT4/10C_Hb_KDM_S3_L005_R1_001.fastq.gz,FALSE
Br8433,S10_Hb,lib_S10_Hb_GEX,/dcs04/lieber/lcolladotor/rawDataTDSC_LIBD001/raw-data/_recurrent_Psomagen_transfers/AN00020780/AN00020780_10X_RawData_Outs/10C_Hb_KDM/22GGNKLT4/10C_Hb_KDM_S3_L005_R2_001.fastq.gz,FALSE
Br8433,S10_Hb,lib_S10_Hb_GEX,/dcs04/lieber/lcolladotor/rawDataTDSC_LIBD001/raw-data/_recurrent_Psomagen_transfers/AN00020780/AN00020780_10X_RawData_Outs/10C_Hb_KDM/22GGNKLT4/10C_Hb_KDM_S3_L006_I1_001.fastq.gz,FALSE
Br8433,S10_Hb,lib_S10_Hb_GEX,/dcs04/lieber/lcolladotor/rawDataTDSC_LIBD001/raw-data/_recurrent_Psomagen_transfers/AN00020780/AN00020780_10X_RawData_Outs/10C_Hb_KDM/22GGNKLT4/10C_Hb_KDM_S3_L006_I2_001.fastq.gz,FALSE
Br8433,S10_Hb,lib_S10_Hb_GEX,/dcs04/lieber/lcolladotor/rawDataTDSC_LIBD001/raw-data/_recurrent_Psomagen_transfers/AN00020780/AN00020780_10X_RawData_Outs/10C_Hb_KDM/22GGNKLT4/10C_Hb_KDM_S3_L006_R1_001.fastq.gz,FALSE
Br8433,S10_Hb,lib_S10_Hb_GEX,/dcs04/lieber/lcolladotor/rawDataTDSC_LIBD001/raw-data/_recurrent_Psomagen_transfers/AN00020780/AN00020780_10X_RawData_Outs/10C_Hb_KDM/22GGNKLT4/10C_Hb_KDM_S3_L006_R2_001.fastq.gz,FALSE
Br8433,S10_Hb,lib_S10_Hb_GEX,/dcs04/lieber/lcolladotor/rawDataTDSC_LIBD001/raw-data/_recurrent_Psomagen_transfers/AN00020780/AN00020780_10X_RawData_Outs/10C_Hb_KDM/22GGNKLT4/10C_Hb_KDM_S3_L007_I1_001.fastq.gz,FALSE
Br8433,S10_Hb,lib_S10_Hb_GEX,/dcs04/lieber/lcolladotor/rawDataTDSC_LIBD001/raw-data/_recurrent_Psomagen_transfers/AN00020780/AN00020780_10X_RawData_Outs/10C_Hb_KDM/22GGNKLT4/10C_Hb_KDM_S3_L007_I2_001.fastq.gz,FALSE
Br8433,S10_Hb,lib_S10_Hb_GEX,/dcs04/lieber/lcolladotor/rawDataTDSC_LIBD001/raw-data/_recurrent_Psomagen_transfers/AN00020780/AN00020780_10X_RawData_Outs/10C_Hb_KDM/22GGNKLT4/10C_Hb_KDM_S3_L007_R1_001.fastq.gz,FALSE
Br8433,S10_Hb,lib_S10_Hb_GEX,/dcs04/lieber/lcolladotor/rawDataTDSC_LIBD001/raw-data/_recurrent_Psomagen_transfers/AN00020780/AN00020780_10X_RawData_Outs/10C_Hb_KDM/22GGNKLT4/10C_Hb_KDM_S3_L007_R2_001.fastq.gz,FALSE
Br9017,S11_Hb,lib_S11_Hb_GEX,/dcs04/lieber/lcolladotor/rawDataTDSC_LIBD001/raw-data/_recurrent_Psomagen_transfers/AN00020780/AN00020780_10X_RawData_Outs/11C_Hb_KDM/22GGNKLT4/11C_Hb_KDM_S5_L005_I1_001.fastq.gz,FALSE
Br9017,S11_Hb,lib_S11_Hb_GEX,/dcs04/lieber/lcolladotor/rawDataTDSC_LIBD001/raw-data/_recurrent_Psomagen_transfers/AN00020780/AN00020780_10X_RawData_Outs/11C_Hb_KDM/22GGNKLT4/11C_Hb_KDM_S5_L005_I2_001.fastq.gz,FALSE
Br9017,S11_Hb,lib_S11_Hb_GEX,/dcs04/lieber/lcolladotor/rawDataTDSC_LIBD001/raw-data/_recurrent_Psomagen_transfers/AN00020780/AN00020780_10X_RawData_Outs/11C_Hb_KDM/22GGNKLT4/11C_Hb_KDM_S5_L005_R1_001.fastq.gz,FALSE
Br9017,S11_Hb,lib_S11_Hb_GEX,/dcs04/lieber/lcolladotor/rawDataTDSC_LIBD001/raw-data/_recurrent_Psomagen_transfers/AN00020780/AN00020780_10X_RawData_Outs/11C_Hb_KDM/22GGNKLT4/11C_Hb_KDM_S5_L005_R2_001.fastq.gz,FALSE
Br9017,S11_Hb,lib_S11_Hb_GEX,/dcs04/lieber/lcolladotor/rawDataTDSC_LIBD001/raw-data/_recurrent_Psomagen_transfers/AN00020780/AN00020780_10X_RawData_Outs/11C_Hb_KDM/22GGNKLT4/11C_Hb_KDM_S5_L006_I1_001.fastq.gz,FALSE
Br9017,S11_Hb,lib_S11_Hb_GEX,/dcs04/lieber/lcolladotor/rawDataTDSC_LIBD001/raw-data/_recurrent_Psomagen_transfers/AN00020780/AN00020780_10X_RawData_Outs/11C_Hb_KDM/22GGNKLT4/11C_Hb_KDM_S5_L006_I2_001.fastq.gz,FALSE
Br9017,S11_Hb,lib_S11_Hb_GEX,/dcs04/lieber/lcolladotor/rawDataTDSC_LIBD001/raw-data/_recurrent_Psomagen_transfers/AN00020780/AN00020780_10X_RawData_Outs/11C_Hb_KDM/22GGNKLT4/11C_Hb_KDM_S5_L006_R1_001.fastq.gz,FALSE
Br9017,S11_Hb,lib_S11_Hb_GEX,/dcs04/lieber/lcolladotor/rawDataTDSC_LIBD001/raw-data/_recurrent_Psomagen_transfers/AN00020780/AN00020780_10X_RawData_Outs/11C_Hb_KDM/22GGNKLT4/11C_Hb_KDM_S5_L006_R2_001.fastq.gz,FALSE
Br9017,S11_Hb,lib_S11_Hb_GEX,/dcs04/lieber/lcolladotor/rawDataTDSC_LIBD001/raw-data/_recurrent_Psomagen_transfers/AN00020780/AN00020780_10X_RawData_Outs/11C_Hb_KDM/22GGNKLT4/11C_Hb_KDM_S5_L007_I1_001.fastq.gz,FALSE
Br9017,S11_Hb,lib_S11_Hb_GEX,/dcs04/lieber/lcolladotor/rawDataTDSC_LIBD001/raw-data/_recurrent_Psomagen_transfers/AN00020780/AN00020780_10X_RawData_Outs/11C_Hb_KDM/22GGNKLT4/11C_Hb_KDM_S5_L007_I2_001.fastq.gz,FALSE
Br9017,S11_Hb,lib_S11_Hb_GEX,/dcs04/lieber/lcolladotor/rawDataTDSC_LIBD001/raw-data/_recurrent_Psomagen_transfers/AN00020780/AN00020780_10X_RawData_Outs/11C_Hb_KDM/22GGNKLT4/11C_Hb_KDM_S5_L007_R1_001.fastq.gz,FALSE
Br9017,S11_Hb,lib_S11_Hb_GEX,/dcs04/lieber/lcolladotor/rawDataTDSC_LIBD001/raw-data/_recurrent_Psomagen_transfers/AN00020780/AN00020780_10X_RawData_Outs/11C_Hb_KDM/22GGNKLT4/11C_Hb_KDM_S5_L007_R2_001.fastq.gz,FALSE
Br9090,S12_Hb,lib_S12_Hb_GEX,/dcs04/lieber/lcolladotor/rawDataTDSC_LIBD001/raw-data/_recurrent_Psomagen_transfers/AN00020780/AN00020780_10X_RawData_Outs/12C_Hb_KDM/22GGNKLT4/12C_Hb_KDM_S1_L005_I1_001.fastq.gz,FALSE
Br9090,S12_Hb,lib_S12_Hb_GEX,/dcs04/lieber/lcolladotor/rawDataTDSC_LIBD001/raw-data/_recurrent_Psomagen_transfers/AN00020780/AN00020780_10X_RawData_Outs/12C_Hb_KDM/22GGNKLT4/12C_Hb_KDM_S1_L005_I2_001.fastq.gz,FALSE
Br9090,S12_Hb,lib_S12_Hb_GEX,/dcs04/lieber/lcolladotor/rawDataTDSC_LIBD001/raw-data/_recurrent_Psomagen_transfers/AN00020780/AN00020780_10X_RawData_Outs/12C_Hb_KDM/22GGNKLT4/12C_Hb_KDM_S1_L005_R1_001.fastq.gz,FALSE
Br9090,S12_Hb,lib_S12_Hb_GEX,/dcs04/lieber/lcolladotor/rawDataTDSC_LIBD001/raw-data/_recurrent_Psomagen_transfers/AN00020780/AN00020780_10X_RawData_Outs/12C_Hb_KDM/22GGNKLT4/12C_Hb_KDM_S1_L005_R2_001.fastq.gz,FALSE
Br9090,S12_Hb,lib_S12_Hb_GEX,/dcs04/lieber/lcolladotor/rawDataTDSC_LIBD001/raw-data/_recurrent_Psomagen_transfers/AN00020780/AN00020780_10X_RawData_Outs/12C_Hb_KDM/22GGNKLT4/12C_Hb_KDM_S1_L006_I1_001.fastq.gz,FALSE
Br9090,S12_Hb,lib_S12_Hb_GEX,/dcs04/lieber/lcolladotor/rawDataTDSC_LIBD001/raw-data/_recurrent_Psomagen_transfers/AN00020780/AN00020780_10X_RawData_Outs/12C_Hb_KDM/22GGNKLT4/12C_Hb_KDM_S1_L006_I2_001.fastq.gz,FALSE
Br9090,S12_Hb,lib_S12_Hb_GEX,/dcs04/lieber/lcolladotor/rawDataTDSC_LIBD001/raw-data/_recurrent_Psomagen_transfers/AN00020780/AN00020780_10X_RawData_Outs/12C_Hb_KDM/22GGNKLT4/12C_Hb_KDM_S1_L006_R1_001.fastq.gz,FALSE
Br9090,S12_Hb,lib_S12_Hb_GEX,/dcs04/lieber/lcolladotor/rawDataTDSC_LIBD001/raw-data/_recurrent_Psomagen_transfers/AN00020780/AN00020780_10X_RawData_Outs/12C_Hb_KDM/22GGNKLT4/12C_Hb_KDM_S1_L006_R2_001.fastq.gz,FALSE
Br9090,S12_Hb,lib_S12_Hb_GEX,/dcs04/lieber/lcolladotor/rawDataTDSC_LIBD001/raw-data/_recurrent_Psomagen_transfers/AN00020780/AN00020780_10X_RawData_Outs/12C_Hb_KDM/22GGNKLT4/12C_Hb_KDM_S1_L007_I1_001.fastq.gz,FALSE
Br9090,S12_Hb,lib_S12_Hb_GEX,/dcs04/lieber/lcolladotor/rawDataTDSC_LIBD001/raw-data/_recurrent_Psomagen_transfers/AN00020780/AN00020780_10X_RawData_Outs/12C_Hb_KDM/22GGNKLT4/12C_Hb_KDM_S1_L007_I2_001.fastq.gz,FALSE
Br9090,S12_Hb,lib_S12_Hb_GEX,/dcs04/lieber/lcolladotor/rawDataTDSC_LIBD001/raw-data/_recurrent_Psomagen_transfers/AN00020780/AN00020780_10X_RawData_Outs/12C_Hb_KDM/22GGNKLT4/12C_Hb_KDM_S1_L007_R1_001.fastq.gz,FALSE
Br9090,S12_Hb,lib_S12_Hb_GEX,/dcs04/lieber/lcolladotor/rawDataTDSC_LIBD001/raw-data/_recurrent_Psomagen_transfers/AN00020780/AN00020780_10X_RawData_Outs/12C_Hb_KDM/22GGNKLT4/12C_Hb_KDM_S1_L007_R2_001.fastq.gz,FALSE
Br8518,S03_Hb,lib_S03_Hb_GEX,/dcs04/lieber/lcolladotor/rawDataTDSC_LIBD001/raw-data/_recurrent_Psomagen_transfers/AN00020780/AN00020780_10X_RawData_Outs/3C_Hb_KDM/22GGNKLT4/3C_Hb_KDM_S2_L005_I1_001.fastq.gz,FALSE
Br8518,S03_Hb,lib_S03_Hb_GEX,/dcs04/lieber/lcolladotor/rawDataTDSC_LIBD001/raw-data/_recurrent_Psomagen_transfers/AN00020780/AN00020780_10X_RawData_Outs/3C_Hb_KDM/22GGNKLT4/3C_Hb_KDM_S2_L005_I2_001.fastq.gz,FALSE
Br8518,S03_Hb,lib_S03_Hb_GEX,/dcs04/lieber/lcolladotor/rawDataTDSC_LIBD001/raw-data/_recurrent_Psomagen_transfers/AN00020780/AN00020780_10X_RawData_Outs/3C_Hb_KDM/22GGNKLT4/3C_Hb_KDM_S2_L005_R1_001.fastq.gz,FALSE
Br8518,S03_Hb,lib_S03_Hb_GEX,/dcs04/lieber/lcolladotor/rawDataTDSC_LIBD001/raw-data/_recurrent_Psomagen_transfers/AN00020780/AN00020780_10X_RawData_Outs/3C_Hb_KDM/22GGNKLT4/3C_Hb_KDM_S2_L005_R2_001.fastq.gz,FALSE
Br8518,S03_Hb,lib_S03_Hb_GEX,/dcs04/lieber/lcolladotor/rawDataTDSC_LIBD001/raw-data/_recurrent_Psomagen_transfers/AN00020780/AN00020780_10X_RawData_Outs/3C_Hb_KDM/22GGNKLT4/3C_Hb_KDM_S2_L006_I1_001.fastq.gz,FALSE
Br8518,S03_Hb,lib_S03_Hb_GEX,/dcs04/lieber/lcolladotor/rawDataTDSC_LIBD001/raw-data/_recurrent_Psomagen_transfers/AN00020780/AN00020780_10X_RawData_Outs/3C_Hb_KDM/22GGNKLT4/3C_Hb_KDM_S2_L006_I2_001.fastq.gz,FALSE
Br8518,S03_Hb,lib_S03_Hb_GEX,/dcs04/lieber/lcolladotor/rawDataTDSC_LIBD001/raw-data/_recurrent_Psomagen_transfers/AN00020780/AN00020780_10X_RawData_Outs/3C_Hb_KDM/22GGNKLT4/3C_Hb_KDM_S2_L006_R1_001.fastq.gz,FALSE
Br8518,S03_Hb,lib_S03_Hb_GEX,/dcs04/lieber/lcolladotor/rawDataTDSC_LIBD001/raw-data/_recurrent_Psomagen_transfers/AN00020780/AN00020780_10X_RawData_Outs/3C_Hb_KDM/22GGNKLT4/3C_Hb_KDM_S2_L006_R2_001.fastq.gz,FALSE
Br8518,S03_Hb,lib_S03_Hb_GEX,/dcs04/lieber/lcolladotor/rawDataTDSC_LIBD001/raw-data/_recurrent_Psomagen_transfers/AN00020780/AN00020780_10X_RawData_Outs/3C_Hb_KDM/22GGNKLT4/3C_Hb_KDM_S2_L007_I1_001.fastq.gz,FALSE
Br8518,S03_Hb,lib_S03_Hb_GEX,/dcs04/lieber/lcolladotor/rawDataTDSC_LIBD001/raw-data/_recurrent_Psomagen_transfers/AN00020780/AN00020780_10X_RawData_Outs/3C_Hb_KDM/22GGNKLT4/3C_Hb_KDM_S2_L007_I2_001.fastq.gz,FALSE
Br8518,S03_Hb,lib_S03_Hb_GEX,/dcs04/lieber/lcolladotor/rawDataTDSC_LIBD001/raw-data/_recurrent_Psomagen_transfers/AN00020780/AN00020780_10X_RawData_Outs/3C_Hb_KDM/22GGNKLT4/3C_Hb_KDM_S2_L007_R1_001.fastq.gz,FALSE
Br8518,S03_Hb,lib_S03_Hb_GEX,/dcs04/lieber/lcolladotor/rawDataTDSC_LIBD001/raw-data/_recurrent_Psomagen_transfers/AN00020780/AN00020780_10X_RawData_Outs/3C_Hb_KDM/22GGNKLT4/3C_Hb_KDM_S2_L007_R2_001.fastq.gz,FALSE
Br6432,S07_Hb,lib_S07_Hb_GEX,/dcs04/lieber/lcolladotor/rawDataTDSC_LIBD001/raw-data/2024-05-01-Psomagen-ANQ00004676/AN00020424/AN00020424_10X_RawData_Outs/7C_Hb_KDM/22F3JLLT4/7C_Hb_KDM_S3_L007_I1_001.fastq.gz,FALSE
Br6432,S07_Hb,lib_S07_Hb_GEX,/dcs04/lieber/lcolladotor/rawDataTDSC_LIBD001/raw-data/2024-05-01-Psomagen-ANQ00004676/AN00020424/AN00020424_10X_RawData_Outs/7C_Hb_KDM/22F3JLLT4/7C_Hb_KDM_S3_L007_I2_001.fastq.gz,FALSE
Br6432,S07_Hb,lib_S07_Hb_GEX,/dcs04/lieber/lcolladotor/rawDataTDSC_LIBD001/raw-data/2024-05-01-Psomagen-ANQ00004676/AN00020424/AN00020424_10X_RawData_Outs/7C_Hb_KDM/22F3JLLT4/7C_Hb_KDM_S3_L007_R1_001.fastq.gz,FALSE
Br6432,S07_Hb,lib_S07_Hb_GEX,/dcs04/lieber/lcolladotor/rawDataTDSC_LIBD001/raw-data/2024-05-01-Psomagen-ANQ00004676/AN00020424/AN00020424_10X_RawData_Outs/7C_Hb_KDM/22F3JLLT4/7C_Hb_KDM_S3_L007_R2_001.fastq.gz,FALSE
Br8667,S08_Hb,lib_S08_Hb_GEX,/dcs04/lieber/lcolladotor/rawDataTDSC_LIBD001/raw-data/2024-05-01-Psomagen-ANQ00004676/AN00020424/AN00020424_10X_RawData_Outs/8C_Hb_KDM/22F3JLLT4/8C_Hb_KDM_S1_L007_I1_001.fastq.gz,FALSE
Br8667,S08_Hb,lib_S08_Hb_GEX,/dcs04/lieber/lcolladotor/rawDataTDSC_LIBD001/raw-data/2024-05-01-Psomagen-ANQ00004676/AN00020424/AN00020424_10X_RawData_Outs/8C_Hb_KDM/22F3JLLT4/8C_Hb_KDM_S1_L007_I2_001.fastq.gz,FALSE
Br8667,S08_Hb,lib_S08_Hb_GEX,/dcs04/lieber/lcolladotor/rawDataTDSC_LIBD001/raw-data/2024-05-01-Psomagen-ANQ00004676/AN00020424/AN00020424_10X_RawData_Outs/8C_Hb_KDM/22F3JLLT4/8C_Hb_KDM_S1_L007_R1_001.fastq.gz,FALSE
Br8667,S08_Hb,lib_S08_Hb_GEX,/dcs04/lieber/lcolladotor/rawDataTDSC_LIBD001/raw-data/2024-05-01-Psomagen-ANQ00004676/AN00020424/AN00020424_10X_RawData_Outs/8C_Hb_KDM/22F3JLLT4/8C_Hb_KDM_S1_L007_R2_001.fastq.gz,FALSE
Br8582,S09_Hb,lib_S09_Hb_GEX,/dcs04/lieber/lcolladotor/rawDataTDSC_LIBD001/raw-data/_recurrent_Psomagen_transfers/AN00020780/AN00020780_10X_RawData_Outs/9C_Hb_KDM/22GGNKLT4/9C_Hb_KDM_S4_L005_I1_001.fastq.gz,FALSE
Br8582,S09_Hb,lib_S09_Hb_GEX,/dcs04/lieber/lcolladotor/rawDataTDSC_LIBD001/raw-data/_recurrent_Psomagen_transfers/AN00020780/AN00020780_10X_RawData_Outs/9C_Hb_KDM/22GGNKLT4/9C_Hb_KDM_S4_L005_I2_001.fastq.gz,FALSE
Br8582,S09_Hb,lib_S09_Hb_GEX,/dcs04/lieber/lcolladotor/rawDataTDSC_LIBD001/raw-data/_recurrent_Psomagen_transfers/AN00020780/AN00020780_10X_RawData_Outs/9C_Hb_KDM/22GGNKLT4/9C_Hb_KDM_S4_L005_R1_001.fastq.gz,FALSE
Br8582,S09_Hb,lib_S09_Hb_GEX,/dcs04/lieber/lcolladotor/rawDataTDSC_LIBD001/raw-data/_recurrent_Psomagen_transfers/AN00020780/AN00020780_10X_RawData_Outs/9C_Hb_KDM/22GGNKLT4/9C_Hb_KDM_S4_L005_R2_001.fastq.gz,FALSE
Br8582,S09_Hb,lib_S09_Hb_GEX,/dcs04/lieber/lcolladotor/rawDataTDSC_LIBD001/raw-data/_recurrent_Psomagen_transfers/AN00020780/AN00020780_10X_RawData_Outs/9C_Hb_KDM/22GGNKLT4/9C_Hb_KDM_S4_L006_I1_001.fastq.gz,FALSE
Br8582,S09_Hb,lib_S09_Hb_GEX,/dcs04/lieber/lcolladotor/rawDataTDSC_LIBD001/raw-data/_recurrent_Psomagen_transfers/AN00020780/AN00020780_10X_RawData_Outs/9C_Hb_KDM/22GGNKLT4/9C_Hb_KDM_S4_L006_I2_001.fastq.gz,FALSE
Br8582,S09_Hb,lib_S09_Hb_GEX,/dcs04/lieber/lcolladotor/rawDataTDSC_LIBD001/raw-data/_recurrent_Psomagen_transfers/AN00020780/AN00020780_10X_RawData_Outs/9C_Hb_KDM/22GGNKLT4/9C_Hb_KDM_S4_L006_R1_001.fastq.gz,FALSE
Br8582,S09_Hb,lib_S09_Hb_GEX,/dcs04/lieber/lcolladotor/rawDataTDSC_LIBD001/raw-data/_recurrent_Psomagen_transfers/AN00020780/AN00020780_10X_RawData_Outs/9C_Hb_KDM/22GGNKLT4/9C_Hb_KDM_S4_L006_R2_001.fastq.gz,FALSE
Br8582,S09_Hb,lib_S09_Hb_GEX,/dcs04/lieber/lcolladotor/rawDataTDSC_LIBD001/raw-data/_recurrent_Psomagen_transfers/AN00020780/AN00020780_10X_RawData_Outs/9C_Hb_KDM/22GGNKLT4/9C_Hb_KDM_S4_L007_I1_001.fastq.gz,FALSE
Br8582,S09_Hb,lib_S09_Hb_GEX,/dcs04/lieber/lcolladotor/rawDataTDSC_LIBD001/raw-data/_recurrent_Psomagen_transfers/AN00020780/AN00020780_10X_RawData_Outs/9C_Hb_KDM/22GGNKLT4/9C_Hb_KDM_S4_L007_I2_001.fastq.gz,FALSE
Br8582,S09_Hb,lib_S09_Hb_GEX,/dcs04/lieber/lcolladotor/rawDataTDSC_LIBD001/raw-data/_recurrent_Psomagen_transfers/AN00020780/AN00020780_10X_RawData_Outs/9C_Hb_KDM/22GGNKLT4/9C_Hb_KDM_S4_L007_R1_001.fastq.gz,FALSE
Br8582,S09_Hb,lib_S09_Hb_GEX,/dcs04/lieber/lcolladotor/rawDataTDSC_LIBD001/raw-data/_recurrent_Psomagen_transfers/AN00020780/AN00020780_10X_RawData_Outs/9C_Hb_KDM/22GGNKLT4/9C_Hb_KDM_S4_L007_R2_001.fastq.gz,FALSE
Br3942,Br3942,lib_Br3942,/dcs04/lieber/lcolladotor/rawDataTDSC_LIBD001/raw-data/_recurrent_Psomagen_transfers/AN00026324/AN00026324_10X_RawData_Outs/HDp_015/237Y2HLT4/HDp_015_S1_L001_I1_001.fastq.gz,FALSE
Br3942,Br3942,lib_Br3942,/dcs04/lieber/lcolladotor/rawDataTDSC_LIBD001/raw-data/_recurrent_Psomagen_transfers/AN00026324/AN00026324_10X_RawData_Outs/HDp_015/237Y2HLT4/HDp_015_S1_L001_I2_001.fastq.gz,FALSE
Br3942,Br3942,lib_Br3942,/dcs04/lieber/lcolladotor/rawDataTDSC_LIBD001/raw-data/_recurrent_Psomagen_transfers/AN00026324/AN00026324_10X_RawData_Outs/HDp_015/237Y2HLT4/HDp_015_S1_L001_R1_001.fastq.gz,FALSE
Br3942,Br3942,lib_Br3942,/dcs04/lieber/lcolladotor/rawDataTDSC_LIBD001/raw-data/_recurrent_Psomagen_transfers/AN00026324/AN00026324_10X_RawData_Outs/HDp_015/237Y2HLT4/HDp_015_S1_L001_R2_001.fastq.gz,FALSE
Br3942,Br3942,lib_Br3942,/dcs04/lieber/lcolladotor/rawDataTDSC_LIBD001/raw-data/_recurrent_Psomagen_transfers/AN00026324/AN00026324_10X_RawData_Outs/HDp_015/237Y2HLT4/HDp_015_S1_L002_I1_001.fastq.gz,FALSE
Br3942,Br3942,lib_Br3942,/dcs04/lieber/lcolladotor/rawDataTDSC_LIBD001/raw-data/_recurrent_Psomagen_transfers/AN00026324/AN00026324_10X_RawData_Outs/HDp_015/237Y2HLT4/HDp_015_S1_L002_I2_001.fastq.gz,FALSE
Br3942,Br3942,lib_Br3942,/dcs04/lieber/lcolladotor/rawDataTDSC_LIBD001/raw-data/_recurrent_Psomagen_transfers/AN00026324/AN00026324_10X_RawData_Outs/HDp_015/237Y2HLT4/HDp_015_S1_L002_R1_001.fastq.gz,FALSE
Br3942,Br3942,lib_Br3942,/dcs04/lieber/lcolladotor/rawDataTDSC_LIBD001/raw-data/_recurrent_Psomagen_transfers/AN00026324/AN00026324_10X_RawData_Outs/HDp_015/237Y2HLT4/HDp_015_S1_L002_R2_001.fastq.gz,FALSE
Br3942,Br3942,lib_Br3942,/dcs04/lieber/lcolladotor/rawDataTDSC_LIBD001/raw-data/_recurrent_Psomagen_transfers/AN00026324/AN00026324_10X_RawData_Outs/HDp_015/237Y2HLT4/HDp_015_S1_L003_I1_001.fastq.gz,FALSE
Br3942,Br3942,lib_Br3942,/dcs04/lieber/lcolladotor/rawDataTDSC_LIBD001/raw-data/_recurrent_Psomagen_transfers/AN00026324/AN00026324_10X_RawData_Outs/HDp_015/237Y2HLT4/HDp_015_S1_L003_I2_001.fastq.gz,FALSE
Br3942,Br3942,lib_Br3942,/dcs04/lieber/lcolladotor/rawDataTDSC_LIBD001/raw-data/_recurrent_Psomagen_transfers/AN00026324/AN00026324_10X_RawData_Outs/HDp_015/237Y2HLT4/HDp_015_S1_L003_R1_001.fastq.gz,FALSE
Br3942,Br3942,lib_Br3942,/dcs04/lieber/lcolladotor/rawDataTDSC_LIBD001/raw-data/_recurrent_Psomagen_transfers/AN00026324/AN00026324_10X_RawData_Outs/HDp_015/237Y2HLT4/HDp_015_S1_L003_R2_001.fastq.gz,FALSE
Br3942,Br3942,lib_Br3942,/dcs04/lieber/lcolladotor/rawDataTDSC_LIBD001/raw-data/_recurrent_Psomagen_transfers/AN00026324/AN00026324_10X_RawData_Outs/HDp_015/237Y2HLT4/HDp_015_S1_L004_I1_001.fastq.gz,FALSE
Br3942,Br3942,lib_Br3942,/dcs04/lieber/lcolladotor/rawDataTDSC_LIBD001/raw-data/_recurrent_Psomagen_transfers/AN00026324/AN00026324_10X_RawData_Outs/HDp_015/237Y2HLT4/HDp_015_S1_L004_I2_001.fastq.gz,FALSE
Br3942,Br3942,lib_Br3942,/dcs04/lieber/lcolladotor/rawDataTDSC_LIBD001/raw-data/_recurrent_Psomagen_transfers/AN00026324/AN00026324_10X_RawData_Outs/HDp_015/237Y2HLT4/HDp_015_S1_L004_R1_001.fastq.gz,FALSE
Br3942,Br3942,lib_Br3942,/dcs04/lieber/lcolladotor/rawDataTDSC_LIBD001/raw-data/_recurrent_Psomagen_transfers/AN00026324/AN00026324_10X_RawData_Outs/HDp_015/237Y2HLT4/HDp_015_S1_L004_R2_001.fastq.gz,FALSE
Br3942,Br3942,lib_Br3942,/dcs04/lieber/lcolladotor/rawDataTDSC_LIBD001/raw-data/_recurrent_Psomagen_transfers/AN00026324/AN00026324_10X_RawData_Outs/HDp_015/237Y2HLT4/HDp_015_S1_L005_I1_001.fastq.gz,FALSE
Br3942,Br3942,lib_Br3942,/dcs04/lieber/lcolladotor/rawDataTDSC_LIBD001/raw-data/_recurrent_Psomagen_transfers/AN00026324/AN00026324_10X_RawData_Outs/HDp_015/237Y2HLT4/HDp_015_S1_L005_I2_001.fastq.gz,FALSE
Br3942,Br3942,lib_Br3942,/dcs04/lieber/lcolladotor/rawDataTDSC_LIBD001/raw-data/_recurrent_Psomagen_transfers/AN00026324/AN00026324_10X_RawData_Outs/HDp_015/237Y2HLT4/HDp_015_S1_L005_R1_001.fastq.gz,FALSE
Br3942,Br3942,lib_Br3942,/dcs04/lieber/lcolladotor/rawDataTDSC_LIBD001/raw-data/_recurrent_Psomagen_transfers/AN00026324/AN00026324_10X_RawData_Outs/HDp_015/237Y2HLT4/HDp_015_S1_L005_R2_001.fastq.gz,FALSE
Br3942,Br3942,lib_Br3942,/dcs04/lieber/lcolladotor/rawDataTDSC_LIBD001/raw-data/_recurrent_Psomagen_transfers/AN00026324/AN00026324_10X_RawData_Outs/HDp_015/237Y2HLT4/HDp_015_S1_L006_I1_001.fastq.gz,FALSE
Br3942,Br3942,lib_Br3942,/dcs04/lieber/lcolladotor/rawDataTDSC_LIBD001/raw-data/_recurrent_Psomagen_transfers/AN00026324/AN00026324_10X_RawData_Outs/HDp_015/237Y2HLT4/HDp_015_S1_L006_I2_001.fastq.gz,FALSE
Br3942,Br3942,lib_Br3942,/dcs04/lieber/lcolladotor/rawDataTDSC_LIBD001/raw-data/_recurrent_Psomagen_transfers/AN00026324/AN00026324_10X_RawData_Outs/HDp_015/237Y2HLT4/HDp_015_S1_L006_R1_001.fastq.gz,FALSE
Br3942,Br3942,lib_Br3942,/dcs04/lieber/lcolladotor/rawDataTDSC_LIBD001/raw-data/_recurrent_Psomagen_transfers/AN00026324/AN00026324_10X_RawData_Outs/HDp_015/237Y2HLT4/HDp_015_S1_L006_R2_001.fastq.gz,FALSE
Br3942,Br3942,lib_Br3942,/dcs04/lieber/lcolladotor/rawDataTDSC_LIBD001/raw-data/_recurrent_Psomagen_transfers/AN00026324/AN00026324_10X_RawData_Outs/HDp_015/2332C7LT4/HDp_015_S1_L001_I1_001.fastq.gz,FALSE
Br3942,Br3942,lib_Br3942,/dcs04/lieber/lcolladotor/rawDataTDSC_LIBD001/raw-data/_recurrent_Psomagen_transfers/AN00026324/AN00026324_10X_RawData_Outs/HDp_015/2332C7LT4/HDp_015_S1_L001_I2_001.fastq.gz,FALSE
Br3942,Br3942,lib_Br3942,/dcs04/lieber/lcolladotor/rawDataTDSC_LIBD001/raw-data/_recurrent_Psomagen_transfers/AN00026324/AN00026324_10X_RawData_Outs/HDp_015/2332C7LT4/HDp_015_S1_L001_R1_001.fastq.gz,FALSE
Br3942,Br3942,lib_Br3942,/dcs04/lieber/lcolladotor/rawDataTDSC_LIBD001/raw-data/_recurrent_Psomagen_transfers/AN00026324/AN00026324_10X_RawData_Outs/HDp_015/2332C7LT4/HDp_015_S1_L001_R2_001.fastq.gz,FALSE
Br9902,Br9902,lib_Br9902,/dcs04/lieber/lcolladotor/rawDataTDSC_LIBD001/raw-data/_recurrent_Psomagen_transfers/AN00026324/AN00026324_10X_RawData_Outs/HDp_016/237Y2HLT4/HDp_016_S2_L001_I1_001.fastq.gz,FALSE
Br9902,Br9902,lib_Br9902,/dcs04/lieber/lcolladotor/rawDataTDSC_LIBD001/raw-data/_recurrent_Psomagen_transfers/AN00026324/AN00026324_10X_RawData_Outs/HDp_016/237Y2HLT4/HDp_016_S2_L001_I2_001.fastq.gz,FALSE
Br9902,Br9902,lib_Br9902,/dcs04/lieber/lcolladotor/rawDataTDSC_LIBD001/raw-data/_recurrent_Psomagen_transfers/AN00026324/AN00026324_10X_RawData_Outs/HDp_016/237Y2HLT4/HDp_016_S2_L001_R1_001.fastq.gz,FALSE
Br9902,Br9902,lib_Br9902,/dcs04/lieber/lcolladotor/rawDataTDSC_LIBD001/raw-data/_recurrent_Psomagen_transfers/AN00026324/AN00026324_10X_RawData_Outs/HDp_016/237Y2HLT4/HDp_016_S2_L001_R2_001.fastq.gz,FALSE
Br9902,Br9902,lib_Br9902,/dcs04/lieber/lcolladotor/rawDataTDSC_LIBD001/raw-data/_recurrent_Psomagen_transfers/AN00026324/AN00026324_10X_RawData_Outs/HDp_016/237Y2HLT4/HDp_016_S2_L002_I1_001.fastq.gz,FALSE
Br9902,Br9902,lib_Br9902,/dcs04/lieber/lcolladotor/rawDataTDSC_LIBD001/raw-data/_recurrent_Psomagen_transfers/AN00026324/AN00026324_10X_RawData_Outs/HDp_016/237Y2HLT4/HDp_016_S2_L002_I2_001.fastq.gz,FALSE
Br9902,Br9902,lib_Br9902,/dcs04/lieber/lcolladotor/rawDataTDSC_LIBD001/raw-data/_recurrent_Psomagen_transfers/AN00026324/AN00026324_10X_RawData_Outs/HDp_016/237Y2HLT4/HDp_016_S2_L002_R1_001.fastq.gz,FALSE
Br9902,Br9902,lib_Br9902,/dcs04/lieber/lcolladotor/rawDataTDSC_LIBD001/raw-data/_recurrent_Psomagen_transfers/AN00026324/AN00026324_10X_RawData_Outs/HDp_016/237Y2HLT4/HDp_016_S2_L002_R2_001.fastq.gz,FALSE
Br9902,Br9902,lib_Br9902,/dcs04/lieber/lcolladotor/rawDataTDSC_LIBD001/raw-data/_recurrent_Psomagen_transfers/AN00026324/AN00026324_10X_RawData_Outs/HDp_016/237Y2HLT4/HDp_016_S2_L003_I1_001.fastq.gz,FALSE
Br9902,Br9902,lib_Br9902,/dcs04/lieber/lcolladotor/rawDataTDSC_LIBD001/raw-data/_recurrent_Psomagen_transfers/AN00026324/AN00026324_10X_RawData_Outs/HDp_016/237Y2HLT4/HDp_016_S2_L003_I2_001.fastq.gz,FALSE
Br9902,Br9902,lib_Br9902,/dcs04/lieber/lcolladotor/rawDataTDSC_LIBD001/raw-data/_recurrent_Psomagen_transfers/AN00026324/AN00026324_10X_RawData_Outs/HDp_016/237Y2HLT4/HDp_016_S2_L003_R1_001.fastq.gz,FALSE
Br9902,Br9902,lib_Br9902,/dcs04/lieber/lcolladotor/rawDataTDSC_LIBD001/raw-data/_recurrent_Psomagen_transfers/AN00026324/AN00026324_10X_RawData_Outs/HDp_016/237Y2HLT4/HDp_016_S2_L003_R2_001.fastq.gz,FALSE
Br9902,Br9902,lib_Br9902,/dcs04/lieber/lcolladotor/rawDataTDSC_LIBD001/raw-data/_recurrent_Psomagen_transfers/AN00026324/AN00026324_10X_RawData_Outs/HDp_016/237Y2HLT4/HDp_016_S2_L004_I1_001.fastq.gz,FALSE
Br9902,Br9902,lib_Br9902,/dcs04/lieber/lcolladotor/rawDataTDSC_LIBD001/raw-data/_recurrent_Psomagen_transfers/AN00026324/AN00026324_10X_RawData_Outs/HDp_016/237Y2HLT4/HDp_016_S2_L004_I2_001.fastq.gz,FALSE
Br9902,Br9902,lib_Br9902,/dcs04/lieber/lcolladotor/rawDataTDSC_LIBD001/raw-data/_recurrent_Psomagen_transfers/AN00026324/AN00026324_10X_RawData_Outs/HDp_016/237Y2HLT4/HDp_016_S2_L004_R1_001.fastq.gz,FALSE
Br9902,Br9902,lib_Br9902,/dcs04/lieber/lcolladotor/rawDataTDSC_LIBD001/raw-data/_recurrent_Psomagen_transfers/AN00026324/AN00026324_10X_RawData_Outs/HDp_016/237Y2HLT4/HDp_016_S2_L004_R2_001.fastq.gz,FALSE
Br9902,Br9902,lib_Br9902,/dcs04/lieber/lcolladotor/rawDataTDSC_LIBD001/raw-data/_recurrent_Psomagen_transfers/AN00026324/AN00026324_10X_RawData_Outs/HDp_016/237Y2HLT4/HDp_016_S2_L005_I1_001.fastq.gz,FALSE
Br9902,Br9902,lib_Br9902,/dcs04/lieber/lcolladotor/rawDataTDSC_LIBD001/raw-data/_recurrent_Psomagen_transfers/AN00026324/AN00026324_10X_RawData_Outs/HDp_016/237Y2HLT4/HDp_016_S2_L005_I2_001.fastq.gz,FALSE
Br9902,Br9902,lib_Br9902,/dcs04/lieber/lcolladotor/rawDataTDSC_LIBD001/raw-data/_recurrent_Psomagen_transfers/AN00026324/AN00026324_10X_RawData_Outs/HDp_016/237Y2HLT4/HDp_016_S2_L005_R1_001.fastq.gz,FALSE
Br9902,Br9902,lib_Br9902,/dcs04/lieber/lcolladotor/rawDataTDSC_LIBD001/raw-data/_recurrent_Psomagen_transfers/AN00026324/AN00026324_10X_RawData_Outs/HDp_016/237Y2HLT4/HDp_016_S2_L005_R2_001.fastq.gz,FALSE
Br9902,Br9902,lib_Br9902,/dcs04/lieber/lcolladotor/rawDataTDSC_LIBD001/raw-data/_recurrent_Psomagen_transfers/AN00026324/AN00026324_10X_RawData_Outs/HDp_016/237Y2HLT4/HDp_016_S2_L006_I1_001.fastq.gz,FALSE
Br9902,Br9902,lib_Br9902,/dcs04/lieber/lcolladotor/rawDataTDSC_LIBD001/raw-data/_recurrent_Psomagen_transfers/AN00026324/AN00026324_10X_RawData_Outs/HDp_016/237Y2HLT4/HDp_016_S2_L006_I2_001.fastq.gz,FALSE
Br9902,Br9902,lib_Br9902,/dcs04/lieber/lcolladotor/rawDataTDSC_LIBD001/raw-data/_recurrent_Psomagen_transfers/AN00026324/AN00026324_10X_RawData_Outs/HDp_016/237Y2HLT4/HDp_016_S2_L006_R1_001.fastq.gz,FALSE
Br9902,Br9902,lib_Br9902,/dcs04/lieber/lcolladotor/rawDataTDSC_LIBD001/raw-data/_recurrent_Psomagen_transfers/AN00026324/AN00026324_10X_RawData_Outs/HDp_016/237Y2HLT4/HDp_016_S2_L006_R2_001.fastq.gz,FALSE
Br9902,Br9902,lib_Br9902,/dcs04/lieber/lcolladotor/rawDataTDSC_LIBD001/raw-data/_recurrent_Psomagen_transfers/AN00026324/AN00026324_10X_RawData_Outs/HDp_016/2332C7LT4/HDp_016_S2_L001_I1_001.fastq.gz,FALSE
Br9902,Br9902,lib_Br9902,/dcs04/lieber/lcolladotor/rawDataTDSC_LIBD001/raw-data/_recurrent_Psomagen_transfers/AN00026324/AN00026324_10X_RawData_Outs/HDp_016/2332C7LT4/HDp_016_S2_L001_I2_001.fastq.gz,FALSE
Br9902,Br9902,lib_Br9902,/dcs04/lieber/lcolladotor/rawDataTDSC_LIBD001/raw-data/_recurrent_Psomagen_transfers/AN00026324/AN00026324_10X_RawData_Outs/HDp_016/2332C7LT4/HDp_016_S2_L001_R1_001.fastq.gz,FALSE
Br9902,Br9902,lib_Br9902,/dcs04/lieber/lcolladotor/rawDataTDSC_LIBD001/raw-data/_recurrent_Psomagen_transfers/AN00026324/AN00026324_10X_RawData_Outs/HDp_016/2332C7LT4/HDp_016_S2_L001_R2_001.fastq.gz,FALSE
Br8433,Br8433,lib_Br8433,/dcs04/lieber/lcolladotor/rawDataTDSC_LIBD001/raw-data/_recurrent_Psomagen_transfers/AN00022573/AN00022573_10X_RawData_Outs/HDp_007/22L3HWLT4/HDp_007_S1_L004_I1_001.fastq.gz,FALSE
Br8433,Br8433,lib_Br8433,/dcs04/lieber/lcolladotor/rawDataTDSC_LIBD001/raw-data/_recurrent_Psomagen_transfers/AN00022573/AN00022573_10X_RawData_Outs/HDp_007/22L3HWLT4/HDp_007_S1_L004_I2_001.fastq.gz,FALSE
Br8433,Br8433,lib_Br8433,/dcs04/lieber/lcolladotor/rawDataTDSC_LIBD001/raw-data/_recurrent_Psomagen_transfers/AN00022573/AN00022573_10X_RawData_Outs/HDp_007/22L3HWLT4/HDp_007_S1_L004_R1_001.fastq.gz,FALSE
Br8433,Br8433,lib_Br8433,/dcs04/lieber/lcolladotor/rawDataTDSC_LIBD001/raw-data/_recurrent_Psomagen_transfers/AN00022573/AN00022573_10X_RawData_Outs/HDp_007/22L3HWLT4/HDp_007_S1_L004_R2_001.fastq.gz,FALSE
Br8667,Br8667,lib_Br8667,/dcs04/lieber/lcolladotor/rawDataTDSC_LIBD001/raw-data/_recurrent_Psomagen_transfers/AN00022573/AN00022573_10X_RawData_Outs/HDp_008/22L3HWLT4/HDp_008_S3_L004_I1_001.fastq.gz,FALSE
Br8667,Br8667,lib_Br8667,/dcs04/lieber/lcolladotor/rawDataTDSC_LIBD001/raw-data/_recurrent_Psomagen_transfers/AN00022573/AN00022573_10X_RawData_Outs/HDp_008/22L3HWLT4/HDp_008_S3_L004_I2_001.fastq.gz,FALSE
Br8667,Br8667,lib_Br8667,/dcs04/lieber/lcolladotor/rawDataTDSC_LIBD001/raw-data/_recurrent_Psomagen_transfers/AN00022573/AN00022573_10X_RawData_Outs/HDp_008/22L3HWLT4/HDp_008_S3_L004_R1_001.fastq.gz,FALSE
Br8667,Br8667,lib_Br8667,/dcs04/lieber/lcolladotor/rawDataTDSC_LIBD001/raw-data/_recurrent_Psomagen_transfers/AN00022573/AN00022573_10X_RawData_Outs/HDp_008/22L3HWLT4/HDp_008_S3_L004_R2_001.fastq.gz,FALSE
Br9090,Br9090,lib_Br9090,/dcs04/lieber/lcolladotor/rawDataTDSC_LIBD001/raw-data/_recurrent_Psomagen_transfers/AN00021208/AN00021208_10X_RawData_Outs/HDp_004/22HCW7LT4/HDp_004_S1_L008_I1_001.fastq.gz,FALSE
Br9090,Br9090,lib_Br9090,/dcs04/lieber/lcolladotor/rawDataTDSC_LIBD001/raw-data/_recurrent_Psomagen_transfers/AN00021208/AN00021208_10X_RawData_Outs/HDp_004/22HCW7LT4/HDp_004_S1_L008_I2_001.fastq.gz,FALSE
Br9090,Br9090,lib_Br9090,/dcs04/lieber/lcolladotor/rawDataTDSC_LIBD001/raw-data/_recurrent_Psomagen_transfers/AN00021208/AN00021208_10X_RawData_Outs/HDp_004/22HCW7LT4/HDp_004_S1_L008_R1_001.fastq.gz,FALSE
Br9090,Br9090,lib_Br9090,/dcs04/lieber/lcolladotor/rawDataTDSC_LIBD001/raw-data/_recurrent_Psomagen_transfers/AN00021208/AN00021208_10X_RawData_Outs/HDp_004/22HCW7LT4/HDp_004_S1_L008_R2_001.fastq.gz,FALSE
Br9090,Br9090,lib_Br9090,/dcs04/lieber/lcolladotor/Habenula_R01_LIBD4270/Habenula_Visium/raw-data/images/vis-hd/CAVG10676_2024-08-21_13-19-15_2024-08-21_12-55-59_H1-W369TJK_D1_HDp_004_Hb.tif,TRUE
Br8433,Br8433,lib_Br8433,/dcs04/lieber/lcolladotor/Habenula_R01_LIBD4270/Habenula_Visium/raw-data/images/vis-hd/CAVG10676_2024-11-27_12-47-19_2024-11-27_12-07-11_H1-MVPY9BW_A1_HDp-007.tif,TRUE
Br8667,Br8667,lib_Br8667,/dcs04/lieber/lcolladotor/Habenula_R01_LIBD4270/Habenula_Visium/raw-data/images/vis-hd/CAVG10676_2024-11-27_12-47-19_2024-11-27_12-07-11_H1-MVPY9BW_D1_HDp-008.tif,TRUE
Br3942,Br3942,lib_Br3942,/dcs04/lieber/lcolladotor/Habenula_R01_LIBD4270/Habenula_Visium/raw-data/images/vis-hd/CAVG10676_2025-08-27_12-22-24_2025-08-27_11-33-52_H1-6FX4YN3_A1_HDp-015-BBr3942.tif,TRUE
Br9902,Br9902,lib_Br9902,/dcs04/lieber/lcolladotor/Habenula_R01_LIBD4270/Habenula_Visium/raw-data/images/vis-hd/CAVG10676_2025-08-27_12-22-24_2025-08-27_11-33-52_H1-6FX4YN3_D1_HDp_016-Br9902.tif,TRUE
Br8518,V13B23-285,lib_V13B23-285,/dcs04/lieber/lcolladotor/rawDataTDSC_LIBD001/raw-data/24-03-25/FC01JHU501/2v_Hb_KDM_S9_L001_I1_001.fastq.gz,FALSE
Br8518,V13B23-285,lib_V13B23-285,/dcs04/lieber/lcolladotor/rawDataTDSC_LIBD001/raw-data/24-03-25/FC01JHU501/2v_Hb_KDM_S9_L001_I2_001.fastq.gz,FALSE
Br8518,V13B23-285,lib_V13B23-285,/dcs04/lieber/lcolladotor/rawDataTDSC_LIBD001/raw-data/24-03-25/FC01JHU501/2v_Hb_KDM_S9_L001_R1_001.fastq.gz,FALSE
Br8518,V13B23-285,lib_V13B23-285,/dcs04/lieber/lcolladotor/rawDataTDSC_LIBD001/raw-data/24-03-25/FC01JHU501/2v_Hb_KDM_S9_L001_R2_001.fastq.gz,FALSE
Br8518,V13B23-285,lib_V13B23-285,/dcs04/lieber/lcolladotor/rawDataTDSC_LIBD001/raw-data/24-03-25/FC01JHU501/2v_Hb_KDM_S9_L002_I1_001.fastq.gz,FALSE
Br8518,V13B23-285,lib_V13B23-285,/dcs04/lieber/lcolladotor/rawDataTDSC_LIBD001/raw-data/24-03-25/FC01JHU501/2v_Hb_KDM_S9_L002_I2_001.fastq.gz,FALSE
Br8518,V13B23-285,lib_V13B23-285,/dcs04/lieber/lcolladotor/rawDataTDSC_LIBD001/raw-data/24-03-25/FC01JHU501/2v_Hb_KDM_S9_L002_R1_001.fastq.gz,FALSE
Br8518,V13B23-285,lib_V13B23-285,/dcs04/lieber/lcolladotor/rawDataTDSC_LIBD001/raw-data/24-03-25/FC01JHU501/2v_Hb_KDM_S9_L002_R2_001.fastq.gz,FALSE
Br8518,V13B23-285,lib_V13B23-285,/dcs04/lieber/lcolladotor/rawDataTDSC_LIBD001/raw-data/24-03-25/FC01JHU501/2v_Hb_KDM_S9_L003_I1_001.fastq.gz,FALSE
Br8518,V13B23-285,lib_V13B23-285,/dcs04/lieber/lcolladotor/rawDataTDSC_LIBD001/raw-data/24-03-25/FC01JHU501/2v_Hb_KDM_S9_L003_I2_001.fastq.gz,FALSE
Br8518,V13B23-285,lib_V13B23-285,/dcs04/lieber/lcolladotor/rawDataTDSC_LIBD001/raw-data/24-03-25/FC01JHU501/2v_Hb_KDM_S9_L003_R1_001.fastq.gz,FALSE
Br8518,V13B23-285,lib_V13B23-285,/dcs04/lieber/lcolladotor/rawDataTDSC_LIBD001/raw-data/24-03-25/FC01JHU501/2v_Hb_KDM_S9_L003_R2_001.fastq.gz,FALSE
Br8518,V13B23-285,lib_V13B23-285,/dcs04/lieber/lcolladotor/rawDataTDSC_LIBD001/raw-data/24-03-25/FC01JHU501/2v_Hb_KDM_S9_L004_I1_001.fastq.gz,FALSE
Br8518,V13B23-285,lib_V13B23-285,/dcs04/lieber/lcolladotor/rawDataTDSC_LIBD001/raw-data/24-03-25/FC01JHU501/2v_Hb_KDM_S9_L004_I2_001.fastq.gz,FALSE
Br8518,V13B23-285,lib_V13B23-285,/dcs04/lieber/lcolladotor/rawDataTDSC_LIBD001/raw-data/24-03-25/FC01JHU501/2v_Hb_KDM_S9_L004_R1_001.fastq.gz,FALSE
Br8518,V13B23-285,lib_V13B23-285,/dcs04/lieber/lcolladotor/rawDataTDSC_LIBD001/raw-data/24-03-25/FC01JHU501/2v_Hb_KDM_S9_L004_R2_001.fastq.gz,FALSE
Br8518,V13B23-285,lib_V13B23-285,/dcs04/lieber/lcolladotor/rawDataTDSC_LIBD001/raw-data/24-03-25/FC01JHU501/3v_Hb_KDM_S10_L001_I1_001.fastq.gz,FALSE
Br8518,V13B23-285,lib_V13B23-285,/dcs04/lieber/lcolladotor/rawDataTDSC_LIBD001/raw-data/24-03-25/FC01JHU501/3v_Hb_KDM_S10_L001_I2_001.fastq.gz,FALSE
Br8518,V13B23-285,lib_V13B23-285,/dcs04/lieber/lcolladotor/rawDataTDSC_LIBD001/raw-data/24-03-25/FC01JHU501/3v_Hb_KDM_S10_L001_R1_001.fastq.gz,FALSE
Br8518,V13B23-285,lib_V13B23-285,/dcs04/lieber/lcolladotor/rawDataTDSC_LIBD001/raw-data/24-03-25/FC01JHU501/3v_Hb_KDM_S10_L001_R2_001.fastq.gz,FALSE
Br8518,V13B23-285,lib_V13B23-285,/dcs04/lieber/lcolladotor/rawDataTDSC_LIBD001/raw-data/24-03-25/FC01JHU501/3v_Hb_KDM_S10_L002_I1_001.fastq.gz,FALSE
Br8518,V13B23-285,lib_V13B23-285,/dcs04/lieber/lcolladotor/rawDataTDSC_LIBD001/raw-data/24-03-25/FC01JHU501/3v_Hb_KDM_S10_L002_I2_001.fastq.gz,FALSE
Br8518,V13B23-285,lib_V13B23-285,/dcs04/lieber/lcolladotor/rawDataTDSC_LIBD001/raw-data/24-03-25/FC01JHU501/3v_Hb_KDM_S10_L002_R1_001.fastq.gz,FALSE
Br8518,V13B23-285,lib_V13B23-285,/dcs04/lieber/lcolladotor/rawDataTDSC_LIBD001/raw-data/24-03-25/FC01JHU501/3v_Hb_KDM_S10_L002_R2_001.fastq.gz,FALSE
Br8518,V13B23-285,lib_V13B23-285,/dcs04/lieber/lcolladotor/rawDataTDSC_LIBD001/raw-data/24-03-25/FC01JHU501/3v_Hb_KDM_S10_L003_I1_001.fastq.gz,FALSE
Br8518,V13B23-285,lib_V13B23-285,/dcs04/lieber/lcolladotor/rawDataTDSC_LIBD001/raw-data/24-03-25/FC01JHU501/3v_Hb_KDM_S10_L003_I2_001.fastq.gz,FALSE
Br8518,V13B23-285,lib_V13B23-285,/dcs04/lieber/lcolladotor/rawDataTDSC_LIBD001/raw-data/24-03-25/FC01JHU501/3v_Hb_KDM_S10_L003_R1_001.fastq.gz,FALSE
Br8518,V13B23-285,lib_V13B23-285,/dcs04/lieber/lcolladotor/rawDataTDSC_LIBD001/raw-data/24-03-25/FC01JHU501/3v_Hb_KDM_S10_L003_R2_001.fastq.gz,FALSE
Br8518,V13B23-285,lib_V13B23-285,/dcs04/lieber/lcolladotor/rawDataTDSC_LIBD001/raw-data/24-03-25/FC01JHU501/3v_Hb_KDM_S10_L004_I1_001.fastq.gz,FALSE
Br8518,V13B23-285,lib_V13B23-285,/dcs04/lieber/lcolladotor/rawDataTDSC_LIBD001/raw-data/24-03-25/FC01JHU501/3v_Hb_KDM_S10_L004_I2_001.fastq.gz,FALSE
Br8518,V13B23-285,lib_V13B23-285,/dcs04/lieber/lcolladotor/rawDataTDSC_LIBD001/raw-data/24-03-25/FC01JHU501/3v_Hb_KDM_S10_L004_R1_001.fastq.gz,FALSE
Br8518,V13B23-285,lib_V13B23-285,/dcs04/lieber/lcolladotor/rawDataTDSC_LIBD001/raw-data/24-03-25/FC01JHU501/3v_Hb_KDM_S10_L004_R2_001.fastq.gz,FALSE
Br8518,V13B23-285,lib_V13B23-285,/dcs04/lieber/lcolladotor/rawDataTDSC_LIBD001/raw-data/24-03-25/FC01JHU501/4v_Hb_KDM_S11_L001_I1_001.fastq.gz,FALSE
Br8518,V13B23-285,lib_V13B23-285,/dcs04/lieber/lcolladotor/rawDataTDSC_LIBD001/raw-data/24-03-25/FC01JHU501/4v_Hb_KDM_S11_L001_I2_001.fastq.gz,FALSE
Br8518,V13B23-285,lib_V13B23-285,/dcs04/lieber/lcolladotor/rawDataTDSC_LIBD001/raw-data/24-03-25/FC01JHU501/4v_Hb_KDM_S11_L001_R1_001.fastq.gz,FALSE
Br8518,V13B23-285,lib_V13B23-285,/dcs04/lieber/lcolladotor/rawDataTDSC_LIBD001/raw-data/24-03-25/FC01JHU501/4v_Hb_KDM_S11_L001_R2_001.fastq.gz,FALSE
Br8518,V13B23-285,lib_V13B23-285,/dcs04/lieber/lcolladotor/rawDataTDSC_LIBD001/raw-data/24-03-25/FC01JHU501/4v_Hb_KDM_S11_L002_I1_001.fastq.gz,FALSE
Br8518,V13B23-285,lib_V13B23-285,/dcs04/lieber/lcolladotor/rawDataTDSC_LIBD001/raw-data/24-03-25/FC01JHU501/4v_Hb_KDM_S11_L002_I2_001.fastq.gz,FALSE
Br8518,V13B23-285,lib_V13B23-285,/dcs04/lieber/lcolladotor/rawDataTDSC_LIBD001/raw-data/24-03-25/FC01JHU501/4v_Hb_KDM_S11_L002_R1_001.fastq.gz,FALSE
Br8518,V13B23-285,lib_V13B23-285,/dcs04/lieber/lcolladotor/rawDataTDSC_LIBD001/raw-data/24-03-25/FC01JHU501/4v_Hb_KDM_S11_L002_R2_001.fastq.gz,FALSE
Br8518,V13B23-285,lib_V13B23-285,/dcs04/lieber/lcolladotor/rawDataTDSC_LIBD001/raw-data/24-03-25/FC01JHU501/4v_Hb_KDM_S11_L003_I1_001.fastq.gz,FALSE
Br8518,V13B23-285,lib_V13B23-285,/dcs04/lieber/lcolladotor/rawDataTDSC_LIBD001/raw-data/24-03-25/FC01JHU501/4v_Hb_KDM_S11_L003_I2_001.fastq.gz,FALSE
Br8518,V13B23-285,lib_V13B23-285,/dcs04/lieber/lcolladotor/rawDataTDSC_LIBD001/raw-data/24-03-25/FC01JHU501/4v_Hb_KDM_S11_L003_R1_001.fastq.gz,FALSE
Br8518,V13B23-285,lib_V13B23-285,/dcs04/lieber/lcolladotor/rawDataTDSC_LIBD001/raw-data/24-03-25/FC01JHU501/4v_Hb_KDM_S11_L003_R2_001.fastq.gz,FALSE
Br8518,V13B23-285,lib_V13B23-285,/dcs04/lieber/lcolladotor/rawDataTDSC_LIBD001/raw-data/24-03-25/FC01JHU501/4v_Hb_KDM_S11_L004_I1_001.fastq.gz,FALSE
Br8518,V13B23-285,lib_V13B23-285,/dcs04/lieber/lcolladotor/rawDataTDSC_LIBD001/raw-data/24-03-25/FC01JHU501/4v_Hb_KDM_S11_L004_I2_001.fastq.gz,FALSE
Br8518,V13B23-285,lib_V13B23-285,/dcs04/lieber/lcolladotor/rawDataTDSC_LIBD001/raw-data/24-03-25/FC01JHU501/4v_Hb_KDM_S11_L004_R1_001.fastq.gz,FALSE
Br8518,V13B23-285,lib_V13B23-285,/dcs04/lieber/lcolladotor/rawDataTDSC_LIBD001/raw-data/24-03-25/FC01JHU501/4v_Hb_KDM_S11_L004_R2_001.fastq.gz,FALSE
Br8518,V13B23-285,lib_V13B23-285,/dcs04/lieber/lcolladotor/rawDataTDSC_LIBD001/raw-data/24-03-25/FC01JHU501/5v_Hb_KDM_S12_L001_I1_001.fastq.gz,FALSE
Br8518,V13B23-285,lib_V13B23-285,/dcs04/lieber/lcolladotor/rawDataTDSC_LIBD001/raw-data/24-03-25/FC01JHU501/5v_Hb_KDM_S12_L001_I2_001.fastq.gz,FALSE
Br8518,V13B23-285,lib_V13B23-285,/dcs04/lieber/lcolladotor/rawDataTDSC_LIBD001/raw-data/24-03-25/FC01JHU501/5v_Hb_KDM_S12_L001_R1_001.fastq.gz,FALSE
Br8518,V13B23-285,lib_V13B23-285,/dcs04/lieber/lcolladotor/rawDataTDSC_LIBD001/raw-data/24-03-25/FC01JHU501/5v_Hb_KDM_S12_L001_R2_001.fastq.gz,FALSE
Br8518,V13B23-285,lib_V13B23-285,/dcs04/lieber/lcolladotor/rawDataTDSC_LIBD001/raw-data/24-03-25/FC01JHU501/5v_Hb_KDM_S12_L002_I1_001.fastq.gz,FALSE
Br8518,V13B23-285,lib_V13B23-285,/dcs04/lieber/lcolladotor/rawDataTDSC_LIBD001/raw-data/24-03-25/FC01JHU501/5v_Hb_KDM_S12_L002_I2_001.fastq.gz,FALSE
Br8518,V13B23-285,lib_V13B23-285,/dcs04/lieber/lcolladotor/rawDataTDSC_LIBD001/raw-data/24-03-25/FC01JHU501/5v_Hb_KDM_S12_L002_R1_001.fastq.gz,FALSE
Br8518,V13B23-285,lib_V13B23-285,/dcs04/lieber/lcolladotor/rawDataTDSC_LIBD001/raw-data/24-03-25/FC01JHU501/5v_Hb_KDM_S12_L002_R2_001.fastq.gz,FALSE
Br8518,V13B23-285,lib_V13B23-285,/dcs04/lieber/lcolladotor/rawDataTDSC_LIBD001/raw-data/24-03-25/FC01JHU501/5v_Hb_KDM_S12_L003_I1_001.fastq.gz,FALSE
Br8518,V13B23-285,lib_V13B23-285,/dcs04/lieber/lcolladotor/rawDataTDSC_LIBD001/raw-data/24-03-25/FC01JHU501/5v_Hb_KDM_S12_L003_I2_001.fastq.gz,FALSE
Br8518,V13B23-285,lib_V13B23-285,/dcs04/lieber/lcolladotor/rawDataTDSC_LIBD001/raw-data/24-03-25/FC01JHU501/5v_Hb_KDM_S12_L003_R1_001.fastq.gz,FALSE
Br8518,V13B23-285,lib_V13B23-285,/dcs04/lieber/lcolladotor/rawDataTDSC_LIBD001/raw-data/24-03-25/FC01JHU501/5v_Hb_KDM_S12_L003_R2_001.fastq.gz,FALSE
Br8518,V13B23-285,lib_V13B23-285,/dcs04/lieber/lcolladotor/rawDataTDSC_LIBD001/raw-data/24-03-25/FC01JHU501/5v_Hb_KDM_S12_L004_I1_001.fastq.gz,FALSE
Br8518,V13B23-285,lib_V13B23-285,/dcs04/lieber/lcolladotor/rawDataTDSC_LIBD001/raw-data/24-03-25/FC01JHU501/5v_Hb_KDM_S12_L004_I2_001.fastq.gz,FALSE
Br8518,V13B23-285,lib_V13B23-285,/dcs04/lieber/lcolladotor/rawDataTDSC_LIBD001/raw-data/24-03-25/FC01JHU501/5v_Hb_KDM_S12_L004_R1_001.fastq.gz,FALSE
Br8518,V13B23-285,lib_V13B23-285,/dcs04/lieber/lcolladotor/rawDataTDSC_LIBD001/raw-data/24-03-25/FC01JHU501/5v_Hb_KDM_S12_L004_R2_001.fastq.gz,FALSE
Br9037,V13B23-280,lib_V13B23-280,/dcs04/lieber/lcolladotor/rawDataTDSC_LIBD001/raw-data/_recurrent_Psomagen_transfers/AN00022573/AN00022573_10X_RawData_Outs/14V_Hb_KDM/22L3HWLT4/14V_Hb_KDM_S1_L004_I1_001.fastq.gz,FALSE
Br9037,V13B23-280,lib_V13B23-280,/dcs04/lieber/lcolladotor/rawDataTDSC_LIBD001/raw-data/_recurrent_Psomagen_transfers/AN00022573/AN00022573_10X_RawData_Outs/14V_Hb_KDM/22L3HWLT4/14V_Hb_KDM_S1_L004_I2_001.fastq.gz,FALSE
Br9037,V13B23-280,lib_V13B23-280,/dcs04/lieber/lcolladotor/rawDataTDSC_LIBD001/raw-data/_recurrent_Psomagen_transfers/AN00022573/AN00022573_10X_RawData_Outs/14V_Hb_KDM/22L3HWLT4/14V_Hb_KDM_S1_L004_R1_001.fastq.gz,FALSE
Br9037,V13B23-280,lib_V13B23-280,/dcs04/lieber/lcolladotor/rawDataTDSC_LIBD001/raw-data/_recurrent_Psomagen_transfers/AN00022573/AN00022573_10X_RawData_Outs/14V_Hb_KDM/22L3HWLT4/14V_Hb_KDM_S1_L004_R2_001.fastq.gz,FALSE
Br9037,V13B23-280,lib_V13B23-280,/dcs04/lieber/lcolladotor/rawDataTDSC_LIBD001/raw-data/_recurrent_Psomagen_transfers/AN00022573/AN00022573_10X_RawData_Outs/15V_Hb_KDM/22L3HWLT4/15V_Hb_KDM_S3_L004_I1_001.fastq.gz,FALSE
Br9037,V13B23-280,lib_V13B23-280,/dcs04/lieber/lcolladotor/rawDataTDSC_LIBD001/raw-data/_recurrent_Psomagen_transfers/AN00022573/AN00022573_10X_RawData_Outs/15V_Hb_KDM/22L3HWLT4/15V_Hb_KDM_S3_L004_I2_001.fastq.gz,FALSE
Br9037,V13B23-280,lib_V13B23-280,/dcs04/lieber/lcolladotor/rawDataTDSC_LIBD001/raw-data/_recurrent_Psomagen_transfers/AN00022573/AN00022573_10X_RawData_Outs/15V_Hb_KDM/22L3HWLT4/15V_Hb_KDM_S3_L004_R1_001.fastq.gz,FALSE
Br9037,V13B23-280,lib_V13B23-280,/dcs04/lieber/lcolladotor/rawDataTDSC_LIBD001/raw-data/_recurrent_Psomagen_transfers/AN00022573/AN00022573_10X_RawData_Outs/15V_Hb_KDM/22L3HWLT4/15V_Hb_KDM_S3_L004_R2_001.fastq.gz,FALSE
Br9037,V13B23-280,lib_V13B23-280,/dcs04/lieber/lcolladotor/rawDataTDSC_LIBD001/raw-data/_recurrent_Psomagen_transfers/AN00022573/AN00022573_10X_RawData_Outs/16V_Hb_KDM/22L3HWLT4/16V_Hb_KDM_S4_L004_I1_001.fastq.gz,FALSE
Br9037,V13B23-280,lib_V13B23-280,/dcs04/lieber/lcolladotor/rawDataTDSC_LIBD001/raw-data/_recurrent_Psomagen_transfers/AN00022573/AN00022573_10X_RawData_Outs/16V_Hb_KDM/22L3HWLT4/16V_Hb_KDM_S4_L004_I2_001.fastq.gz,FALSE
Br9037,V13B23-280,lib_V13B23-280,/dcs04/lieber/lcolladotor/rawDataTDSC_LIBD001/raw-data/_recurrent_Psomagen_transfers/AN00022573/AN00022573_10X_RawData_Outs/16V_Hb_KDM/22L3HWLT4/16V_Hb_KDM_S4_L004_R1_001.fastq.gz,FALSE
Br9037,V13B23-280,lib_V13B23-280,/dcs04/lieber/lcolladotor/rawDataTDSC_LIBD001/raw-data/_recurrent_Psomagen_transfers/AN00022573/AN00022573_10X_RawData_Outs/16V_Hb_KDM/22L3HWLT4/16V_Hb_KDM_S4_L004_R2_001.fastq.gz,FALSE
Br9037,V13B23-280,lib_V13B23-280,/dcs04/lieber/lcolladotor/rawDataTDSC_LIBD001/raw-data/_recurrent_Psomagen_transfers/AN00022573/AN00022573_10X_RawData_Outs/17V_Hb_KDM/22L3HWLT4/17V_Hb_KDM_S2_L004_I1_001.fastq.gz,FALSE
Br9037,V13B23-280,lib_V13B23-280,/dcs04/lieber/lcolladotor/rawDataTDSC_LIBD001/raw-data/_recurrent_Psomagen_transfers/AN00022573/AN00022573_10X_RawData_Outs/17V_Hb_KDM/22L3HWLT4/17V_Hb_KDM_S2_L004_I2_001.fastq.gz,FALSE
Br9037,V13B23-280,lib_V13B23-280,/dcs04/lieber/lcolladotor/rawDataTDSC_LIBD001/raw-data/_recurrent_Psomagen_transfers/AN00022573/AN00022573_10X_RawData_Outs/17V_Hb_KDM/22L3HWLT4/17V_Hb_KDM_S2_L004_R1_001.fastq.gz,FALSE
Br9037,V13B23-280,lib_V13B23-280,/dcs04/lieber/lcolladotor/rawDataTDSC_LIBD001/raw-data/_recurrent_Psomagen_transfers/AN00022573/AN00022573_10X_RawData_Outs/17V_Hb_KDM/22L3HWLT4/17V_Hb_KDM_S2_L004_R2_001.fastq.gz,FALSE
Br8518,V13B23-285,lib_V13B23-285,/dcs04/lieber/lcolladotor/rawDataTDSC_LIBD001/raw-data/2024-04-26-SKCC_rerun/2v_Hb_KDM_S9_L001_I1_001.fastq.gz,FALSE
Br8518,V13B23-285,lib_V13B23-285,/dcs04/lieber/lcolladotor/rawDataTDSC_LIBD001/raw-data/2024-04-26-SKCC_rerun/2v_Hb_KDM_S9_L001_I2_001.fastq.gz,FALSE
Br8518,V13B23-285,lib_V13B23-285,/dcs04/lieber/lcolladotor/rawDataTDSC_LIBD001/raw-data/2024-04-26-SKCC_rerun/2v_Hb_KDM_S9_L001_R1_001.fastq.gz,FALSE
Br8518,V13B23-285,lib_V13B23-285,/dcs04/lieber/lcolladotor/rawDataTDSC_LIBD001/raw-data/2024-04-26-SKCC_rerun/2v_Hb_KDM_S9_L001_R2_001.fastq.gz,FALSE
Br8518,V13B23-285,lib_V13B23-285,/dcs04/lieber/lcolladotor/rawDataTDSC_LIBD001/raw-data/2024-04-26-SKCC_rerun/2v_Hb_KDM_S9_L002_I1_001.fastq.gz,FALSE
Br8518,V13B23-285,lib_V13B23-285,/dcs04/lieber/lcolladotor/rawDataTDSC_LIBD001/raw-data/2024-04-26-SKCC_rerun/2v_Hb_KDM_S9_L002_I2_001.fastq.gz,FALSE
Br8518,V13B23-285,lib_V13B23-285,/dcs04/lieber/lcolladotor/rawDataTDSC_LIBD001/raw-data/2024-04-26-SKCC_rerun/2v_Hb_KDM_S9_L002_R1_001.fastq.gz,FALSE
Br8518,V13B23-285,lib_V13B23-285,/dcs04/lieber/lcolladotor/rawDataTDSC_LIBD001/raw-data/2024-04-26-SKCC_rerun/2v_Hb_KDM_S9_L002_R2_001.fastq.gz,FALSE
Br8518,V13B23-285,lib_V13B23-285,/dcs04/lieber/lcolladotor/rawDataTDSC_LIBD001/raw-data/2024-04-26-SKCC_rerun/2v_Hb_KDM_S9_L003_I1_001.fastq.gz,FALSE
Br8518,V13B23-285,lib_V13B23-285,/dcs04/lieber/lcolladotor/rawDataTDSC_LIBD001/raw-data/2024-04-26-SKCC_rerun/2v_Hb_KDM_S9_L003_I2_001.fastq.gz,FALSE
Br8518,V13B23-285,lib_V13B23-285,/dcs04/lieber/lcolladotor/rawDataTDSC_LIBD001/raw-data/2024-04-26-SKCC_rerun/2v_Hb_KDM_S9_L003_R1_001.fastq.gz,FALSE
Br8518,V13B23-285,lib_V13B23-285,/dcs04/lieber/lcolladotor/rawDataTDSC_LIBD001/raw-data/2024-04-26-SKCC_rerun/2v_Hb_KDM_S9_L003_R2_001.fastq.gz,FALSE
Br8518,V13B23-285,lib_V13B23-285,/dcs04/lieber/lcolladotor/rawDataTDSC_LIBD001/raw-data/2024-04-26-SKCC_rerun/2v_Hb_KDM_S9_L004_I1_001.fastq.gz,FALSE
Br8518,V13B23-285,lib_V13B23-285,/dcs04/lieber/lcolladotor/rawDataTDSC_LIBD001/raw-data/2024-04-26-SKCC_rerun/2v_Hb_KDM_S9_L004_I2_001.fastq.gz,FALSE
Br8518,V13B23-285,lib_V13B23-285,/dcs04/lieber/lcolladotor/rawDataTDSC_LIBD001/raw-data/2024-04-26-SKCC_rerun/2v_Hb_KDM_S9_L004_R1_001.fastq.gz,FALSE
Br8518,V13B23-285,lib_V13B23-285,/dcs04/lieber/lcolladotor/rawDataTDSC_LIBD001/raw-data/2024-04-26-SKCC_rerun/2v_Hb_KDM_S9_L004_R2_001.fastq.gz,FALSE
Br8518,V13B23-285,lib_V13B23-285,/dcs04/lieber/lcolladotor/rawDataTDSC_LIBD001/raw-data/2024-04-26-SKCC_rerun/3v_Hb_KDM_S10_L001_I1_001.fastq.gz,FALSE
Br8518,V13B23-285,lib_V13B23-285,/dcs04/lieber/lcolladotor/rawDataTDSC_LIBD001/raw-data/2024-04-26-SKCC_rerun/3v_Hb_KDM_S10_L001_I2_001.fastq.gz,FALSE
Br8518,V13B23-285,lib_V13B23-285,/dcs04/lieber/lcolladotor/rawDataTDSC_LIBD001/raw-data/2024-04-26-SKCC_rerun/3v_Hb_KDM_S10_L001_R1_001.fastq.gz,FALSE
Br8518,V13B23-285,lib_V13B23-285,/dcs04/lieber/lcolladotor/rawDataTDSC_LIBD001/raw-data/2024-04-26-SKCC_rerun/3v_Hb_KDM_S10_L001_R2_001.fastq.gz,FALSE
Br8518,V13B23-285,lib_V13B23-285,/dcs04/lieber/lcolladotor/rawDataTDSC_LIBD001/raw-data/2024-04-26-SKCC_rerun/3v_Hb_KDM_S10_L002_I1_001.fastq.gz,FALSE
Br8518,V13B23-285,lib_V13B23-285,/dcs04/lieber/lcolladotor/rawDataTDSC_LIBD001/raw-data/2024-04-26-SKCC_rerun/3v_Hb_KDM_S10_L002_I2_001.fastq.gz,FALSE
Br8518,V13B23-285,lib_V13B23-285,/dcs04/lieber/lcolladotor/rawDataTDSC_LIBD001/raw-data/2024-04-26-SKCC_rerun/3v_Hb_KDM_S10_L002_R1_001.fastq.gz,FALSE
Br8518,V13B23-285,lib_V13B23-285,/dcs04/lieber/lcolladotor/rawDataTDSC_LIBD001/raw-data/2024-04-26-SKCC_rerun/3v_Hb_KDM_S10_L002_R2_001.fastq.gz,FALSE
Br8518,V13B23-285,lib_V13B23-285,/dcs04/lieber/lcolladotor/rawDataTDSC_LIBD001/raw-data/2024-04-26-SKCC_rerun/3v_Hb_KDM_S10_L003_I1_001.fastq.gz,FALSE
Br8518,V13B23-285,lib_V13B23-285,/dcs04/lieber/lcolladotor/rawDataTDSC_LIBD001/raw-data/2024-04-26-SKCC_rerun/3v_Hb_KDM_S10_L003_I2_001.fastq.gz,FALSE
Br8518,V13B23-285,lib_V13B23-285,/dcs04/lieber/lcolladotor/rawDataTDSC_LIBD001/raw-data/2024-04-26-SKCC_rerun/3v_Hb_KDM_S10_L003_R1_001.fastq.gz,FALSE
Br8518,V13B23-285,lib_V13B23-285,/dcs04/lieber/lcolladotor/rawDataTDSC_LIBD001/raw-data/2024-04-26-SKCC_rerun/3v_Hb_KDM_S10_L003_R2_001.fastq.gz,FALSE
Br8518,V13B23-285,lib_V13B23-285,/dcs04/lieber/lcolladotor/rawDataTDSC_LIBD001/raw-data/2024-04-26-SKCC_rerun/3v_Hb_KDM_S10_L004_I1_001.fastq.gz,FALSE
Br8518,V13B23-285,lib_V13B23-285,/dcs04/lieber/lcolladotor/rawDataTDSC_LIBD001/raw-data/2024-04-26-SKCC_rerun/3v_Hb_KDM_S10_L004_I2_001.fastq.gz,FALSE
Br8518,V13B23-285,lib_V13B23-285,/dcs04/lieber/lcolladotor/rawDataTDSC_LIBD001/raw-data/2024-04-26-SKCC_rerun/3v_Hb_KDM_S10_L004_R1_001.fastq.gz,FALSE
Br8518,V13B23-285,lib_V13B23-285,/dcs04/lieber/lcolladotor/rawDataTDSC_LIBD001/raw-data/2024-04-26-SKCC_rerun/3v_Hb_KDM_S10_L004_R2_001.fastq.gz,FALSE
Br8518,V13B23-285,lib_V13B23-285,/dcs04/lieber/lcolladotor/rawDataTDSC_LIBD001/raw-data/2024-04-26-SKCC_rerun/4v_Hb_KDM_S11_L001_I1_001.fastq.gz,FALSE
Br8518,V13B23-285,lib_V13B23-285,/dcs04/lieber/lcolladotor/rawDataTDSC_LIBD001/raw-data/2024-04-26-SKCC_rerun/4v_Hb_KDM_S11_L001_I2_001.fastq.gz,FALSE
Br8518,V13B23-285,lib_V13B23-285,/dcs04/lieber/lcolladotor/rawDataTDSC_LIBD001/raw-data/2024-04-26-SKCC_rerun/4v_Hb_KDM_S11_L001_R1_001.fastq.gz,FALSE
Br8518,V13B23-285,lib_V13B23-285,/dcs04/lieber/lcolladotor/rawDataTDSC_LIBD001/raw-data/2024-04-26-SKCC_rerun/4v_Hb_KDM_S11_L001_R2_001.fastq.gz,FALSE
Br8518,V13B23-285,lib_V13B23-285,/dcs04/lieber/lcolladotor/rawDataTDSC_LIBD001/raw-data/2024-04-26-SKCC_rerun/4v_Hb_KDM_S11_L002_I1_001.fastq.gz,FALSE
Br8518,V13B23-285,lib_V13B23-285,/dcs04/lieber/lcolladotor/rawDataTDSC_LIBD001/raw-data/2024-04-26-SKCC_rerun/4v_Hb_KDM_S11_L002_I2_001.fastq.gz,FALSE
Br8518,V13B23-285,lib_V13B23-285,/dcs04/lieber/lcolladotor/rawDataTDSC_LIBD001/raw-data/2024-04-26-SKCC_rerun/4v_Hb_KDM_S11_L002_R1_001.fastq.gz,FALSE
Br8518,V13B23-285,lib_V13B23-285,/dcs04/lieber/lcolladotor/rawDataTDSC_LIBD001/raw-data/2024-04-26-SKCC_rerun/4v_Hb_KDM_S11_L002_R2_001.fastq.gz,FALSE
Br8518,V13B23-285,lib_V13B23-285,/dcs04/lieber/lcolladotor/rawDataTDSC_LIBD001/raw-data/2024-04-26-SKCC_rerun/4v_Hb_KDM_S11_L003_I1_001.fastq.gz,FALSE
Br8518,V13B23-285,lib_V13B23-285,/dcs04/lieber/lcolladotor/rawDataTDSC_LIBD001/raw-data/2024-04-26-SKCC_rerun/4v_Hb_KDM_S11_L003_I2_001.fastq.gz,FALSE
Br8518,V13B23-285,lib_V13B23-285,/dcs04/lieber/lcolladotor/rawDataTDSC_LIBD001/raw-data/2024-04-26-SKCC_rerun/4v_Hb_KDM_S11_L003_R1_001.fastq.gz,FALSE
Br8518,V13B23-285,lib_V13B23-285,/dcs04/lieber/lcolladotor/rawDataTDSC_LIBD001/raw-data/2024-04-26-SKCC_rerun/4v_Hb_KDM_S11_L003_R2_001.fastq.gz,FALSE
Br8518,V13B23-285,lib_V13B23-285,/dcs04/lieber/lcolladotor/rawDataTDSC_LIBD001/raw-data/2024-04-26-SKCC_rerun/4v_Hb_KDM_S11_L004_I1_001.fastq.gz,FALSE
Br8518,V13B23-285,lib_V13B23-285,/dcs04/lieber/lcolladotor/rawDataTDSC_LIBD001/raw-data/2024-04-26-SKCC_rerun/4v_Hb_KDM_S11_L004_I2_001.fastq.gz,FALSE
Br8518,V13B23-285,lib_V13B23-285,/dcs04/lieber/lcolladotor/rawDataTDSC_LIBD001/raw-data/2024-04-26-SKCC_rerun/4v_Hb_KDM_S11_L004_R1_001.fastq.gz,FALSE
Br8518,V13B23-285,lib_V13B23-285,/dcs04/lieber/lcolladotor/rawDataTDSC_LIBD001/raw-data/2024-04-26-SKCC_rerun/4v_Hb_KDM_S11_L004_R2_001.fastq.gz,FALSE
Br8518,V13B23-285,lib_V13B23-285,/dcs04/lieber/lcolladotor/rawDataTDSC_LIBD001/raw-data/2024-04-26-SKCC_rerun/5v_Hb_KDM_S12_L001_I1_001.fastq.gz,FALSE
Br8518,V13B23-285,lib_V13B23-285,/dcs04/lieber/lcolladotor/rawDataTDSC_LIBD001/raw-data/2024-04-26-SKCC_rerun/5v_Hb_KDM_S12_L001_I2_001.fastq.gz,FALSE
Br8518,V13B23-285,lib_V13B23-285,/dcs04/lieber/lcolladotor/rawDataTDSC_LIBD001/raw-data/2024-04-26-SKCC_rerun/5v_Hb_KDM_S12_L001_R1_001.fastq.gz,FALSE
Br8518,V13B23-285,lib_V13B23-285,/dcs04/lieber/lcolladotor/rawDataTDSC_LIBD001/raw-data/2024-04-26-SKCC_rerun/5v_Hb_KDM_S12_L001_R2_001.fastq.gz,FALSE
Br8518,V13B23-285,lib_V13B23-285,/dcs04/lieber/lcolladotor/rawDataTDSC_LIBD001/raw-data/2024-04-26-SKCC_rerun/5v_Hb_KDM_S12_L002_I1_001.fastq.gz,FALSE
Br8518,V13B23-285,lib_V13B23-285,/dcs04/lieber/lcolladotor/rawDataTDSC_LIBD001/raw-data/2024-04-26-SKCC_rerun/5v_Hb_KDM_S12_L002_I2_001.fastq.gz,FALSE
Br8518,V13B23-285,lib_V13B23-285,/dcs04/lieber/lcolladotor/rawDataTDSC_LIBD001/raw-data/2024-04-26-SKCC_rerun/5v_Hb_KDM_S12_L002_R1_001.fastq.gz,FALSE
Br8518,V13B23-285,lib_V13B23-285,/dcs04/lieber/lcolladotor/rawDataTDSC_LIBD001/raw-data/2024-04-26-SKCC_rerun/5v_Hb_KDM_S12_L002_R2_001.fastq.gz,FALSE
Br8518,V13B23-285,lib_V13B23-285,/dcs04/lieber/lcolladotor/rawDataTDSC_LIBD001/raw-data/2024-04-26-SKCC_rerun/5v_Hb_KDM_S12_L003_I1_001.fastq.gz,FALSE
Br8518,V13B23-285,lib_V13B23-285,/dcs04/lieber/lcolladotor/rawDataTDSC_LIBD001/raw-data/2024-04-26-SKCC_rerun/5v_Hb_KDM_S12_L003_I2_001.fastq.gz,FALSE
Br8518,V13B23-285,lib_V13B23-285,/dcs04/lieber/lcolladotor/rawDataTDSC_LIBD001/raw-data/2024-04-26-SKCC_rerun/5v_Hb_KDM_S12_L003_R1_001.fastq.gz,FALSE
Br8518,V13B23-285,lib_V13B23-285,/dcs04/lieber/lcolladotor/rawDataTDSC_LIBD001/raw-data/2024-04-26-SKCC_rerun/5v_Hb_KDM_S12_L003_R2_001.fastq.gz,FALSE
Br8518,V13B23-285,lib_V13B23-285,/dcs04/lieber/lcolladotor/rawDataTDSC_LIBD001/raw-data/2024-04-26-SKCC_rerun/5v_Hb_KDM_S12_L004_I1_001.fastq.gz,FALSE
Br8518,V13B23-285,lib_V13B23-285,/dcs04/lieber/lcolladotor/rawDataTDSC_LIBD001/raw-data/2024-04-26-SKCC_rerun/5v_Hb_KDM_S12_L004_I2_001.fastq.gz,FALSE
Br8518,V13B23-285,lib_V13B23-285,/dcs04/lieber/lcolladotor/rawDataTDSC_LIBD001/raw-data/2024-04-26-SKCC_rerun/5v_Hb_KDM_S12_L004_R1_001.fastq.gz,FALSE
Br8518,V13B23-285,lib_V13B23-285,/dcs04/lieber/lcolladotor/rawDataTDSC_LIBD001/raw-data/2024-04-26-SKCC_rerun/5v_Hb_KDM_S12_L004_R2_001.fastq.gz,FALSE
Br9090,V14F07-340,lib_V14F07-340,/dcs04/lieber/lcolladotor/rawDataTDSC_LIBD001/raw-data/_recurrent_Psomagen_transfers/AN00021838/AN00021838_10X_RawData_Outs/10v_Hb_KDM/22HTFMLT4/10v_Hb_KDM_S3_L007_I1_001.fastq.gz,FALSE
Br9090,V14F07-340,lib_V14F07-340,/dcs04/lieber/lcolladotor/rawDataTDSC_LIBD001/raw-data/_recurrent_Psomagen_transfers/AN00021838/AN00021838_10X_RawData_Outs/10v_Hb_KDM/22HTFMLT4/10v_Hb_KDM_S3_L007_I2_001.fastq.gz,FALSE
Br9090,V14F07-340,lib_V14F07-340,/dcs04/lieber/lcolladotor/rawDataTDSC_LIBD001/raw-data/_recurrent_Psomagen_transfers/AN00021838/AN00021838_10X_RawData_Outs/10v_Hb_KDM/22HTFMLT4/10v_Hb_KDM_S3_L007_R1_001.fastq.gz,FALSE
Br9090,V14F07-340,lib_V14F07-340,/dcs04/lieber/lcolladotor/rawDataTDSC_LIBD001/raw-data/_recurrent_Psomagen_transfers/AN00021838/AN00021838_10X_RawData_Outs/10v_Hb_KDM/22HTFMLT4/10v_Hb_KDM_S3_L007_R2_001.fastq.gz,FALSE
Br9090,V14F07-340,lib_V14F07-340,/dcs04/lieber/lcolladotor/rawDataTDSC_LIBD001/raw-data/_recurrent_Psomagen_transfers/AN00021838/AN00021838_10X_RawData_Outs/11v_Hb_KDM/22HTFMLT4/11v_Hb_KDM_S1_L007_I1_001.fastq.gz,FALSE
Br9090,V14F07-340,lib_V14F07-340,/dcs04/lieber/lcolladotor/rawDataTDSC_LIBD001/raw-data/_recurrent_Psomagen_transfers/AN00021838/AN00021838_10X_RawData_Outs/11v_Hb_KDM/22HTFMLT4/11v_Hb_KDM_S1_L007_I2_001.fastq.gz,FALSE
Br9090,V14F07-340,lib_V14F07-340,/dcs04/lieber/lcolladotor/rawDataTDSC_LIBD001/raw-data/_recurrent_Psomagen_transfers/AN00021838/AN00021838_10X_RawData_Outs/11v_Hb_KDM/22HTFMLT4/11v_Hb_KDM_S1_L007_R1_001.fastq.gz,FALSE
Br9090,V14F07-340,lib_V14F07-340,/dcs04/lieber/lcolladotor/rawDataTDSC_LIBD001/raw-data/_recurrent_Psomagen_transfers/AN00021838/AN00021838_10X_RawData_Outs/11v_Hb_KDM/22HTFMLT4/11v_Hb_KDM_S1_L007_R2_001.fastq.gz,FALSE
Br9090,V14F07-340,lib_V14F07-340,/dcs04/lieber/lcolladotor/rawDataTDSC_LIBD001/raw-data/_recurrent_Psomagen_transfers/AN00021838/AN00021838_10X_RawData_Outs/12v_Hb_KDM/22HTFMLT4/12v_Hb_KDM_S2_L007_I1_001.fastq.gz,FALSE
Br9090,V14F07-340,lib_V14F07-340,/dcs04/lieber/lcolladotor/rawDataTDSC_LIBD001/raw-data/_recurrent_Psomagen_transfers/AN00021838/AN00021838_10X_RawData_Outs/12v_Hb_KDM/22HTFMLT4/12v_Hb_KDM_S2_L007_I2_001.fastq.gz,FALSE
Br9090,V14F07-340,lib_V14F07-340,/dcs04/lieber/lcolladotor/rawDataTDSC_LIBD001/raw-data/_recurrent_Psomagen_transfers/AN00021838/AN00021838_10X_RawData_Outs/12v_Hb_KDM/22HTFMLT4/12v_Hb_KDM_S2_L007_R1_001.fastq.gz,FALSE
Br9090,V14F07-340,lib_V14F07-340,/dcs04/lieber/lcolladotor/rawDataTDSC_LIBD001/raw-data/_recurrent_Psomagen_transfers/AN00021838/AN00021838_10X_RawData_Outs/12v_Hb_KDM/22HTFMLT4/12v_Hb_KDM_S2_L007_R2_001.fastq.gz,FALSE
Br9090,V14F07-340,lib_V14F07-340,/dcs04/lieber/lcolladotor/rawDataTDSC_LIBD001/raw-data/_recurrent_Psomagen_transfers/AN00021838/AN00021838_10X_RawData_Outs/13v_Hb_KDM/22HTFMLT4/13v_Hb_KDM_S4_L007_I1_001.fastq.gz,FALSE
Br9090,V14F07-340,lib_V14F07-340,/dcs04/lieber/lcolladotor/rawDataTDSC_LIBD001/raw-data/_recurrent_Psomagen_transfers/AN00021838/AN00021838_10X_RawData_Outs/13v_Hb_KDM/22HTFMLT4/13v_Hb_KDM_S4_L007_I2_001.fastq.gz,FALSE
Br9090,V14F07-340,lib_V14F07-340,/dcs04/lieber/lcolladotor/rawDataTDSC_LIBD001/raw-data/_recurrent_Psomagen_transfers/AN00021838/AN00021838_10X_RawData_Outs/13v_Hb_KDM/22HTFMLT4/13v_Hb_KDM_S4_L007_R1_001.fastq.gz,FALSE
Br9090,V14F07-340,lib_V14F07-340,/dcs04/lieber/lcolladotor/rawDataTDSC_LIBD001/raw-data/_recurrent_Psomagen_transfers/AN00021838/AN00021838_10X_RawData_Outs/13v_Hb_KDM/22HTFMLT4/13v_Hb_KDM_S4_L007_R2_001.fastq.gz,FALSE
Br8518,V13B23-285,lib_V13B23-285,/dcs04/lieber/lcolladotor/Habenula_R01_LIBD4270/Habenula_Visium/raw-data/images/V13B23-285.tif,TRUE
Br9037,V13B23-280,lib_V13B23-280,/dcs04/lieber/lcolladotor/Habenula_R01_LIBD4270/Habenula_Visium/raw-data/images/V13B23-280.tif,TRUE
Br9090,V14F07-340,lib_V14F07-340,/dcs04/lieber/lcolladotor/Habenula_R01_LIBD4270/Habenula_Visium/raw-data/images/V14F07-340.tif,TRUE
