"cluster","ct_frequency_marker","ct_CRegistration_broad","ct_CRegistration_fine","cell_type_final","number_cells","cluster_percentage","all_cell_types_by_frequency"
"C.01","undetermined","DD_Inhib.Thal","DD_Inhib.Thal","DD_Inhib.Thal",3906,"7.012%","DD_Inhib.Thal (10), DD_LHb (1), LB_excitatory_neuron (1), LB_inhibitory_neuron (2), LB_Thalamus/MDm (1)"
"C.02","DD_Oligo","DD_Oligo","DD_Oligo","DD_Oligo",3371,"6.052%","DD_Oligo (5), LB_neuron (2), LB_oligodendrocyte (1)"
"C.03","undetermined","DD_Excit.Thal","DD_Excit.Thal","DD_Excit.Thal",3271,"5.872%","DD_Astrocyte (1), DD_Endo (4), DD_Excit.Thal (1)"
"C.04","undetermined","DD_LHb","DD_LHb.4","DD_LHb.4",2911,"5.226%","DD_Excit.Thal (6), DD_Inhib.Thal (1), DD_LHb (2), DD_OPC (1), LB_LHB neuron specific (1)"
"C.05","DD_LHb","DD_LHb","DD_LHb.2.7","DD_LHb.2.7",2771,"4.975%","DD_Excit.Thal (1), DD_LHb (10), LB_Hb neuron specific (2), LB_LHB neuron specific (1)"
"C.06","DD_Excit.Thal","undetermined","undetermined","DD_Excit.Thal",2667,"4.788%","DD_Excit.Thal (6), DD_OPC (1)"
"C.07","DD_MHb","DD_MHb","DD_MHb.2","DD_MHb.2",2610,"4.686%","DD_MHb (10), DD_OPC (1), LB_Hb neuron specific (1)"
"C.08","undetermined","DD_LHb","DD_LHb.4","DD_LHb.4",2537,"4.555%","DD_Astrocyte (1), DD_Excit.Thal (3), DD_Inhib.Thal (1), DD_LHb (7), DD_OPC (1)"
"C.09","undetermined","DD_LHb","DD_LHb.4","DD_LHb.4",2430,"4.363%","DD_Excit.Thal (4), DD_OPC (4)"
"C.10","DD_MHb","DD_MHb","DD_MHb.1","DD_MHb.1",2344,"4.208%","DD_Excit.Thal (1), DD_LHb (1), DD_MHb (7), DD_OPC (1), LB_Hb neuron specific (2)"
"C.11","DD_MHb","DD_MHb","DD_MHb.1.2","DD_MHb.1.2",2212,"3.971%","DD_Excit.Thal (1), DD_MHb (17), LB_Hb neuron specific (1)"
"C.12","undetermined","DD_Excit.Thal","DD_Excit.Thal","DD_Excit.Thal",2187,"3.926%","DD_Excit.Thal (5), DD_Inhib.Thal (1), DD_LHb (3), DD_OPC (1)"
"C.13","no-match","DD_LHb","DD_LHb.4","DD_LHb.4",2036,"3.655%",NA
"C.14","DD_MHb","DD_MHb","DD_MHb.1","DD_MHb.1",2026,"3.637%","DD_Excit.Thal (1), DD_MHb (9), LB_MHB neuron specific (1)"
"C.15","DD_Excit.Thal","DD_Excit.Thal","DD_Excit.Thal","DD_Excit.Thal",1625,"2.917%","DD_Endo (2), DD_Excit.Thal (8), LB_Thalamus broad (1)"
"C.16","DD_MHb","DD_LHb","DD_LHb.6","DD_LHb.6",1607,"2.885%","DD_Excit.Thal (1), DD_LHb (2), DD_MHb (8), LB_Hb neuron specific (1)"
"C.17","DD_Excit.Thal","DD_Excit.Thal","DD_Excit.Thal","DD_Excit.Thal",1587,"2.849%","DD_Excit.Thal (11), LB_excitatory_neuron (1), LB_Hb neuron specific (1), LB_Thalamus broad (1)"
"C.18","DD_LHb","DD_LHb","DD_LHb.1.3.4","DD_LHb.1.3.4",1535,"2.756%","DD_Endo (1), DD_Excit.Thal (1), DD_Inhib.Thal (1), DD_LHb (11), LB_LHB neuron specific (2)"
"C.19","DD_Inhib.Thal","DD_Inhib.Thal","DD_Inhib.Thal","DD_Inhib.Thal",1380,"2.477%","DD_Inhib.Thal (13), LB_inhibitory_neuron (2), LB_Thalamus/MDm (1)"
"C.20","DD_Astrocyte","DD_Astrocyte","DD_Astrocyte","DD_Astrocyte",1343,"2.411%","DD_Astrocyte (14), LB_astrocyte (2), LB_neuron (1)"
"C.21","DD_Astrocyte","DD_Astrocyte","DD_Astrocyte","DD_Astrocyte",1341,"2.407%","DD_Astrocyte (3), DD_Excit.Thal (1), LB_astrocyte (1)"
"C.22","undetermined","DD_Oligo","DD_Oligo","DD_Oligo",1327,"2.382%","DD_Oligo (2), LB_neuron (2), LB_oligodendrocyte (1)"
"C.23","DD_LHb","DD_LHb","DD_LHb.1","DD_LHb.1",1269,"2.278%","DD_LHb (7), LB_LHB neuron specific (2)"
"C.24","DD_LHb","undetermined","undetermined","DD_LHb",825,"1.481%","DD_LHb (8), DD_MHb (4)"
"C.25","undetermined","DD_Excit.Thal","DD_Excit.Thal","DD_Excit.Thal",707,"1.269%","DD_Excit.Thal (1), DD_OPC (1)"
"C.26","DD_OPC","DD_OPC","DD_OPC","DD_OPC",638,"1.145%","DD_OPC (15), LB_neuron (1), LB_oligodendrocyte_precursor (2)"
"C.27","DD_Microglia","DD_Microglia","DD_Microglia","DD_Microglia",587,"1.054%","DD_Microglia (14), LB_microglia (2)"
"C.28","DD_Inhib.Thal","DD_Inhib.Thal","DD_Inhib.Thal","DD_Inhib.Thal",543,"0.975%","DD_Inhib.Thal (15), LB_inhibitory_neuron (2), LB_neuron (1), LB_Thalamus/MDm (1)"
"C.29","DD_Endo","DD_Endo","DD_Endo","DD_Endo",343,"0.616%","DD_Endo (12), LB_Endo/CP (2)"
"C.30","DD_LHb","undetermined","undetermined","DD_LHb",213,"0.382%","DD_LHb (11), LB_Hb neuron specific (1), LB_LHB neuron specific (2)"
"C.31","DD_Excit.Thal","undetermined","undetermined","DD_Excit.Thal",209,"0.375%","DD_Excit.Thal (6), LB_Endo/CP (1)"
"C.32","undetermined","DD_Excit.Thal","DD_Excit.Thal","DD_Excit.Thal",196,"0.352%","DD_Endo (1), DD_Excit.Thal (3), DD_LHb (2), DD_MHb (1), DD_OPC (1)"
"C.33","DD_LHb","DD_LHb","DD_LHb.1.3","DD_LHb.1.3",186,"0.334%","*** DD_LHb (6)"
"C.34","DD_Oligo","undetermined","undetermined","DD_Oligo",184,"0.33%","DD_Oligo (17), LB_oligodendrocyte (1)"
"C.35","undetermined","DD_Excit.Thal","DD_Excit.Thal","DD_Excit.Thal",165,"0.296%","DD_Astrocyte (1), DD_Endo (1), DD_Excit.Thal (6), DD_OPC (2), LB_Endo/CP (1)"
"C.36","DD_MHb","DD_MHb","DD_MHb.3","DD_MHb.3",145,"0.26%","DD_Endo (1), DD_Excit.Thal (1), DD_MHb (6)"
"C.37","undetermined","DD_Thal","DD_Thal","DD_Thal",111,"0.199%","DD_Astrocyte (1), DD_Endo (3), DD_Inhib.Thal (2), LB_inhibitory_neuron (1)"
"C.38","DD_Inhib.Thal","DD_Inhib.Thal","DD_Inhib.Thal","DD_Inhib.Thal",105,"0.189%","DD_Inhib.Thal (15), LB_inhibitory_neuron (2), LB_Thalamus/MDm (1)"
"C.39","DD_Inhib.Thal","DD_Inhib.Thal","DD_Inhib.Thal","DD_Inhib.Thal",90,"0.162%","DD_Inhib.Thal (11), LB_inhibitory_neuron (2), LB_Thalamus/MDm (1)"
"C.40","DD_LHb","DD_LHb","DD_LHb.4","DD_LHb.4",84,"0.151%","*** DD_LHb (1)"
"C.41","DD_Microglia","DD_Microglia","DD_Microglia","DD_Microglia",76,"0.136%","DD_Microglia (10), DD_Oligo (7), LB_microglia (2), LB_oligodendrocyte (1)"
"C.42","no-match","no-match","no-match","no-match",2,"0.004%",NA
