"cluster","ct_frequency_in2ct","ct_CRegistration_fine","ct_ambiguous","mean_ratio_repeated_ct","mean_ratio_range","ct_MeanRatio_support","HClust_support","ct_final","description_support","number_cells","cluster_percentage","all_cell_types_by_frequency","mean_ratio_top2","mean_ratio_detail"
"C.01","undetermined","Inhib.Thal","","C.38.Inhib.Thal","[1.27 - 1.04]","Inhib.Thal","01-19","Inhib.Thal","",3906,"7.012%","DD_Inhib.Thal (10), DD_LHb (1), LB_excitatory_neuron (1), LB_inhibitory_neuron (2), LB_Thalamus/MDm (1)","C.38.Inhib.Thal x6, C.19.Inhib.Thal x1","C.19.Inhib.Thal x1, C.28.Inhib.Thal x1, C.33.LHb.1.3 x1, C.37.Thal x1, C.38.Inhib.Thal x6"
"C.02","DD_Oligo","Oligo","","C.34.Oligo","[2.08 - 1.57]","Oligo","2-22","Oligo","",3371,"6.052%","DD_Oligo (5), LB_neuron (2), LB_oligodendrocyte (1)","C.34.Oligo x5, C.41.Microglia x5","C.34.Oligo x5, C.41.Microglia x5"
"C.03","undetermined","Excit.Thal","Endo vs Excit.Thal","C.37.Thal","[1.8 - 1.41]","Excit.Thal","03-37","","",3271,"5.872%","DD_Astrocyte (1), DD_Endo (4), DD_Excit.Thal (1)","C.37.Thal x10","C.37.Thal x10"
"C.04","undetermined","LHb.4","LHb4","C.39.Inhib.Thal","[1.29 - 1.17]","Excit.Thal","","","",2911,"5.226%","DD_Excit.Thal (6), DD_Inhib.Thal (1), DD_LHb (2), DD_OPC (1), LB_LHB neuron specific (1)","C.39.Inhib.Thal x3, C.06.ExcitT.LHb.4 x2","C.06.ExcitT.LHb.4 x2, C.31.ExcitT.LHb.4 x1, C.32.Excit.Thal x2, C.39.Inhib.Thal x3, C.40.LHb.4 x2"
"C.05","DD_LHb","LHb.2.7","","C.07.MHb.2","[2.45 - 1.16]","LHb.2.7","","LHb.2.7","",2771,"4.975%","DD_Excit.Thal (1), DD_LHb (10), LB_Hb neuron specific (2), LB_LHB neuron specific (1)","C.07.MHb.2 x3, C.33.LHb.1.3 x2","C.07.MHb.2 x3, C.10.MHb.1 x1, C.16.MHb.1.2 x1, C.24.LHb x1, C.31.ExcitT.LHb.4 x1, C.33.LHb.1.3 x2, C.36.MHb.3 x1"
"C.06","DD_Excit.Thal","undetermined","LHb4","C.04.Excit.Thal","[1 - 0.94]","ExcitT.LHb.4","","","",2667,"4.788%","DD_Excit.Thal (6), DD_OPC (1)","C.04.Excit.Thal x4, C.08.LHb.4 x1","C.04.Excit.Thal x4, C.08.LHb.4 x1, C.15.Excit.Thal x1, C.31.ExcitT.LHb.4 x1, C.33.LHb.1.3 x1, C.36.MHb.3 x1, C.39.Inhib.Thal x1"
"C.07","DD_MHb","MHb.2","","C.10.MHb.1","[1.87 - 1.37]","MHb.2","7-36","MHb.2","",2610,"4.686%","DD_MHb (10), DD_OPC (1), LB_Hb neuron specific (1)","C.10.MHb.1 x2, C.36.MHb.3 x2","C.10.MHb.1 x2, C.11.MHb.1.2 x1, C.26.OPC x1, C.30.MHb.LHb x1, C.32.Excit.Thal x1, C.33.LHb.1.3 x1, C.36.MHb.3 x2, C.38.Inhib.Thal x1"
"C.08","undetermined","LHb.4","","C.24.LHb","[1.83 - 1.38]","LHb.4","","LHb.4","",2537,"4.555%","DD_Astrocyte (1), DD_Excit.Thal (3), DD_Inhib.Thal (1), DD_LHb (7), DD_OPC (1)","C.24.LHb x3, C.40.LHb.4 x2","C.10.MHb.1 x1, C.16.MHb.1.2 x1, C.18.LHb.1.3.4 x1, C.21.Astrocyte x1, C.24.LHb x3, C.31.ExcitT.LHb.4 x1, C.40.LHb.4 x2"
"C.09","undetermined","LHb.4","LHb4","C.17.Excit.Thal","[1.1 - 0.95]","ExcitT.LHb.4","","","",2430,"4.363%","DD_Excit.Thal (4), DD_OPC (4)","C.17.Excit.Thal x3, C.33.LHb.1.3 x3","C.04.Excit.Thal x1, C.12.Excit.Thal x1, C.17.Excit.Thal x3, C.32.Excit.Thal x1, C.33.LHb.1.3 x3, C.39.Inhib.Thal x1"
"C.10","DD_MHb","MHb.1","","C.14.MHb.1","[2.14 - 1.33]","MHb.1","","MHb.1","",2344,"4.208%","DD_Excit.Thal (1), DD_LHb (1), DD_MHb (7), DD_OPC (1), LB_Hb neuron specific (2)","C.14.MHb.1 x5, C.07.MHb.2 x1","C.07.MHb.2 x1, C.11.MHb.1.2 x1, C.14.MHb.1 x5, C.16.MHb.1.2 x1, C.35.Excit.Thal x1, C.36.MHb.3 x1"
"C.11","DD_MHb","MHb.1.2","","C.07.MHb.2","[1.16 - 1.02]","MHb.1.2","11-14","MHb.1.2","",2212,"3.971%","DD_Excit.Thal (1), DD_MHb (17), LB_Hb neuron specific (1)","C.07.MHb.2 x2, C.10.MHb.1 x2","C.03.Excit.Thal x1, C.07.MHb.2 x2, C.10.MHb.1 x2, C.12.Excit.Thal x1, C.14.MHb.1 x1, C.30.MHb.LHb x2, C.34.Oligo x1"
"C.12","undetermined","Excit.Thal","","C.32.Excit.Thal","[2.55 - 1.7]","Excit.Thal","12-32","Excit.Thal","",2187,"3.926%","DD_Excit.Thal (5), DD_Inhib.Thal (1), DD_LHb (3), DD_OPC (1)","C.32.Excit.Thal x4, C.03.Excit.Thal x1","C.03.Excit.Thal x1, C.08.LHb.4 x1, C.15.Excit.Thal x1, C.19.Inhib.Thal x1, C.23.LHb.1 x1, C.32.Excit.Thal x4, C.33.LHb.1.3 x1"
"C.13","no-match","LHb.4","LHb4","C.12.Excit.Thal","[1.74 - 1.63]","Thal","13-39","","",2036,"3.655%",NA,"C.12.Excit.Thal x4, C.39.Inhib.Thal x4","C.12.Excit.Thal x4, C.17.Excit.Thal x1, C.30.MHb.LHb x1, C.39.Inhib.Thal x4"
"C.14","DD_MHb","MHb.1","","C.10.MHb.1","[2.26 - 1.04]","MHb.1","11-14","MHb.1","",2026,"3.637%","DD_Excit.Thal (1), DD_MHb (9), LB_MHB neuron specific (1)","C.10.MHb.1 x2, C.16.MHb.1.2 x2","C.03.Excit.Thal x1, C.10.MHb.1 x2, C.11.MHb.1.2 x1, C.13.Thal x1, C.16.MHb.1.2 x2, C.18.LHb.1.3.4 x1, C.20.Astrocyte x1, C.30.MHb.LHb x1"
"C.15","DD_Excit.Thal","Excit.Thal","","C.35.Excit.Thal","[2.21 - 1.25]","Excit.Thal","15-35","Excit.Thal","",1625,"2.917%","DD_Endo (2), DD_Excit.Thal (8), LB_Thalamus broad (1)","C.35.Excit.Thal x3, C.17.Excit.Thal x2","C.03.Excit.Thal x1, C.17.Excit.Thal x2, C.21.Astrocyte x1, C.31.ExcitT.LHb.4 x1, C.35.Excit.Thal x3, C.37.Thal x2"
"C.16","DD_MHb","LHb.6","MHb vs LHb","C.07.MHb.2","[2.66 - 1.3]","MHb.1.2","","","",1607,"2.885%","DD_Excit.Thal (1), DD_LHb (2), DD_MHb (8), LB_Hb neuron specific (1)","C.07.MHb.2 x3, C.10.MHb.1 x3","C.05.LHb.2.7 x1, C.07.MHb.2 x3, C.10.MHb.1 x3, C.14.MHb.1 x1, C.18.LHb.1.3.4 x1, C.34.Oligo x1"
"C.17","DD_Excit.Thal","Excit.Thal","","C.15.Excit.Thal","[1.8 - 1.18]","Excit.Thal","","Excit.Thal","",1587,"2.849%","DD_Excit.Thal (11), LB_excitatory_neuron (1), LB_Hb neuron specific (1), LB_Thalamus broad (1)","C.15.Excit.Thal x5, C.12.Excit.Thal x2","C.03.Excit.Thal x1, C.12.Excit.Thal x2, C.15.Excit.Thal x5, C.25.Excit.Thal x1, C.36.MHb.3 x1"
"C.18","DD_LHb","LHb.1.3.4","","C.08.LHb.4","[1.83 - 1.12]","LHb.1.3.4","","LHb.1.3.4","",1535,"2.756%","DD_Endo (1), DD_Excit.Thal (1), DD_Inhib.Thal (1), DD_LHb (11), LB_LHB neuron specific (2)","C.08.LHb.4 x2, C.03.Excit.Thal x1","C.03.Excit.Thal x1, C.05.LHb.2.7 x1, C.07.MHb.2 x1, C.08.LHb.4 x2, C.14.MHb.1 x1, C.16.MHb.1.2 x1, C.24.LHb x1, C.29.Endo x1, C.33.LHb.1.3 x1"
"C.19","DD_Inhib.Thal","Inhib.Thal","","C.39.Inhib.Thal","[1.37 - 1.24]","Inhib.Thal","01-19","Inhib.Thal","",1380,"2.477%","DD_Inhib.Thal (13), LB_inhibitory_neuron (2), LB_Thalamus/MDm (1)","C.39.Inhib.Thal x5, C.01.Inhib.Thal x4","C.01.Inhib.Thal x4, C.12.Excit.Thal x1, C.39.Inhib.Thal x5"
"C.20","DD_Astrocyte","Astrocyte","","C.21.Astrocyte","[3.88 - 1.65]","Astrocyte","","Astrocyte","",1343,"2.411%","DD_Astrocyte (14), LB_astrocyte (2), LB_neuron (1)","C.21.Astrocyte x7, C.07.MHb.2 x1","C.07.MHb.2 x1, C.21.Astrocyte x7, C.26.OPC x1, C.27.Microglia x1"
"C.21","DD_Astrocyte","Astrocyte","","C.40.LHb.4","[16.69 - 10.35]","Astrocyte","","Astrocyte","",1341,"2.407%","DD_Astrocyte (3), DD_Excit.Thal (1), LB_astrocyte (1)","C.40.LHb.4 x6, C.20.Astrocyte x2","C.13.Thal x1, C.20.Astrocyte x2, C.24.LHb x1, C.40.LHb.4 x6"
"C.22","undetermined","Oligo","","C.02.Oligo","[1.77 - 1.38]","Oligo","2-22","Oligo","",1327,"2.382%","DD_Oligo (2), LB_neuron (2), LB_oligodendrocyte (1)","C.02.Oligo x6, C.41.Microglia x2","C.02.Oligo x6, C.26.OPC x1, C.32.Excit.Thal x1, C.41.Microglia x2"
"C.23","DD_LHb","LHb.1","","C.18.LHb.1.3.4","[2.21 - 1.19]","LHb.1","","LHb.1","",1269,"2.278%","DD_LHb (7), LB_LHB neuron specific (2)","C.18.LHb.1.3.4 x5, C.33.LHb.1.3 x2","C.03.Excit.Thal x1, C.04.Excit.Thal x1, C.18.LHb.1.3.4 x5, C.33.LHb.1.3 x2, C.34.Oligo x1"
"C.24","DD_LHb","undetermined","MHb vs LHb","C.18.LHb.1.3.4","[1.14 - 1.08]","LHb","","","",825,"1.481%","DD_LHb (8), DD_MHb (4)","C.18.LHb.1.3.4 x5, C.40.LHb.4 x2","C.16.MHb.1.2 x1, C.18.LHb.1.3.4 x5, C.33.LHb.1.3 x1, C.35.Excit.Thal x1, C.40.LHb.4 x2"
"C.25","undetermined","Excit.Thal","","C.31.ExcitT.LHb.4","[1.19 - 0.77]","Excit.Thal","","Excit.Thal","",707,"1.269%","DD_Excit.Thal (1), DD_OPC (1)","C.31.ExcitT.LHb.4 x2, C.33.LHb.1.3 x2","C.04.Excit.Thal x1, C.15.Excit.Thal x1, C.18.LHb.1.3.4 x1, C.31.ExcitT.LHb.4 x2, C.32.Excit.Thal x1, C.33.LHb.1.3 x2, C.36.MHb.3 x1, C.38.Inhib.Thal x1"
"C.26","DD_OPC","OPC","","C.20.Astrocyte","[16.08 - 2.01]","OPC","","OPC","",638,"1.145%","DD_OPC (15), LB_neuron (1), LB_oligodendrocyte_precursor (2)","C.20.Astrocyte x4, C.09.ExcitT.LHb.4 x1","C.09.ExcitT.LHb.4 x1, C.16.MHb.1.2 x1, C.20.Astrocyte x4, C.22.Oligo x1, C.29.Endo x1, C.32.Excit.Thal x1, C.35.Excit.Thal x1"
"C.27","DD_Microglia","Microglia","","C.41.Microglia","[1.86 - 1.59]","Microglia","","Microglia","",587,"1.054%","DD_Microglia (14), LB_microglia (2)","C.41.Microglia x10","C.41.Microglia x10"
"C.28","DD_Inhib.Thal","Inhib.Thal","","C.38.Inhib.Thal","[1.27 - 1.09]","Inhib.Thal","28-38","Inhib.Thal","",543,"0.975%","DD_Inhib.Thal (15), LB_inhibitory_neuron (2), LB_neuron (1), LB_Thalamus/MDm (1)","C.38.Inhib.Thal x9, C.34.Oligo x1","C.34.Oligo x1, C.38.Inhib.Thal x9"
"C.29","DD_Endo","Endo","","C.21.Astrocyte","[25.8 - 5.46]","Endo","","Endo","",343,"0.616%","DD_Endo (12), LB_Endo/CP (2)","C.21.Astrocyte x3, C.40.LHb.4 x2","C.01.Inhib.Thal x1, C.03.Excit.Thal x1, C.21.Astrocyte x3, C.26.OPC x1, C.27.Microglia x1, C.40.LHb.4 x2, C.41.Microglia x1"
"C.30","DD_LHb","undetermined","MHb vs LHb","C.10.MHb.1","[1.57 - 1.38]","MHb.LHb","","","",213,"0.382%","DD_LHb (11), LB_Hb neuron specific (1), LB_LHB neuron specific (2)","C.10.MHb.1 x2, C.05.LHb.2.7 x1","C.05.LHb.2.7 x1, C.08.LHb.4 x1, C.10.MHb.1 x2, C.16.MHb.1.2 x1, C.19.Inhib.Thal x1, C.34.Oligo x1, C.36.MHb.3 x1, C.37.Thal x1, C.38.Inhib.Thal x1"
"C.31","DD_Excit.Thal","undetermined","LHb4","C.04.Excit.Thal","[1.55 - 1.23]","ExcitT.LHb.4","","","",209,"0.375%","DD_Excit.Thal (6), LB_Endo/CP (1)","C.04.Excit.Thal x4, C.32.Excit.Thal x2","C.04.Excit.Thal x4, C.18.LHb.1.3.4 x1, C.24.LHb x1, C.32.Excit.Thal x2, C.35.Excit.Thal x2"
"C.32","undetermined","Excit.Thal","","C.12.Excit.Thal","[2.07 - 1.51]","Excit.Thal","12-32","Excit.Thal","",196,"0.352%","DD_Endo (1), DD_Excit.Thal (3), DD_LHb (2), DD_MHb (1), DD_OPC (1)","C.12.Excit.Thal x7, C.20.Astrocyte x1","C.12.Excit.Thal x7, C.20.Astrocyte x1, C.25.Excit.Thal x1, C.31.ExcitT.LHb.4 x1"
"C.33","DD_LHb","LHb.1.3","","C.23.LHb.1","[3.05 - 1.61]","LHb.1.3","","LHb.1.3","",186,"0.334%","*** DD_LHb (6)","C.23.LHb.1 x5, C.10.MHb.1 x3","C.05.LHb.2.7 x1, C.10.MHb.1 x3, C.23.LHb.1 x5, C.31.ExcitT.LHb.4 x1"
"C.34","DD_Oligo","undetermined","Oligo","C.30.MHb.LHb","[1.26 - 1.11]","Oligo","","","",184,"0.33%","DD_Oligo (17), LB_oligodendrocyte (1)","C.30.MHb.LHb x3, C.10.MHb.1 x2","C.01.Inhib.Thal x1, C.10.MHb.1 x2, C.24.LHb x1, C.30.MHb.LHb x3, C.35.Excit.Thal x1, C.36.MHb.3 x1, C.39.Inhib.Thal x1"
"C.35","undetermined","Excit.Thal","Excit.Thal","C.31.ExcitT.LHb.4","[1.5 - 1.25]","Excit.Thal","15-35","","",165,"0.296%","DD_Astrocyte (1), DD_Endo (1), DD_Excit.Thal (6), DD_OPC (2), LB_Endo/CP (1)","C.31.ExcitT.LHb.4 x6, C.21.Astrocyte x2","C.12.Excit.Thal x1, C.15.Excit.Thal x1, C.21.Astrocyte x2, C.31.ExcitT.LHb.4 x6"
"C.36","DD_MHb","MHb.3","","C.07.MHb.2","[3.58 - 1.27]","MHb.3","7-36","MHb.3","",145,"0.26%","DD_Endo (1), DD_Excit.Thal (1), DD_MHb (6)","C.07.MHb.2 x3, C.08.LHb.4 x2","C.03.Excit.Thal x1, C.07.MHb.2 x3, C.08.LHb.4 x2, C.09.ExcitT.LHb.4 x1, C.18.LHb.1.3.4 x1, C.31.ExcitT.LHb.4 x1, C.33.LHb.1.3 x1"
"C.37","undetermined","Thal","","C.03.Excit.Thal","[1.24 - 1.19]","Thal","03-37","Thal","",111,"0.199%","DD_Astrocyte (1), DD_Endo (3), DD_Inhib.Thal (2), LB_inhibitory_neuron (1)","C.03.Excit.Thal x4, C.12.Excit.Thal x1","C.03.Excit.Thal x4, C.12.Excit.Thal x1, C.21.Astrocyte x1, C.28.Inhib.Thal x1, C.30.MHb.LHb x1, C.32.Excit.Thal x1, C.39.Inhib.Thal x1"
"C.38","DD_Inhib.Thal","Inhib.Thal","","C.28.Inhib.Thal","[1.35 - 1.19]","Inhib.Thal","","Inhib.Thal","",105,"0.189%","DD_Inhib.Thal (15), LB_inhibitory_neuron (2), LB_Thalamus/MDm (1)","C.28.Inhib.Thal x7, C.01.Inhib.Thal x1","C.01.Inhib.Thal x1, C.28.Inhib.Thal x7, C.30.MHb.LHb x1, C.37.Thal x1"
"C.39","DD_Inhib.Thal","Inhib.Thal","","C.04.Excit.Thal","[1.4 - 1.23]","Inhib.Thal","13-39","Inhib.Thal","",90,"0.162%","DD_Inhib.Thal (11), LB_inhibitory_neuron (2), LB_Thalamus/MDm (1)","C.04.Excit.Thal x4, C.40.LHb.4 x3","C.04.Excit.Thal x4, C.13.Thal x1, C.24.LHb x1, C.32.Excit.Thal x1, C.40.LHb.4 x3"
"C.40","DD_LHb","LHb.4","","C.13.Thal","[5.64 - 1.59]","LHb.4","","LHb.4","",84,"0.151%","*** DD_LHb (1)","C.13.Thal x2, C.21.Astrocyte x2","C.05.LHb.2.7 x1, C.09.ExcitT.LHb.4 x1, C.12.Excit.Thal x1, C.13.Thal x2, C.19.Inhib.Thal x1, C.21.Astrocyte x2, C.25.Excit.Thal x1, C.39.Inhib.Thal x1"
"C.41","DD_Microglia","Microglia","","C.22.Oligo","[1.16 - 1.08]","Microglia","","Microglia","",76,"0.136%","DD_Microglia (10), DD_Oligo (7), LB_microglia (2), LB_oligodendrocyte (1)","C.22.Oligo x5, C.27.Microglia x4","C.02.Oligo x1, C.22.Oligo x5, C.27.Microglia x4"
