"seqnames","start","end","width","strand","score","gene","peak","zscore","pvalue","FDR","cluster","tss","gene_strand","gene_id","peak_center","distance","signed_distance","signed_by_strand","distance_kb"
"chr1",778811,1020123,241313,"*",-0.697511943303635,"AGRN","chr1-778314-779308",-3.76915357906364,8.19010402617583e-05,0.0776397656559809,"LHb.1.3",1020123,"+","ENSG00000188157",899467,120656,-120656,-120656,120.656
"chr1",778811,1116361,337551,"*",-0.403822704017894,"C1orf159","chr1-778314-779308",-3.70819888218618,0.000104369343792986,0.0921418228592392,"LHb.1.3",1116361,"-","ENSG00000131591",947586,168775,-168775,168775,168.775
"chr1",1349350,1511644,162295,"*",-0.563729549776314,"DVL1","chr1-1511048-1512239",-3.25404474647732,0.000568871786134459,0.187318468684486,"LHb.1.3",1349350,"-","ENSG00000107404",1430497,81147,81147,-81147,81.147
"chr1",1511644,1615415,103772,"*",-0.709208143266975,"MIB2","chr1-1511048-1512239",-3.38590969599395,0.000354713623643203,0.159373567449815,"LHb.1.3",1615415,"+","ENSG00000197530",1563529.5,51885.5,-51885.5,-51885.5,51.8855
"chr1",1511644,1891117,379474,"*",-0.290957186981323,"GNB1","chr1-1511048-1512239",-3.16670423561605,0.000770885196012592,0.191037523443436,"LHb.1.3",1891117,"-","ENSG00000078369",1701380.5,189736.5,-189736.5,189736.5,189.7365
"chr1",42682427,43172141,489715,"*",-0.234243740300845,"YBX1","chr1-43171464-43172817",-3.16825791952774,0.000766777023464405,0.191037523443436,"LHb.1.3",42682427,"+","ENSG00000065978",42927284,244857,244857,244857,244.857
"chr1",179293557,179365720,72164,"*",-0.585009800974708,"AXDND1","chr1-179292984-179294130",-3.57875198874149,0.000172619446947382,0.110833454447966,"LHb.1.3",179365720,"+","ENSG00000162779",179329638.5,36081.5,-36081.5,-36081.5,36.0815
"chr2",24971900,25168903,197004,"*",0.243086217402199,"POMC","chr2-24971069-24972730",-3.20514066938122,0.000674982436429494,0.187409378757949,"LHb.1.3",25168903,"-","ENSG00000115138",25070401.5,98501.5,-98501.5,98501.5,98.5015
"chr2",68110948,68157475,46528,"*",0.288299988062579,"C1D","chr2-68156700-68158249",-3.17012661376998,0.000761862630835638,0.191037523443436,"LHb.1.3",68110948,"-","ENSG00000197223",68134211.5,23263.5,23263.5,-23263.5,23.2635
"chr2",96740064,96857785,117722,"*",0.324337486570401,"LMAN2L","chr2-96857143-96858427",-3.36563950750265,0.000381832197937284,0.163066462312979,"LHb.1.3",96740064,"-","ENSG00000114988",96798924.5,58860.5,58860.5,-58860.5,58.8605
"chr2",218270225,218672026,401802,"*",-0.846881214933825,"STK36","chr2-218269606-218270844",-3.50758050806489,0.000226100750799044,0.131038206553163,"LHb.1.3",218672026,"+","ENSG00000163482",218471125.5,200900.5,-200900.5,-200900.5,200.9005
"chr3",14124940,14297805,172866,"*",-0.436435780471985,"TMEM43","chr3-14297403-14298206",-3.18188616173576,0.000731596589991467,0.191037523443436,"LHb.1.3",14124940,"+","ENSG00000170876",14211372.5,86432.5,86432.5,86432.5,86.4325
"chr3",49723951,49929704,205754,"*",0.729258652206597,"GMPPB","chr3-49929153-49930254",4.85227949832675,6.10252250156005e-07,0.00344804726383146,"LHb.1.3",49723951,"-","ENSG00000173540",49826827.5,102876.5,102876.5,-102876.5,102.8765
"chr3",49929704,50322906,393203,"*",0.828862465679914,"HYAL2","chr3-49929153-49930254",4.24408877533238,1.0974172792466e-05,0.0206687570373306,"LHb.1.3",50322906,"-","ENSG00000068001",50126305,196601,-196601,196601,196.601
"chr3",49929704,50351091,421388,"*",0.263636363636364,"NPRL2","chr3-49929153-49930254",-4.98890387945545,3.0361424647249e-07,0.0022622871301149,"LHb.1.3",50351091,"-","ENSG00000114388",50140397.5,210693.5,-210693.5,210693.5,210.6935
"chr4",1721428,2041903,320476,"*",-0.504524979109513,"NELFA","chr4-1721063-1721792",3.36829768468142,0.000378169420793362,0.163066462312979,"LHb.1.3",2041903,"-","ENSG00000185049",1881665.5,160237.5,-160237.5,160237.5,160.2375
"chr4",67701069,67964140,263072,"*",0.763762615825973,"TMPRSS11A","chr4-67700483-67701654",3.37798446618324,0.000365096026594023,0.161161372614184,"LHb.1.3",67964140,"-","ENSG00000187054",67832604.5,131535.5,-131535.5,131535.5,131.5355
"chr5",77087323,77180681,93359,"*",0.785905247993376,"ZBED3","chr5-77180059-77181302",3.3580302788631,0.000392500068573946,0.163066462312979,"LHb.1.3",77087323,"-","ENSG00000132846",77134002,46679,46679,-46679,46.679
"chr5",176133118,176447628,314511,"*",-0.571428571428571,"FAF2","chr5-176132339-176133897",-4.31576001891076,7.95273515757923e-06,0.0172825169951362,"LHb.1.3",176447628,"+","ENSG00000113194",176290373,157255,-157255,-157255,157.255
"chr6",5851194,6321013,469820,"*",-0.691860772606258,"F13A1","chr6-5850521-5851866",-3.2042816327769,0.000676999789931081,0.187409378757949,"LHb.1.3",6320691,"-","LRG_549",6086103.5,234587.5,-234587.5,234587.5,234.5875
"chr6",31463044,31827735,364692,"*",-0.37424059428256,"HSPA1B","chr6-31462677-31463410",-3.20249747189217,0.000681207480228948,0.187409378757949,"LHb.1.3",31827735,"+","ENSG00000204388",31645389.5,182345.5,-182345.5,-182345.5,182.3455
"chr6",41786816,41895361,108546,"*",0.214285714285714,"USP49","chr6-41785862-41787769",3.7674966081959,8.24463902049282e-05,0.0776397656559809,"LHb.1.3",41895361,"-","ENSG00000164663",41841088.5,54272.5,-54272.5,54272.5,54.2725
"chr6",73653884,73654155,272,"*",-0.450468731347779,"SLC17A5","chr6-73653157-73654610",-3.1673106806229,0.000769279258772133,0.191037523443436,"LHb.1.3",73654155,"-","ENSG00000119899",73654019.5,135.5,-135.5,135.5,0.1355
"chr6",87152833,87408205,255373,"*",0.299392475426048,"ZNF292","chr6-87407500-87408910",-3.25168879463287,0.000573607785076399,0.187318468684486,"LHb.1.3",87152833,"+","ENSG00000188994",87280519,127686,127686,127686,127.686
"chr6",89352793,89433170,80378,"*",0.630656223886891,"ANKRD6","chr6-89352113-89353473",3.38537561589407,0.000355404578575566,0.159373567449815,"LHb.1.3",89433170,"+","ENSG00000135299",89392981.5,40188.5,-40188.5,-40188.5,40.1885
"chr7",73522278,73769997,247720,"*",-0.270281238808668,"BAZ1B","chr7-73769203-73770790",3.23896117342806,0.000599829515883142,0.187318468684486,"LHb.1.3",73522278,"-","ENSG00000009954",73646137.5,123859.5,123859.5,-123859.5,123.8595
"chr7",90321410,90466424,145015,"*",0.61263747463298,"CDK14","chr7-90320814-90322005",3.13508162364458,0.000859031502378194,0.198922122735134,"LHb.1.3",90466424,"+","ENSG00000058091",90393917,72507,-72507,-72507,72.507
"chr7",103075004,103149560,74557,"*",0.821428571428571,"NAPEPLD","chr7-103074094-103075914",3.50081619092576,0.000231917819817286,0.131038206553163,"LHb.1.3",103149560,"-","ENSG00000161048",103112282,37278,-37278,37278,37.278
"chr8",56993844,57209909,216066,"*",-0.428571428571428,"IMPAD1","chr8-57209347-57210470",-3.53304172928076,0.000205403811730635,0.126149197504395,"LHb.1.3",56993844,"-","ENSG00000104331",57101876.5,108032.5,108032.5,-108032.5,108.0325
"chr9",34637650,35073249,435600,"*",0.630656223886891,"VCP","chr9-34636886-34638414",3.82853001408373,6.44554560657434e-05,0.0728372435725327,"LHb.1.3",35073249,"-","ENSG00000165280",34855449.5,217799.5,-217799.5,217799.5,217.7995
"chr9",114098431,114505450,407020,"*",-0.411664653710816,"WHRN","chr9-114098033-114098828",-3.30174488667884,0.000480427093285713,0.187318468684486,"LHb.1.3",114505450,"-","ENSG00000095397",114301940.5,203509.5,-203509.5,203509.5,203.5095
"chr10",45594906,45672796,77891,"*",0.396412483586046,"MARCH8","chr10-45672086-45673505",-3.15040706005972,0.000815215610780415,0.195175052713199,"LHb.1.3",45594906,"-","ENSG00000165406",45633851,38945,38945,-38945,38.945
"chr10",104232362,104275143,42782,"*",0.741249316661101,"CFAP43","chr10-104274609-104275676",3.14426303468647,0.0008325285114785,0.195998024814826,"LHb.1.3",104232362,"-","ENSG00000197748",104253752.5,21390.5,21390.5,-21390.5,21.3905
"chr10",109923450,110008381,84932,"*",-0.630656223886891,"ADD3-AS1","chr10-109922826-109924074",-3.61575689750289,0.000149735659569036,0.101668015034244,"LHb.1.3",110008381,"-","ENSG00000203876",109965915.5,42465.5,-42465.5,42465.5,42.4655
"chr11",65497762,65607375,109614,"*",0.214285714285714,"MALAT1","chr11-65606779-65607970",3.60722298546596,0.000154745837190631,0.101668015034244,"LHb.1.3",65497762,"+","ENSG00000251562",65552568.5,54806.5,54806.5,54806.5,54.8065
"chr11",65497762,65638093,140332,"*",0.454620604658317,"MALAT1","chr11-65637822-65638364",3.41123159228856,0.000323350686056835,0.154830173420197,"LHb.1.3",65497762,"+","ENSG00000251562",65567927.5,70165.5,70165.5,70165.5,70.1655
"chr11",65607375,65862026,254652,"*",0.357142857142857,"CFL1","chr11-65606779-65607970",3.27894405102928,0.000520981457907884,0.187318468684486,"LHb.1.3",65862026,"-","ENSG00000172757",65734700.5,127325.5,-127325.5,127325.5,127.3255
"chr11",67583595,67805563,221969,"*",0.790909090909091,"GSTP1","chr11-67804631-67806494",3.68921235503915,0.000112474700806634,0.0930834064860164,"LHb.1.3",67583595,"+","ENSG00000084207",67694579,110984,110984,110984,110.984
"chr11",67606852,67805563,198712,"*",0.666693722394714,"NDUFV1","chr11-67804631-67806494",3.24506128753794,0.000587126739785282,0.187318468684486,"LHb.1.3",67606852,"+","ENSG00000167792",67706207.5,99355.5,99355.5,99355.5,99.3555
"chr11",67629930,67805563,175634,"*",0.729258652206597,"NUDT8","chr11-67804631-67806494",4.34005143124377,7.1224685924719e-06,0.016768071683827,"LHb.1.3",67629930,"-","ENSG00000167799",67717746.5,87816.5,87816.5,-87816.5,87.8165
"chr12",6278745,6451567,172823,"*",0.860753366849888,"CD27-AS1","chr12-6278255-6279234",3.24461726254849,0.000588042914155469,0.187318468684486,"LHb.1.3",6451567,"-","ENSG00000215039",6365156,86411,-86411,86411,86.411
"chr12",6278745,6493356,214612,"*",0.505224802281456,"NCAPD2","chr12-6278255-6279234",3.22109305517349,0.000638513384051413,0.187409378757949,"LHb.1.3",6493356,"+","ENSG00000010292",6386050.5,107305.5,-107305.5,-107305.5,107.3055
"chr12",6278745,6767475,488731,"*",0.542648861709712,"MLF2","chr12-6278255-6279234",3.42000707540707,0.000313097535003334,0.152505490713434,"LHb.1.3",6767475,"-","ENSG00000089693",6523110,244365,-244365,244365,244.365
"chr12",120725782,121016502,290721,"*",0.563729549776314,"C12orf43","chr12-120725377-120726187",3.236372213809,0.000605297077198872,0.187318468684486,"LHb.1.3",121016502,"-","ENSG00000157895",120871142,145360,-145360,145360,145.36
"chr12",129903666,130042355,138690,"*",0.47280542884465,"TMEM132D","chr12-130041963-130042747",3.23544566859201,0.000607264985723837,0.187318468684486,"LHb.1.3",129903666,"-","ENSG00000151952",129973010.5,69344.5,69344.5,-69344.5,69.3445
"chr13",41194308,41263577,69270,"*",0.217135787214191,"MTRF1","chr13-41193725-41194890",-3.28424284576969,0.000511283844826883,0.187318468684486,"LHb.1.3",41263577,"-","ENSG00000120662",41228942.5,34634.5,-34634.5,34634.5,34.6345
"chr13",76990660,77026885,36226,"*",0.75,"CLN5","chr13-77026179-77027591",3.62557434561556,0.000144159965392751,0.101668015034244,"LHb.1.3",76990660,"+","ENSG00000102805",77008772.5,18112.5,18112.5,18112.5,18.1125
"chr14",99645110,99793253,148144,"*",-0.22438727760203,"HHIPL1","chr14-99792586-99793919",-3.55123474803142,0.000191714131727711,0.120358131898657,"LHb.1.3",99645110,"+","ENSG00000182218",99719181.5,74071.5,74071.5,74071.5,74.0715
"chr14",105021148,105472962,451815,"*",0.207584122926509,"CRIP2","chr14-105020332-105021963",-3.13127358848727,0.000870249668806427,0.199188947195061,"LHb.1.3",105472962,"+","ENSG00000182809",105247055,225907,-225907,-225907,225.907
"chr15",40755851,41116102,360252,"*",-0.778311782494156,"RMDN3","chr15-41115272-41116932",-3.4204991892873,0.000312531610171938,0.152505490713434,"LHb.1.3",40755851,"-","ENSG00000137824",40935976.5,180125.5,180125.5,-180125.5,180.1255
"chr15",58749488,58933653,184166,"*",0.436435780471985,"SLTM","chr15-58748648-58750327",3.35882788514929,0.000391369010107985,0.163066462312979,"LHb.1.3",58933653,"-","ENSG00000137776",58841570.5,92082.5,-92082.5,92082.5,92.0825
"chr15",68674084,68930525,256442,"*",-0.554545454545455,"NOX5","chr15-68673687-68674481",-3.16265417487714,0.000781689640212503,0.192030556744725,"LHb.1.3",68930525,"+","ENSG00000255346",68802304.5,128220.5,-128220.5,-128220.5,128.2205
"chr15",89894638,90388237,493600,"*",-0.20003306604966,"AP3S2","chr15-90387638-90388835",3.2798050010705,0.000519394292590899,0.187318468684486,"LHb.1.3",89894638,"-","ENSG00000157823",90141437.5,246799.5,246799.5,-246799.5,246.7995
"chr15",90234047,90388237,154191,"*",0.605530070819499,"CIB1","chr15-90387638-90388835",3.20487519238096,0.000675605287266644,0.187409378757949,"LHb.1.3",90234047,"-","ENSG00000185043",90311142,77095,77095,-77095,77.095
"chr16",75148713,75465497,316785,"*",0.360374985078224,"TMEM170A","chr16-75148204-75149221",-3.51941411264928,0.000216250522888756,0.129984968555962,"LHb.1.3",75465497,"-","ENSG00000166822",75307105,158392,-158392,158392,158.392
"chr17",28357454,28662091,304638,"*",-0.468487480601691,"SUPT6H","chr17-28356939-28357969",-3.28223501067494,0.000514938663688637,0.187318468684486,"LHb.1.3",28662091,"+","ENSG00000109111",28509772.5,152318.5,-152318.5,-152318.5,152.3185
"chr17",67377281,67825535,448255,"*",0.518874521662771,"PITPNC1","chr17-67824795-67826275",3.87219696431375,5.39293670203843e-05,0.0662416759866468,"LHb.1.3",67377281,"+","ENSG00000154217",67601408,224127,224127,224127,224.127
"chr17",75979220,76265644,286425,"*",-0.348638525623348,"TEN1","chr17-76264798-76266490",-3.77100174736212,8.1296767220002e-05,0.0776397656559809,"LHb.1.3",75979220,"+","ENSG00000257949",76122432,143212,143212,143212,143.212
"chr17",76265644,76307998,42355,"*",-0.309142011167656,"QRICH2","chr17-76264798-76266490",-4.65889522517819,1.58955476316038e-06,0.00641521594486343,"LHb.1.3",76307998,"-","ENSG00000129646",76286821,21177,-21177,21177,21.177
"chr17",76265644,76384521,118878,"*",-0.400066132099319,"PRPSAP1","chr17-76264798-76266490",4.52507158282918,3.0187533505104e-06,0.0106603501131587,"LHb.1.3",76384521,"-","ENSG00000161542",76325082.5,59438.5,-59438.5,59438.5,59.4385
"chr17",76265644,76453206,187563,"*",-0.854686736757637,"UBE2O","chr17-76264798-76266490",-3.9398515541105,4.07660218444093e-05,0.0548419468155432,"LHb.1.3",76453206,"-","ENSG00000175931",76359425,93781,-93781,93781,93.781
"chr17",76265644,76527586,261943,"*",-0.547267233169888,"PRCD","chr17-76264798-76266490",-6.29189724507313,1.56804531518158e-10,4.42988481991949e-06,"LHb.1.3",76527586,"+","ENSG00000214140",76396615,130971,-130971,-130971,130.971
"chr17",76307998,76523286,215289,"*",-0.299392475426048,"QRICH2","chr17-76522974-76523598",-3.45993524929475,0.000270152647575785,0.141334860123398,"LHb.1.3",76307998,"-","ENSG00000129646",76415642,107644,107644,-107644,107.644
"chr17",83051561,83079691,28131,"*",0.849207775608447,"METRNL","chr17-83050692-83052429",3.20162505328269,0.000683273725251098,0.187409378757949,"LHb.1.3",83079691,"+","ENSG00000176845",83065626,14065,-14065,-14065,14.065
"chr18",45967274,46028222,60949,"*",0.823329307421632,"EPG5","chr18-46027869-46028574",4.97854968070039,3.20312502936519e-07,0.0022622871301149,"LHb.1.3",45967274,"-","ENSG00000152223",45997748,30474,30474,-30474,30.474
"chr18",46028222,46326809,298588,"*",-0.711057129136864,"RNF165","chr18-46027869-46028574",-5.87269824811321,2.14379245362034e-09,3.02821403036141e-05,"LHb.1.3",46326809,"+","ENSG00000141622",46177515.5,149293.5,-149293.5,-149293.5,149.2935
"chr19",1592801,1864000,271200,"*",-0.22438727760203,"MBD3","chr19-1863446-1864553",-3.66184003173363,0.000125205105888946,0.0930834064860164,"LHb.1.3",1592801,"-","ENSG00000071655",1728400.5,135599.5,135599.5,-135599.5,135.5995
"chr19",1863568,1864000,433,"*",-0.269230769230769,"KLF16","chr19-1863446-1864553",-3.31730626976828,0.00045444961891128,0.183409374055179,"LHb.1.3",1863568,"-","ENSG00000129911",1863784,216,216,-216,0.216
"chr19",1864000,2236504,372505,"*",-0.555936987495826,"SF3A2","chr19-1863446-1864553",-3.1668593385186,0.000770474171811821,0.191037523443436,"LHb.1.3",2236504,"+","ENSG00000104897",2050252,186252,-186252,-186252,186.252
"chr19",5978142,6425090,446949,"*",0.252262489554756,"RANBP3","chr19-6424353-6425827",4.40026283276962,5.40599199822342e-06,0.0138840618128918,"LHb.1.3",5978142,"-","ENSG00000031823",6201616,223474,223474,-223474,223.474
"chr19",6279948,6425090,145143,"*",-0.30631873731649,"MLLT1","chr19-6424353-6425827",-3.79566968357372,7.36227213010085e-05,0.0770339073879552,"LHb.1.3",6279948,"-","ENSG00000130382",6352519,72571,72571,-72571,72.571
"chr19",6425090,6433779,8690,"*",0.822753351207442,"SLC25A41","chr19-6424353-6425827",3.1565566699788,0.000798219312785721,0.194400808668184,"LHb.1.3",6433779,"-","ENSG00000181240",6429434.5,4344.5,-4344.5,4344.5,4.3445
"chr19",14496340,14572062,75723,"*",0.327326835353989,"NDUFB7","chr19-14495619-14497060",-3.23853508802727,0.000600726207391404,0.187318468684486,"LHb.1.3",14572062,"-","ENSG00000099795",14534201,37861,-37861,37861,37.861
"chr19",19063999,19405842,341844,"*",-0.486506229855602,"SLC25A42","chr19-19405057-19406626",3.85287957388404,5.83684062448401e-05,0.0687069102009574,"LHb.1.3",19063999,"+","ENSG00000181035",19234920.5,170921.5,170921.5,170921.5,170.9215
"chr19",19405842,19733097,327256,"*",-0.30631873731649,"ZNF14","chr19-19405057-19406626",-3.43035268982483,0.000301398589691386,0.152050206381631,"LHb.1.3",19733097,"-","ENSG00000105708",19569469.5,163627.5,-163627.5,163627.5,163.6275
"chr19",38388421,38544341,155921,"*",-0.22438727760203,"SPRED3","chr19-38543393-38545289",-3.18658159765917,0.000719824359640142,0.191037523443436,"LHb.1.3",38388421,"+","ENSG00000188766",38466381,77960,77960,77960,77.96
"chr19",38544341,38899862,355522,"*",0.360374985078224,"SIRT2","chr19-38543393-38545289",3.18409781115511,0.000726029690833988,0.191037523443436,"LHb.1.3",38899862,"-","ENSG00000068903",38722101.5,177760.5,-177760.5,177760.5,177.7605
"chr19",45370918,45385842,14925,"*",-0.661437827766147,"ERCC2","chr19-45385439-45386244",-3.2210308785646,0.000638651926326765,0.187409378757949,"LHb.1.3",45370918,"-","ENSG00000104884",45378380,7462,7462,-7462,7.462
"chr19",45370918,45671045,300128,"*",0.342356235824312,"ERCC2","chr19-45670697-45671392",3.4723060600478,0.000258003846291878,0.14017051272292,"LHb.1.3",45370918,"-","ENSG00000104884",45520981.5,150063.5,150063.5,-150063.5,150.0635
"chr19",45671045,45692569,21525,"*",-0.30631873731649,"SNRPD2","chr19-45670697-45671392",-3.66472733089575,0.00012380111486262,0.0930834064860164,"LHb.1.3",45692569,"-","ENSG00000125743",45681807,10762,-10762,10762,10.762
"chr19",49591643,49929545,337903,"*",0.684712471648625,"PRR12","chr19-49928784-49930305",3.20977359472005,0.000664197796248445,0.187409378757949,"LHb.1.3",49591643,"+","ENSG00000126464",49760594,168951,168951,168951,168.951
"chr19",53866223,53867458,1236,"*",-0.481812055829716,"MYADM","chr19-53866939-53867977",-3.25417108292938,0.000568618845151019,0.187318468684486,"LHb.1.3",53866223,"+","ENSG00000179820",53866840.5,617.5,617.5,617.5,0.6175
"chr19",53867458,53963040,95583,"*",-0.630061919161936,"CACNG8","chr19-53866939-53867977",-3.94844165501877,3.9330790913688e-05,0.0548419468155432,"LHb.1.3",53963040,"+","ENSG00000142408",53915249,47791,-47791,-47791,47.791
"chr19",53867458,54137728,270271,"*",-0.741249316661101,"CNOT3","chr19-53866939-53867977",-3.99778289226262,3.19692772183003e-05,0.0501757805941223,"LHb.1.3",54137728,"+","ENSG00000088038",54002593,135135,-135135,-135135,135.135
"chr20",25390344,25868225,477882,"*",-0.281818181818182,"FAM182B","chr20-25389469-25391219",-3.29331089294603,0.000495074617561441,0.187318468684486,"LHb.1.3",25868225,"-","ENSG00000175170",25629284.5,238940.5,-238940.5,238940.5,238.9405
