"peak_id","n_DARs","n_cell_types","cell_types","overlap_type"
"chr14-73536667-73538115",38,2,"Excit.Thal; Inhib.Thal","Shared"
"chr11-62709369-62709955",28,2,"Excit.Thal; Inhib.Thal","Shared"
"chr8-143903731-143904212",28,2,"Inhib.Thal; LHb.4","Shared"
"chr16-1732865-1734416",26,2,"Inhib.Thal; MHb.1","Shared"
"chr19-49403452-49404415",26,2,"LHb.1.3.4; MHb.1","Shared"
"chr11-222089-222835",24,2,"Excit.Thal; Inhib.Thal","Shared"
"chr1-1745993-1746550",18,2,"Astrocyte; Microglia","Shared"
"chr19-55549680-55550237",18,2,"LHb.1; MHb.1","Shared"
"chrX-47560897-47561675",18,2,"Excit.Thal; Inhib.Thal","Shared"
"chrY-19076675-19078131",18,2,"Excit.Thal; LHb.4","Shared"
"chr1-151340819-151341253",14,2,"MHb.2; Oligo","Shared"
"chr17-45619923-45620294",14,2,"Inhib.Thal; LHb.2.7","Shared"
"chr19-49395593-49395909",14,2,"MHb.1; MHb.2","Shared"
"chr19-49422341-49422717",14,2,"MHb.2; Oligo","Shared"
"chr19-56945669-56946502",14,2,"Inhib.Thal; LHb.1","Shared"
"chr2-241576197-241576647",14,2,"LHb.4; Oligo","Shared"
"chr6-31497664-31498350",14,2,"Inhib.Thal; LHb.4","Shared"
"chrY-19075758-19076326",14,2,"LHb.4; MHb.2","Shared"
"chr1-173369417-173369812",12,2,"LHb.2.7; MHb.2","Shared"
"chr1-6657030-6657541",12,2,"Astrocyte; Excit.Thal","Shared"
"chr11-607537-608192",12,2,"Inhib.Thal; LHb.4","Shared"
"chr17-7582896-7584138",12,2,"Excit.Thal; Inhib.Thal","Shared"
"chr19-1383188-1384036",12,2,"Excit.Thal; Inhib.Thal","Shared"
"chr9-129173984-129174346",12,2,"Inhib.Thal; Oligo","Shared"
"chrX-49029144-49030584",12,2,"Astrocyte; MHb.2","Shared"
"chr1-109213412-109214980",10,2,"Excit.Thal; MHb.1.2","Shared"
"chr1-6276296-6276740",10,2,"Inhib.Thal; LHb.2.7","Shared"
"chr14-91961862-91962432",10,2,"Inhib.Thal; LHb.4","Shared"
"chr16-951688-952682",10,2,"Astrocyte; Inhib.Thal","Shared"
"chr17-44093260-44093754",10,2,"Inhib.Thal; LHb.2.7","Shared"
"chr17-7440158-7440716",10,2,"Astrocyte; Inhib.Thal","Shared"
"chr19-16182597-16183036",10,2,"Inhib.Thal; Oligo","Shared"
"chr19-19278324-19278800",10,2,"LHb.2.7; MHb.2","Shared"
"chr19-37933495-37934331",10,2,"Inhib.Thal; LHb.2.7","Shared"
"chr19-57099008-57099474",10,2,"Inhib.Thal; Oligo","Shared"
"chr20-46347799-46348740",10,2,"Inhib.Thal; MHb.2","Shared"
"chr22-39690822-39691397",10,2,"Astrocyte; Inhib.Thal","Shared"
"chr22-49975759-49976306",10,2,"Inhib.Thal; Oligo","Shared"
"chr6-32589592-32589918",10,2,"Inhib.Thal; Microglia","Shared"
"chr7-151303273-151303935",10,2,"Inhib.Thal; Oligo","Shared"
"chr1-205700929-205701568",8,2,"Inhib.Thal; MHb.1","Shared"
"chr1-231026063-231026306",8,2,"Excit.Thal; LHb.1.3.4","Shared"
"chr1-31951847-31952511",8,2,"Inhib.Thal; LHb.4","Shared"
"chr1-40857756-40858074",8,2,"Inhib.Thal; LHb.2.7","Shared"
"chr10-86939365-86939772",8,2,"Astrocyte; Excit.Thal","Shared"
"chr11-1250946-1251634",8,2,"Excit.Thal; LHb.4","Shared"
"chr11-320336-321131",8,2,"Astrocyte; Inhib.Thal","Shared"
"chr11-57283673-57284193",8,2,"Excit.Thal; Inhib.Thal","Shared"
"chr11-69066729-69067561",8,2,"Excit.Thal; Inhib.Thal","Shared"
"chr12-4857550-4858321",8,2,"Astrocyte; Oligo","Shared"
"chr12-6672259-6672714",8,2,"Excit.Thal; Inhib.Thal","Shared"
"chr12-7080591-7081373",8,2,"Excit.Thal; Inhib.Thal","Shared"
"chr13-99940396-99940848",8,2,"Excit.Thal; MHb.1","Shared"
"chr13-99971660-99972041",8,2,"Inhib.Thal; MHb.1","Shared"
"chr14-77040108-77040871",8,2,"Inhib.Thal; MHb.2","Shared"
"chr15-24486057-24486752",8,2,"Inhib.Thal; Oligo","Shared"
"chr15-85858493-85859064",8,2,"Inhib.Thal; Oligo","Shared"
"chr15-89206840-89207268",8,2,"MHb.2; OPC","Shared"
"chr16-3215513-3216521",8,2,"Excit.Thal; LHb.2.7","Shared"
"chr17-16818426-16819664",8,2,"LHb.1; Oligo","Shared"
"chr17-29227744-29228478",8,2,"Inhib.Thal; Oligo","Shared"
"chr17-38748261-38748598",8,2,"Inhib.Thal; MHb.2","Shared"
"chr17-40474321-40474802",8,2,"Inhib.Thal; MHb.2","Shared"
"chr17-48024957-48025759",8,2,"Excit.Thal; Inhib.Thal","Shared"
"chr17-48131100-48131477",8,2,"Inhib.Thal; LHb.4","Shared"
"chr17-50851619-50852407",8,2,"LHb.2.7; Oligo","Shared"
"chr17-7889088-7889482",8,2,"MHb.1; MHb.2","Shared"
"chr17-8125427-8125783",8,2,"Inhib.Thal; LHb.4","Shared"
"chr18-46027869-46028574",8,2,"Astrocyte; Inhib.Thal","Shared"
"chr19-46265110-46265602",8,2,"Astrocyte; LHb.4","Shared"
"chr19-46634877-46635185",8,2,"MHb.1; MHb.2","Shared"
"chr19-46724962-46725294",8,2,"MHb.1; MHb.2","Shared"
"chr19-47280273-47280542",8,2,"Excit.Thal; Inhib.Thal","Shared"
"chr19-53746132-53746615",8,2,"Inhib.Thal; LHb.2.7","Shared"
"chr19-6228782-6229102",8,2,"LHb.1; MHb.2","Shared"
"chr19-7993267-7994052",8,2,"Excit.Thal; Inhib.Thal","Shared"
"chr2-37395862-37397451",8,2,"Inhib.Thal; Oligo","Shared"
"chr22-36838487-36839167",8,2,"Inhib.Thal; MHb.2","Shared"
"chr3-48232689-48233094",8,2,"MHb.2; Oligo","Shared"
"chr5-139341244-139342567",8,2,"Excit.Thal; Inhib.Thal","Shared"
"chr6-27830617-27831189",8,2,"Inhib.Thal; Oligo","Shared"
"chr7-99631671-99632062",8,2,"Excit.Thal; MHb.2","Shared"
"chr8-42706127-42706638",8,2,"MHb.1.2; MHb.2","Shared"
"chr9-133428670-133429057",8,2,"Inhib.Thal; Oligo","Shared"
"chr9-33510772-33511260",8,2,"LHb.1.3.4; Oligo","Shared"
"chr1-110630785-110631384",6,2,"Astrocyte; Oligo","Shared"
"chr1-116151022-116151392",6,2,"LHb.4; Oligo","Shared"
"chr1-11898171-11899114",6,2,"Inhib.Thal; LHb.4","Shared"
"chr1-146387052-146387648",6,2,"Inhib.Thal; MHb.2","Shared"
"chr1-150363525-150365043",6,2,"Excit.Thal; Inhib.Thal","Shared"
"chr1-153566365-153566859",6,2,"LHb.4; Oligo","Shared"
"chr1-160101026-160101423",6,2,"Inhib.Thal; MHb.2","Shared"
"chr1-44293772-44294298",6,2,"LHb.1; MHb.1","Shared"
"chr1-904622-904913",6,2,"Inhib.Thal; Oligo","Shared"
"chr10-74266025-74266557",6,2,"MHb.2; Oligo","Shared"
"chr11-118171474-118171976",6,2,"Astrocyte; Inhib.Thal","Shared"
"chr11-94734465-94734874",6,2,"LHb.2.7; MHb.1","Shared"
"chr14-105414927-105415364",6,2,"Excit.Thal; Oligo","Shared"
"chr14-49853681-49854104",6,2,"LHb.2.7; LHb.4","Shared"
"chr14-93139125-93139489",6,2,"Excit.Thal; Oligo","Shared"
"chr15-33661996-33662547",6,2,"Inhib.Thal; LHb.4","Shared"
"chr15-45200063-45201279",6,2,"Excit.Thal; Oligo","Shared"
"chr15-52139619-52140104",6,2,"LHb.2.7; Oligo","Shared"
"chr15-74768816-74769086",6,2,"Inhib.Thal; LHb.2.7","Shared"
"chr16-12089627-12090392",6,2,"LHb.4; MHb.2","Shared"
"chr16-56356392-56356670",6,2,"Excit.Thal; Oligo","Shared"
"chr16-68599483-68599950",6,2,"LHb.2.7; MHb.2","Shared"
"chr16-81415632-81416410",6,2,"Excit.Thal; Inhib.Thal","Shared"
"chr16-84194293-84194892",6,2,"LHb.1; LHb.2.7","Shared"
"chr17-1216683-1217149",6,2,"LHb.2.7; MHb.2","Shared"
"chr17-19063485-19063909",6,2,"Microglia; OPC","Shared"
"chr17-40308965-40309524",6,2,"LHb.1; Oligo","Shared"
"chr17-42088174-42089001",6,2,"Inhib.Thal; Oligo","Shared"
"chr17-42679570-42680072",6,2,"LHb.2.7; Oligo","Shared"
"chr17-47492295-47492891",6,2,"Excit.Thal; Inhib.Thal","Shared"
"chr17-64145438-64146804",6,2,"Excit.Thal; MHb.1.2","Shared"
"chr17-82854649-82855385",6,2,"Inhib.Thal; Oligo","Shared"
"chr19-10150217-10150596",6,2,"Astrocyte; LHb.4","Shared"
"chr19-10308074-10308582",6,2,"Excit.Thal; Inhib.Thal","Shared"
"chr19-1194029-1194849",6,2,"Excit.Thal; Oligo","Shared"
"chr19-52946399-52946960",6,2,"Excit.Thal; LHb.2.7","Shared"
"chr19-58554807-58555319",6,2,"Excit.Thal; Inhib.Thal","Shared"
"chr19-770120-770553",6,2,"Inhib.Thal; Oligo","Shared"
"chr2-171687098-171688455",6,2,"Excit.Thal; Inhib.Thal","Shared"
"chr2-20305224-20305615",6,2,"Inhib.Thal; Oligo","Shared"
"chr2-218979792-218980348",6,2,"Astrocyte; Oligo","Shared"
"chr2-38528042-38528352",6,2,"Oligo; OPC","Shared"
"chr2-64327783-64328477",6,2,"MHb.2; Oligo","Shared"
"chr2-85728930-85729603",6,2,"Microglia; Oligo","Shared"
"chr20-18377957-18378647",6,2,"Excit.Thal; Inhib.Thal","Shared"
"chr20-2771505-2772037",6,2,"MHb.1; MHb.2","Shared"
"chr20-32652581-32653203",6,2,"Astrocyte; Oligo","Shared"
"chr20-43767604-43767933",6,2,"Excit.Thal; LHb.4","Shared"
"chr22-41699270-41699765",6,2,"Astrocyte; Oligo","Shared"
"chr3-10432204-10433015",6,2,"Inhib.Thal; MHb.2","Shared"
"chr3-136250121-136250755",6,2,"Oligo; OPC","Shared"
"chr3-16337939-16338450",6,2,"Inhib.Thal; LHb.2.7","Shared"
"chr4-2296598-2297526",6,2,"Excit.Thal; Inhib.Thal","Shared"
"chr5-132820050-132820412",6,2,"Astrocyte; Oligo","Shared"
"chr5-140244502-140244845",6,2,"Excit.Thal; Inhib.Thal","Shared"
"chr5-180682286-180682791",6,2,"LHb.2.7; MHb.2","Shared"
"chr6-26595438-26596130",6,2,"Inhib.Thal; Oligo","Shared"
"chr6-30306185-30306764",6,2,"LHb.2.7; MHb.1","Shared"
"chr6-31546071-31546930",6,2,"MHb.1; Oligo","Shared"
"chr6-32893567-32895645",6,2,"MHb.1; Oligo","Shared"
"chr6-36441390-36441701",6,2,"Excit.Thal; Microglia","Shared"
"chr7-130379611-130380379",6,2,"Inhib.Thal; LHb.4","Shared"
"chr7-150368041-150369436",6,2,"Astrocyte; Inhib.Thal","Shared"
"chr8-144167816-144169080",6,2,"Astrocyte; Inhib.Thal","Shared"
"chr8-73739916-73740169",6,2,"LHb.1; MHb.2","Shared"
"chr9-112904644-112905307",6,2,"LHb.2.7; MHb.1","Shared"
"chr9-114290871-114291341",6,2,"Inhib.Thal; Oligo","Shared"
"chr9-129549382-129550672",6,2,"MHb.1; MHb.2","Shared"
"chr9-136841064-136841682",6,2,"LHb.1.3.4; MHb.2","Shared"
"chrX-120485608-120486440",6,2,"MHb.2; Oligo","Shared"
"chrY-13751308-13752418",6,2,"Excit.Thal; LHb.4","Shared"
"chr1-110460289-110460608",4,2,"Astrocyte; Oligo","Shared"
"chr1-11292713-11293260",4,2,"LHb.1; LHb.2.7","Shared"
"chr1-150321101-150321984",4,2,"Excit.Thal; LHb.1","Shared"
"chr1-155243658-155245203",4,2,"Excit.Thal; Inhib.Thal","Shared"
"chr1-16078900-16079276",4,2,"Astrocyte; Oligo","Shared"
"chr1-162800225-162800608",4,2,"MHb.2; Oligo","Shared"
"chr1-19439490-19439872",4,2,"LHb.1; Oligo","Shared"
"chr1-1955611-1956360",4,2,"LHb.1; LHb.4","Shared"
"chr1-207866509-207867032",4,2,"Excit.Thal; MHb.2","Shared"
"chr1-229370522-229371132",4,2,"Excit.Thal; Inhib.Thal","Shared"
"chr1-229887439-229887715",4,2,"Excit.Thal; Inhib.Thal","Shared"
"chr1-26692236-26692691",4,2,"Excit.Thal; Inhib.Thal","Shared"
"chr1-2845545-2846163",4,2,"LHb.1; LHb.2.7","Shared"
"chr1-33470361-33470852",4,2,"Excit.Thal; Inhib.Thal","Shared"
"chr1-36150381-36151160",4,2,"LHb.4; Oligo","Shared"
"chr1-54028294-54028806",4,2,"Inhib.Thal; LHb.4","Shared"
"chr1-85092923-85093291",4,2,"LHb.2.7; MHb.1.2","Shared"
"chr1-94045532-94046003",4,2,"Inhib.Thal; Oligo","Shared"
"chr10-103859218-103859527",4,2,"Inhib.Thal; LHb.4","Shared"
"chr10-104305503-104305917",4,2,"Excit.Thal; Oligo","Shared"
"chr10-11270527-11270918",4,2,"Inhib.Thal; LHb.4","Shared"
"chr10-117496502-117496910",4,2,"Astrocyte; Oligo","Shared"
"chr10-131937887-131938176",4,2,"Inhib.Thal; LHb.2.7","Shared"
"chr10-14379376-14380218",4,2,"Inhib.Thal; LHb.4","Shared"
"chr10-23146908-23147299",4,2,"Excit.Thal; Inhib.Thal","Shared"
"chr10-27242901-27243527",4,2,"Excit.Thal; Microglia","Shared"
"chr10-27503521-27504962",4,2,"Inhib.Thal; MHb.2","Shared"
"chr10-49723378-49724118",4,2,"Inhib.Thal; MHb.1.2","Shared"
"chr10-70203403-70204299",4,2,"Inhib.Thal; LHb.4","Shared"
"chr10-97827733-97828204",4,2,"LHb.2.7; MHb.2","Shared"
"chr11-115181558-115182048",4,2,"LHb.2.7; MHb.2","Shared"
"chr11-35778745-35779505",4,2,"Inhib.Thal; MHb.2","Shared"
"chr11-62646037-62647064",4,2,"Astrocyte; MHb.2","Shared"
"chr11-78574164-78575713",4,2,"Excit.Thal; Oligo","Shared"
"chr11-87451119-87451718",4,2,"Inhib.Thal; Thal","Shared"
"chr12-122974096-122975414",4,2,"Excit.Thal; MHb.1","Shared"
"chr12-123106859-123107665",4,2,"Inhib.Thal; LHb.1.3.4","Shared"
"chr12-12624326-12625097",4,2,"Inhib.Thal; Oligo","Shared"
"chr12-12695927-12697035",4,2,"Excit.Thal; Inhib.Thal","Shared"
"chr12-64135866-64136391",4,2,"Inhib.Thal; LHb.2.7","Shared"
"chr12-88946360-88946850",4,2,"Excit.Thal; MHb.1","Shared"
"chr12-9124175-9125239",4,2,"Inhib.Thal; LHb.1","Shared"
"chr12-9283324-9284112",4,2,"Inhib.Thal; OPC","Shared"
"chr13-30365467-30365825",4,2,"Inhib.Thal; MHb.2","Shared"
"chr13-44483397-44483946",4,2,"Inhib.Thal; Oligo","Shared"
"chr13-99990418-99991987",4,2,"LHb.2.7; MHb.2","Shared"
"chr14-105390871-105391356",4,2,"LHb.2.7; MHb.2","Shared"
"chr14-105577345-105577754",4,2,"Inhib.Thal; LHb.4","Shared"
"chr14-22766251-22767507",4,2,"Excit.Thal; LHb.1.3.4","Shared"
"chr14-22929031-22929856",4,2,"Excit.Thal; LHb.1.3.4","Shared"
"chr14-50350664-50351023",4,2,"Excit.Thal; Inhib.Thal","Shared"
"chr14-67738869-67739412",4,2,"LHb.1; LHb.2.7","Shared"
"chr14-67807252-67807882",4,2,"Astrocyte; LHb.4","Shared"
"chr14-75295103-75295382",4,2,"Astrocyte; Inhib.Thal","Shared"
"chr14-99363792-99364445",4,2,"LHb.4; MHb.1.2","Shared"
"chr15-39992888-39993286",4,2,"Inhib.Thal; Oligo","Shared"
"chr15-42704404-42705148",4,2,"Astrocyte; Oligo","Shared"
"chr15-43518221-43518742",4,2,"Excit.Thal; Inhib.Thal","Shared"
"chr15-71125276-71125737",4,2,"Excit.Thal; Inhib.Thal","Shared"
"chr15-75775763-75776239",4,2,"LHb.4; MHb.1.2","Shared"
"chr15-83248092-83248651",4,2,"Inhib.Thal; LHb.4","Shared"
"chr16-11297547-11298343",4,2,"Inhib.Thal; Oligo","Shared"
"chr16-13702365-13702958",4,2,"LHb.1; LHb.4","Shared"
"chr16-148660-149465",4,2,"Excit.Thal; LHb.2.7","Shared"
"chr16-2155178-2155956",4,2,"Excit.Thal; Inhib.Thal","Shared"
"chr16-27313517-27314283",4,2,"Inhib.Thal; Oligo","Shared"
"chr16-31537306-31537776",4,2,"LHb.1.3.4; MHb.1","Shared"
"chr16-71454477-71455114",4,2,"Excit.Thal; LHb.4","Shared"
"chr16-72429556-72430025",4,2,"Excit.Thal; Inhib.Thal","Shared"
"chr16-87492060-87493300",4,2,"Excit.Thal; Inhib.Thal","Shared"
"chr17-35947177-35947483",4,2,"Inhib.Thal; LHb.4","Shared"
"chr17-3755035-3755515",4,2,"LHb.2.7; LHb.4","Shared"
"chr17-39115147-39115731",4,2,"Inhib.Thal; LHb.4","Shared"
"chr17-39617622-39618331",4,2,"Astrocyte; Oligo","Shared"
"chr17-45052027-45052600",4,2,"Astrocyte; Oligo","Shared"
"chr17-47889760-47890261",4,2,"Astrocyte; Oligo","Shared"
"chr17-7685565-7686887",4,2,"Excit.Thal; Inhib.Thal","Shared"
"chr18-35289089-35290825",4,2,"Inhib.Thal; MHb.1","Shared"
"chr19-17334330-17335095",4,2,"Inhib.Thal; MHb.1.2","Shared"
"chr19-17337054-17337737",4,2,"Inhib.Thal; MHb.2","Shared"
"chr19-19405057-19406626",4,2,"Excit.Thal; Inhib.Thal","Shared"
"chr19-34666378-34666907",4,2,"LHb.1.3.4; LHb.4","Shared"
"chr19-35845492-35846329",4,2,"Inhib.Thal; MHb.1.2","Shared"
"chr19-44784188-44784623",4,2,"Inhib.Thal; LHb.1.3.4","Shared"
"chr19-47497047-47497428",4,2,"LHb.2.7; Oligo","Shared"
"chr19-47963148-47963555",4,2,"Inhib.Thal; MHb.2","Shared"
"chr19-50551733-50552035",4,2,"Inhib.Thal; OPC","Shared"
"chr19-55146254-55147209",4,2,"Inhib.Thal; LHb.1.3.4","Shared"
"chr19-56403249-56404802",4,2,"MHb.1; OPC","Shared"
"chr19-56983028-56983577",4,2,"Inhib.Thal; LHb.4","Shared"
"chr19-57010171-57010924",4,2,"LHb.4; MHb.2","Shared"
"chr19-6831544-6832081",4,2,"LHb.1.3.4; LHb.1","Shared"
"chr19-821230-822698",4,2,"LHb.4; Oligo","Shared"
"chr19-867255-867593",4,2,"LHb.2.7; MHb.2","Shared"
"chr19-9136446-9136750",4,2,"Inhib.Thal; LHb.1","Shared"
"chr2-104852967-104853413",4,2,"Inhib.Thal; Oligo","Shared"
"chr2-109108407-109109307",4,2,"Excit.Thal; Inhib.Thal","Shared"
"chr2-113277047-113278496",4,2,"Excit.Thal; Inhib.Thal","Shared"
"chr2-177830980-177831322",4,2,"MHb.1; MHb.2","Shared"
"chr2-202911272-202912342",4,2,"Inhib.Thal; Oligo","Shared"
"chr2-210062915-210063507",4,2,"Excit.Thal; Inhib.Thal","Shared"
"chr2-218896722-218897642",4,2,"LHb.1; MHb.1","Shared"
"chr2-241490161-241490998",4,2,"LHb.2.7; LHb.4","Shared"
"chr2-25295044-25295405",4,2,"Inhib.Thal; LHb.4","Shared"
"chr2-28625051-28625449",4,2,"Inhib.Thal; Microglia","Shared"
"chr2-38581324-38581814",4,2,"MHb.1.2; Oligo","Shared"
"chr2-38777685-38778709",4,2,"Astrocyte; Oligo","Shared"
"chr2-853329-853749",4,2,"Excit.Thal; Inhib.Thal","Shared"
"chr20-25867792-25868840",4,2,"Excit.Thal; Oligo","Shared"
"chr20-36113445-36113889",4,2,"Excit.Thal; Inhib.Thal","Shared"
"chr20-38723985-38724599",4,2,"Inhib.Thal; LHb.4","Shared"
"chr20-45425549-45425816",4,2,"Excit.Thal; LHb.4","Shared"
"chr20-46013883-46014449",4,2,"Inhib.Thal; Oligo","Shared"
"chr20-46995373-46995829",4,2,"Inhib.Thal; MHb.2","Shared"
"chr20-47358822-47359333",4,2,"Excit.Thal; Inhib.Thal","Shared"
"chr20-63215607-63216878",4,2,"Excit.Thal; OPC","Shared"
"chr21-29002370-29003195",4,2,"Excit.Thal; Inhib.Thal","Shared"
"chr21-45613423-45613757",4,2,"LHb.4; MHb.2","Shared"
"chr22-39532433-39533084",4,2,"Excit.Thal; Inhib.Thal","Shared"
"chr22-41596847-41597625",4,2,"Inhib.Thal; Oligo","Shared"
"chr22-46618124-46619061",4,2,"Inhib.Thal; LHb.4","Shared"
"chr3-118744116-118744634",4,2,"MHb.1; MHb.2","Shared"
"chr3-132228874-132229383",4,2,"Excit.Thal; LHb.1","Shared"
"chr3-147430524-147430865",4,2,"Excit.Thal; MHb.2","Shared"
"chr3-183115902-183116905",4,2,"Inhib.Thal; MHb.1","Shared"
"chr3-187744657-187745002",4,2,"Inhib.Thal; Oligo","Shared"
"chr3-195678484-195679076",4,2,"Inhib.Thal; LHb.1.3.4","Shared"
"chr3-195994327-195994593",4,2,"Inhib.Thal; Oligo","Shared"
"chr3-42263307-42263783",4,2,"Inhib.Thal; MHb.1","Shared"
"chr3-49165804-49166515",4,2,"Astrocyte; Oligo","Shared"
"chr3-49213466-49213859",4,2,"Inhib.Thal; LHb.1.3.4","Shared"
"chr3-49719216-49719896",4,2,"Excit.Thal; Oligo","Shared"
"chr4-109422410-109422958",4,2,"MHb.2; Oligo","Shared"
"chr4-2084272-2084850",4,2,"Inhib.Thal; MHb.2","Shared"
"chr4-48410454-48411271",4,2,"Inhib.Thal; LHb.4","Shared"
"chr4-77385260-77385671",4,2,"Inhib.Thal; LHb.1","Shared"
"chr4-8242164-8242564",4,2,"Inhib.Thal; OPC","Shared"
"chr5-141494742-141495373",4,2,"Excit.Thal; Inhib.Thal","Shared"
"chr5-143222227-143223182",4,2,"Excit.Thal; MHb.1","Shared"
"chr5-149550676-149551988",4,2,"Excit.Thal; Inhib.Thal","Shared"
"chr5-150309153-150309877",4,2,"Inhib.Thal; LHb.1.3.4","Shared"
"chr5-150427974-150428531",4,2,"LHb.1; Oligo","Shared"
"chr5-152142411-152143125",4,2,"Inhib.Thal; Oligo","Shared"
"chr5-157971477-157972211",4,2,"Inhib.Thal; MHb.2","Shared"
"chr5-181173209-181174317",4,2,"Excit.Thal; LHb.4","Shared"
"chr5-60632127-60633601",4,2,"LHb.1.3.4; LHb.4","Shared"
"chr5-71953401-71954048",4,2,"LHb.4; MHb.2","Shared"
"chr5-74919378-74919784",4,2,"Oligo; OPC","Shared"
"chr5-77491748-77492857",4,2,"Inhib.Thal; LHb.2.7","Shared"
"chr6-109312695-109313330",4,2,"Excit.Thal; Inhib.Thal","Shared"
"chr6-116038659-116039862",4,2,"Inhib.Thal; LHb.4","Shared"
"chr6-26203801-26204928",4,2,"Excit.Thal; Inhib.Thal","Shared"
"chr6-26224910-26225476",4,2,"Inhib.Thal; LHb.1","Shared"
"chr6-27131403-27132072",4,2,"Inhib.Thal; Oligo","Shared"
"chr6-30198571-30199167",4,2,"Inhib.Thal; LHb.4","Shared"
"chr6-99612985-99614640",4,2,"Inhib.Thal; LHb.4","Shared"
"chr7-100889248-100890620",4,2,"Excit.Thal; Inhib.Thal","Shared"
"chr7-29649388-29650235",4,2,"Inhib.Thal; LHb.4","Shared"
"chr7-30983542-30984173",4,2,"Astrocyte; Oligo","Shared"
"chr7-6026098-6026637",4,2,"LHb.2.7; Oligo","Shared"
"chr7-76216540-76217064",4,2,"LHb.2.7; MHb.1","Shared"
"chr8-29804157-29804671",4,2,"Inhib.Thal; LHb.2.7","Shared"
"chr8-30383892-30385389",4,2,"Astrocyte; Inhib.Thal","Shared"
"chr8-42974864-42975553",4,2,"LHb.1.3.4; LHb.1","Shared"
"chr8-64451744-64452107",4,2,"Excit.Thal; Inhib.Thal","Shared"
"chr8-79871203-79871872",4,2,"Inhib.Thal; MHb.2","Shared"
"chr9-108854707-108855907",4,2,"Astrocyte; MHb.1","Shared"
"chr9-109258457-109259091",4,2,"Inhib.Thal; LHb.1","Shared"
"chr9-112933253-112933948",4,2,"Excit.Thal; LHb.2.7","Shared"
"chr9-113655260-113655658",4,2,"LHb.1; Oligo","Shared"
"chr9-124126830-124127093",4,2,"Excit.Thal; MHb.1.2","Shared"
"chr9-124320013-124320622",4,2,"LHb.4; Oligo","Shared"
"chr9-127159150-127159661",4,2,"Excit.Thal; Inhib.Thal","Shared"
"chr9-128268582-128269105",4,2,"Inhib.Thal; LHb.4","Shared"
"chr9-69421864-69422550",4,2,"Astrocyte; MHb.2","Shared"
"chr9-78438924-78439819",4,2,"Astrocyte; Excit.Thal","Shared"
"chr9-92877505-92878338",4,2,"Excit.Thal; Oligo","Shared"
"chr9-97860441-97861445",4,2,"Excit.Thal; Inhib.Thal","Shared"
"chrX-102669221-102670056",4,2,"Inhib.Thal; LHb.4","Shared"
"chrX-119482478-119483160",4,2,"MHb.2; Oligo","Shared"
"chrX-153673042-153674233",4,2,"Excit.Thal; MHb.2","Shared"
"chrX-2593336-2593628",4,2,"Inhib.Thal; Oligo","Shared"
"chrX-47128873-47129842",4,2,"Excit.Thal; LHb.1","Shared"
"chrX-48834862-48836349",4,2,"Astrocyte; Oligo","Shared"
"chrX-7107885-7108493",4,2,"Excit.Thal; LHb.2.7","Shared"
"chrX-73943987-73944514",4,2,"Excit.Thal; Inhib.Thal","Shared"
"chrX-74293198-74293784",4,2,"Excit.Thal; Inhib.Thal","Shared"
"chr1-100213166-100213615",2,2,"Inhib.Thal; LHb.4","Shared"
"chr1-101155837-101156189",2,2,"MHb.1.2; MHb.2","Shared"
"chr1-107171248-107171735",2,2,"Astrocyte; Inhib.Thal","Shared"
"chr1-109334979-109335889",2,2,"Inhib.Thal; Oligo","Shared"
"chr1-109983942-109985546",2,2,"Excit.Thal; OPC","Shared"
"chr1-110524291-110524983",2,2,"Astrocyte; Oligo","Shared"
"chr1-110615721-110616041",2,2,"Astrocyte; Oligo","Shared"
"chr1-111789133-111789494",2,2,"Excit.Thal; MHb.2","Shared"
"chr1-112804023-112804508",2,2,"Astrocyte; Thal","Shared"
"chr1-113170782-113171095",2,2,"Inhib.Thal; LHb.2.7","Shared"
"chr1-11616859-11617412",2,2,"MHb.1; MHb.2","Shared"
"chr1-117895532-117896057",2,2,"Astrocyte; Oligo","Shared"
"chr1-145280958-145281537",2,2,"LHb.2.7; Oligo","Shared"
"chr1-145465295-145465734",2,2,"Excit.Thal; LHb.4","Shared"
"chr1-146035392-146035790",2,2,"Inhib.Thal; Oligo","Shared"
"chr1-148280060-148280776",2,2,"LHb.2.7; Oligo","Shared"
"chr1-15370637-15371283",2,2,"Inhib.Thal; LHb.4","Shared"
"chr1-1540233-1540956",2,2,"LHb.1; Oligo","Shared"
"chr1-15437010-15437455",2,2,"LHb.2.7; MHb.2","Shared"
"chr1-154779757-154780079",2,2,"LHb.2.7; MHb.2","Shared"
"chr1-155069587-155070559",2,2,"MHb.2; Oligo","Shared"
"chr1-157069486-157069943",2,2,"Excit.Thal; Inhib.Thal","Shared"
"chr1-160081027-160081702",2,2,"MHb.1; Oligo","Shared"
"chr1-164796916-164797422",2,2,"MHb.1; MHb.2","Shared"
"chr1-16903836-16904349",2,2,"Excit.Thal; Inhib.Thal","Shared"
"chr1-172039053-172039381",2,2,"LHb.2.7; MHb.2","Shared"
"chr1-17494093-17494785",2,2,"Excit.Thal; Inhib.Thal","Shared"
"chr1-177023204-177023939",2,2,"Inhib.Thal; LHb.1.3.4","Shared"
"chr1-179292984-179294130",2,2,"Excit.Thal; Inhib.Thal","Shared"
"chr1-180424792-180425432",2,2,"Inhib.Thal; LHb.2.7","Shared"
"chr1-181413141-181413655",2,2,"Excit.Thal; MHb.2","Shared"
"chr1-198701490-198702467",2,2,"LHb.2.7; MHb.2","Shared"
"chr1-200488428-200488980",2,2,"Astrocyte; Oligo","Shared"
"chr1-200916692-200917637",2,2,"Inhib.Thal; LHb.4","Shared"
"chr1-201895889-201896271",2,2,"Excit.Thal; Inhib.Thal","Shared"
"chr1-202315460-202315890",2,2,"Inhib.Thal; LHb.1","Shared"
"chr1-203216232-203216539",2,2,"LHb.4; Oligo","Shared"
"chr1-203401090-203401702",2,2,"Inhib.Thal; Oligo","Shared"
"chr1-20386248-20387106",2,2,"Astrocyte; Inhib.Thal","Shared"
"chr1-209585635-209586077",2,2,"Astrocyte; Oligo","Shared"
"chr1-209862714-209863281",2,2,"Inhib.Thal; MHb.2","Shared"
"chr1-209992834-209993878",2,2,"Inhib.Thal; Oligo","Shared"
"chr1-2139803-2140262",2,2,"Excit.Thal; LHb.2.7","Shared"
"chr1-218164269-218165654",2,2,"Inhib.Thal; LHb.2.7","Shared"
"chr1-22563132-22563928",2,2,"Inhib.Thal; Oligo","Shared"
"chr1-225915519-225915891",2,2,"Inhib.Thal; MHb.2","Shared"
"chr1-22618085-22618808",2,2,"Excit.Thal; MHb.2","Shared"
"chr1-229893668-229894551",2,2,"MHb.1; MHb.2","Shared"
"chr1-230672119-230672728",2,2,"Excit.Thal; Inhib.Thal","Shared"
"chr1-233046624-233047286",2,2,"Excit.Thal; Inhib.Thal","Shared"
"chr1-235139677-235140759",2,2,"Inhib.Thal; LHb.4","Shared"
"chr1-24567771-24568325",2,2,"Inhib.Thal; MHb.1.2","Shared"
"chr1-246788863-246789296",2,2,"Inhib.Thal; Oligo","Shared"
"chr1-25099142-25099600",2,2,"Excit.Thal; LHb.4","Shared"
"chr1-25799652-25800967",2,2,"MHb.1.2; MHb.1","Shared"
"chr1-26731102-26731623",2,2,"Inhib.Thal; LHb.2.7","Shared"
"chr1-33126926-33127863",2,2,"Excit.Thal; Inhib.Thal","Shared"
"chr1-33472038-33473162",2,2,"Astrocyte; Excit.Thal","Shared"
"chr1-36845819-36846879",2,2,"LHb.2.7; MHb.2","Shared"
"chr1-40257354-40258625",2,2,"Excit.Thal; Inhib.Thal","Shared"
"chr1-4061471-4063434",2,2,"Excit.Thal; Inhib.Thal","Shared"
"chr1-41226832-41227340",2,2,"Inhib.Thal; LHb.2.7","Shared"
"chr1-41792264-41792748",2,2,"LHb.1; Microglia","Shared"
"chr1-42984504-42985547",2,2,"Excit.Thal; LHb.4","Shared"
"chr1-43227165-43227504",2,2,"Excit.Thal; LHb.4","Shared"
"chr1-43500548-43501090",2,2,"Excit.Thal; Inhib.Thal","Shared"
"chr1-43505009-43505527",2,2,"MHb.1.2; MHb.2","Shared"
"chr1-43530640-43531800",2,2,"Inhib.Thal; MHb.1","Shared"
"chr1-45718280-45718616",2,2,"Inhib.Thal; LHb.4","Shared"
"chr1-55079048-55079289",2,2,"Excit.Thal; LHb.4","Shared"
"chr1-56797008-56797609",2,2,"LHb.2.7; MHb.1","Shared"
"chr1-5765976-5766504",2,2,"LHb.1; MHb.1","Shared"
"chr1-58816100-58816768",2,2,"Inhib.Thal; Oligo","Shared"
"chr1-61453034-61453674",2,2,"LHb.4; Oligo","Shared"
"chr1-6338133-6339446",2,2,"Inhib.Thal; MHb.1","Shared"
"chr1-66576688-66577219",2,2,"LHb.1; Oligo","Shared"
"chr1-67148809-67149471",2,2,"Astrocyte; Inhib.Thal","Shared"
"chr1-7051019-7051523",2,2,"Inhib.Thal; LHb.4","Shared"
"chr1-75991501-75991907",2,2,"LHb.4; MHb.1.2","Shared"
"chr1-827083-827686",2,2,"Excit.Thal; MHb.1.2","Shared"
"chr1-84085602-84086546",2,2,"Astrocyte; Inhib.Thal","Shared"
"chr1-84386959-84388063",2,2,"Excit.Thal; Inhib.Thal","Shared"
"chr1-86377171-86377772",2,2,"Astrocyte; Inhib.Thal","Shared"
"chr1-8918040-8918478",2,2,"Inhib.Thal; MHb.2","Shared"
"chr10-103065882-103066630",2,2,"Inhib.Thal; MHb.2","Shared"
"chr10-103547383-103548009",2,2,"Astrocyte; Inhib.Thal","Shared"
"chr10-11275609-11275867",2,2,"LHb.2.7; MHb.2","Shared"
"chr10-11451510-11452054",2,2,"Excit.Thal; LHb.2.7","Shared"
"chr10-118020355-118020698",2,2,"Inhib.Thal; Oligo","Shared"
"chr10-119242059-119242570",2,2,"Inhib.Thal; LHb.4","Shared"
"chr10-120542960-120543399",2,2,"Excit.Thal; LHb.4","Shared"
"chr10-125060631-125061481",2,2,"LHb.4; OPC","Shared"
"chr10-13299270-13300575",2,2,"Astrocyte; Excit.Thal","Shared"
"chr10-15725421-15725972",2,2,"Inhib.Thal; Oligo","Shared"
"chr10-23192658-23193311",2,2,"Excit.Thal; Inhib.Thal","Shared"
"chr10-26936533-26937626",2,2,"Inhib.Thal; LHb.4","Shared"
"chr10-34780910-34781339",2,2,"LHb.2.7; Oligo","Shared"
"chr10-38355747-38356499",2,2,"Excit.Thal; MHb.1","Shared"
"chr10-38402153-38403495",2,2,"LHb.4; Oligo","Shared"
"chr10-45474792-45475475",2,2,"Inhib.Thal; MHb.1","Shared"
"chr10-47267193-47267680",2,2,"Excit.Thal; Inhib.Thal","Shared"
"chr10-49395125-49396105",2,2,"Astrocyte; Inhib.Thal","Shared"
"chr10-58243320-58243585",2,2,"Excit.Thal; Inhib.Thal","Shared"
"chr10-6088584-6089924",2,2,"LHb.1; MHb.1.2","Shared"
"chr10-62637388-62637822",2,2,"LHb.1; MHb.2","Shared"
"chr10-68271119-68271876",2,2,"LHb.4; MHb.2","Shared"
"chr10-72784437-72785076",2,2,"Inhib.Thal; Oligo","Shared"
"chr10-73131857-73132472",2,2,"LHb.1; LHb.2.7","Shared"
"chr10-74176137-74177393",2,2,"Astrocyte; Excit.Thal","Shared"
"chr10-7444497-7445153",2,2,"Inhib.Thal; MHb.2","Shared"
"chr10-77846572-77847214",2,2,"Astrocyte; Oligo","Shared"
"chr10-78507554-78508148",2,2,"Excit.Thal; Inhib.Thal","Shared"
"chr10-80509147-80509899",2,2,"LHb.2.7; MHb.2","Shared"
"chr10-92200714-92201362",2,2,"Inhib.Thal; Thal","Shared"
"chr10-93844896-93845544",2,2,"Inhib.Thal; LHb.4","Shared"
"chr10-96756327-96756797",2,2,"Excit.Thal; Inhib.Thal","Shared"
"chr10-97383778-97384309",2,2,"Inhib.Thal; Oligo","Shared"
"chr11-101996055-101996425",2,2,"Inhib.Thal; LHb.4","Shared"
"chr11-10307699-10308217",2,2,"Oligo; OPC","Shared"
"chr11-105731866-105732815",2,2,"Inhib.Thal; Oligo","Shared"
"chr11-10573277-10573763",2,2,"Excit.Thal; LHb.4","Shared"
"chr11-112403880-112404390",2,2,"LHb.1; LHb.2.7","Shared"
"chr11-112588205-112588551",2,2,"Excit.Thal; Inhib.Thal","Shared"
"chr11-116924525-116925421",2,2,"Inhib.Thal; Oligo","Shared"
"chr11-117814509-117815192",2,2,"Excit.Thal; LHb.2.7","Shared"
"chr11-117907138-117907630",2,2,"Inhib.Thal; Oligo","Shared"
"chr11-118053375-118053692",2,2,"MHb.2; Oligo","Shared"
"chr11-119030052-119031123",2,2,"MHb.1.2; MHb.2","Shared"
"chr11-121093688-121094561",2,2,"Excit.Thal; Inhib.Thal","Shared"
"chr11-126366102-126367022",2,2,"Inhib.Thal; Oligo","Shared"
"chr11-129331822-129332222",2,2,"LHb.1; LHb.4","Shared"
"chr11-131483654-131484095",2,2,"Inhib.Thal; LHb.4","Shared"
"chr11-134868419-134868984",2,2,"Inhib.Thal; Oligo","Shared"
"chr11-1531506-1532496",2,2,"LHb.2.7; Oligo","Shared"
"chr11-17695492-17696339",2,2,"Inhib.Thal; Oligo","Shared"
"chr11-18490255-18492054",2,2,"Inhib.Thal; MHb.1","Shared"
"chr11-18802403-18803142",2,2,"Inhib.Thal; Oligo","Shared"
"chr11-33116313-33116901",2,2,"Excit.Thal; Inhib.Thal","Shared"
"chr11-33778439-33779006",2,2,"Inhib.Thal; LHb.4","Shared"
"chr11-34274652-34275452",2,2,"Astrocyte; LHb.4","Shared"
"chr11-34327809-34328526",2,2,"LHb.2.7; MHb.2","Shared"
"chr11-36593919-36594967",2,2,"Excit.Thal; Oligo","Shared"
"chr11-43124712-43125178",2,2,"MHb.1; MHb.2","Shared"
"chr11-46243080-46243830",2,2,"Astrocyte; Oligo","Shared"
"chr11-56704721-56705865",2,2,"Excit.Thal; LHb.4","Shared"
"chr11-59102181-59102512",2,2,"LHb.1; MHb.2","Shared"
"chr11-62380464-62381080",2,2,"Astrocyte; MHb.2","Shared"
"chr11-63917749-63918473",2,2,"MHb.1.2; Oligo","Shared"
"chr11-66677294-66678811",2,2,"Excit.Thal; MHb.1","Shared"
"chr11-68782858-68783651",2,2,"Excit.Thal; Inhib.Thal","Shared"
"chr11-70611219-70611429",2,2,"MHb.1; MHb.2","Shared"
"chr11-72446658-72447310",2,2,"Inhib.Thal; MHb.1","Shared"
"chr11-72657418-72657745",2,2,"LHb.2.7; LHb.4","Shared"
"chr11-7456242-7456547",2,2,"MHb.1; MHb.2","Shared"
"chr11-75384296-75384795",2,2,"Inhib.Thal; Oligo","Shared"
"chr11-77716858-77717362",2,2,"Inhib.Thal; MHb.1.2","Shared"
"chr11-78270756-78271289",2,2,"MHb.2; OPC","Shared"
"chr11-86291657-86292072",2,2,"Inhib.Thal; Oligo","Shared"
"chr11-87431356-87431663",2,2,"MHb.1; MHb.2","Shared"
"chr12-104286598-104287402",2,2,"Excit.Thal; Oligo","Shared"
"chr12-105051147-105051543",2,2,"LHb.1.3.4; LHb.1","Shared"
"chr12-107600532-107601068",2,2,"Inhib.Thal; LHb.2.7","Shared"
"chr12-107760349-107762000",2,2,"Inhib.Thal; MHb.1.2","Shared"
"chr12-109782331-109782944",2,2,"Inhib.Thal; Oligo","Shared"
"chr12-109899656-109901021",2,2,"MHb.2; Oligo","Shared"
"chr12-111068264-111068850",2,2,"Inhib.Thal; MHb.2","Shared"
"chr12-113130082-113130973",2,2,"Inhib.Thal; MHb.2","Shared"
"chr12-116861334-116861652",2,2,"Excit.Thal; LHb.4","Shared"
"chr12-116910709-116911681",2,2,"Astrocyte; Oligo","Shared"
"chr12-122297436-122298092",2,2,"Excit.Thal; Inhib.Thal","Shared"
"chr12-124318141-124318479",2,2,"LHb.2.7; MHb.2","Shared"
"chr12-124771820-124772468",2,2,"Astrocyte; LHb.4","Shared"
"chr12-125024928-125025560",2,2,"Inhib.Thal; LHb.4","Shared"
"chr12-130053461-130054393",2,2,"Excit.Thal; OPC","Shared"
"chr12-131192935-131193346",2,2,"Inhib.Thal; MHb.2","Shared"
"chr12-131573595-131574807",2,2,"Astrocyte; Inhib.Thal","Shared"
"chr12-16385927-16386533",2,2,"Excit.Thal; LHb.2.7","Shared"
"chr12-2003853-2005100",2,2,"Excit.Thal; MHb.1.2","Shared"
"chr12-22034897-22035357",2,2,"Excit.Thal; Inhib.Thal","Shared"
"chr12-22443250-22443758",2,2,"Astrocyte; LHb.4","Shared"
"chr12-2372189-2372965",2,2,"LHb.4; MHb.2","Shared"
"chr12-24665322-24665545",2,2,"MHb.1; MHb.2","Shared"
"chr12-2876646-2878719",2,2,"MHb.2; Oligo","Shared"
"chr12-29550222-29550911",2,2,"Inhib.Thal; MHb.2","Shared"
"chr12-31105694-31106670",2,2,"Excit.Thal; Inhib.Thal","Shared"
"chr12-31120537-31121071",2,2,"Excit.Thal; LHb.4","Shared"
"chr12-3178791-3179238",2,2,"Excit.Thal; Thal","Shared"
"chr12-32296452-32296926",2,2,"Inhib.Thal; LHb.2.7","Shared"
"chr12-4320473-4321761",2,2,"MHb.1.2; Oligo","Shared"
"chr12-4519417-4519955",2,2,"Inhib.Thal; MHb.1","Shared"
"chr12-49188281-49189405",2,2,"Excit.Thal; Inhib.Thal","Shared"
"chr12-52496215-52496967",2,2,"Inhib.Thal; MHb.2","Shared"
"chr12-63821570-63822280",2,2,"Inhib.Thal; Oligo","Shared"
"chr12-64097488-64098263",2,2,"LHb.2.7; MHb.2","Shared"
"chr12-6423549-6424231",2,2,"Astrocyte; Inhib.Thal","Shared"
"chr12-6883724-6884397",2,2,"Inhib.Thal; MHb.2","Shared"
"chr12-7209494-7211009",2,2,"Excit.Thal; Inhib.Thal","Shared"
"chr12-8218812-8219322",2,2,"Inhib.Thal; MHb.1.2","Shared"
"chr12-8786344-8787547",2,2,"Excit.Thal; Inhib.Thal","Shared"
"chr12-9184164-9184760",2,2,"Excit.Thal; Inhib.Thal","Shared"
"chr12-94101365-94102743",2,2,"Astrocyte; Oligo","Shared"
"chr12-9813669-9814759",2,2,"Inhib.Thal; Microglia","Shared"
"chr12-98397206-98397988",2,2,"MHb.2; Oligo","Shared"
"chr13-112068094-112068461",2,2,"Excit.Thal; Inhib.Thal","Shared"
"chr13-112918174-112918656",2,2,"Excit.Thal; Inhib.Thal","Shared"
"chr13-113431163-113431436",2,2,"Excit.Thal; LHb.4","Shared"
"chr13-113566014-113566558",2,2,"Excit.Thal; Inhib.Thal","Shared"
"chr13-24053423-24053721",2,2,"Excit.Thal; Inhib.Thal","Shared"
"chr13-24506670-24507557",2,2,"Excit.Thal; Inhib.Thal","Shared"
"chr13-27022487-27023133",2,2,"LHb.4; Oligo","Shared"
"chr13-29210612-29211452",2,2,"LHb.4; MHb.2","Shared"
"chr13-30132543-30133431",2,2,"MHb.2; OPC","Shared"
"chr13-30196055-30196352",2,2,"MHb.1; MHb.2","Shared"
"chr13-40562739-40563866",2,2,"Inhib.Thal; LHb.4","Shared"
"chr13-43424516-43425440",2,2,"Astrocyte; Inhib.Thal","Shared"
"chr13-43471492-43471828",2,2,"Excit.Thal; MHb.1","Shared"
"chr13-43482715-43483043",2,2,"LHb.4; Oligo","Shared"
"chr13-44764128-44764718",2,2,"LHb.2.7; MHb.1","Shared"
"chr13-45992469-45993054",2,2,"Excit.Thal; Inhib.Thal","Shared"
"chr13-48595448-48595941",2,2,"Excit.Thal; Oligo","Shared"
"chr13-51286331-51286675",2,2,"Astrocyte; MHb.2","Shared"
"chr13-79007624-79008273",2,2,"LHb.4; MHb.2","Shared"
"chr13-95620858-95621455",2,2,"Astrocyte; LHb.4","Shared"
"chr13-99800753-99801302",2,2,"MHb.1; MHb.2","Shared"
"chr13-99996962-99998099",2,2,"MHb.1.2; MHb.2","Shared"
"chr14-100165394-100165780",2,2,"Astrocyte; Inhib.Thal","Shared"
"chr14-100526698-100526952",2,2,"Excit.Thal; LHb.4","Shared"
"chr14-100764431-100765680",2,2,"Inhib.Thal; MHb.1.2","Shared"
"chr14-101716234-101717917",2,2,"Inhib.Thal; LHb.1.3.4","Shared"
"chr14-101928369-101928707",2,2,"Astrocyte; Inhib.Thal","Shared"
"chr14-102437895-102438355",2,2,"LHb.4; MHb.1","Shared"
"chr14-103104799-103105243",2,2,"Excit.Thal; Inhib.Thal","Shared"
"chr14-103355538-103355915",2,2,"Inhib.Thal; MHb.2","Shared"
"chr14-103867536-103868179",2,2,"LHb.4; Oligo","Shared"
"chr14-103920947-103921856",2,2,"Excit.Thal; Inhib.Thal","Shared"
"chr14-105465539-105465771",2,2,"MHb.1; MHb.2","Shared"
"chr14-20609260-20610329",2,2,"LHb.1; Oligo","Shared"
"chr14-21057812-21058567",2,2,"Inhib.Thal; MHb.1","Shared"
"chr14-23068852-23069203",2,2,"Astrocyte; Excit.Thal","Shared"
"chr14-23430121-23430978",2,2,"Astrocyte; Excit.Thal","Shared"
"chr14-30706566-30707016",2,2,"Inhib.Thal; MHb.2","Shared"
"chr14-39359137-39360120",2,2,"Inhib.Thal; LHb.2.7","Shared"
"chr14-50037884-50038278",2,2,"Excit.Thal; Inhib.Thal","Shared"
"chr14-54329026-54329459",2,2,"Inhib.Thal; MHb.1","Shared"
"chr14-54596456-54596848",2,2,"Excit.Thal; LHb.4","Shared"
"chr14-56810330-56810688",2,2,"Inhib.Thal; MHb.1","Shared"
"chr14-69581220-69581888",2,2,"Inhib.Thal; MHb.2","Shared"
"chr14-70653436-70654268",2,2,"Astrocyte; LHb.2.7","Shared"
"chr14-73237751-73238155",2,2,"Inhib.Thal; Oligo","Shared"
"chr14-75917159-75918231",2,2,"Inhib.Thal; Oligo","Shared"
"chr14-76809034-76809461",2,2,"MHb.1.2; MHb.2","Shared"
"chr14-76875981-76876325",2,2,"Astrocyte; Inhib.Thal","Shared"
"chr14-77086397-77086893",2,2,"Inhib.Thal; LHb.4","Shared"
"chr14-90534582-90535471",2,2,"Excit.Thal; LHb.2.7","Shared"
"chr14-95095761-95096342",2,2,"Inhib.Thal; Oligo","Shared"
"chr14-96126304-96127297",2,2,"LHb.2.7; LHb.4","Shared"
"chr14-99563118-99563454",2,2,"Inhib.Thal; Oligo","Shared"
"chr14-99899300-99899557",2,2,"MHb.1.2; MHb.1","Shared"
"chr15-101014957-101015555",2,2,"Inhib.Thal; Oligo","Shared"
"chr15-101501670-101502282",2,2,"Excit.Thal; Oligo","Shared"
"chr15-29071316-29072067",2,2,"Inhib.Thal; Oligo","Shared"
"chr15-34987637-34988878",2,2,"LHb.1.3.4; LHb.1","Shared"
"chr15-36883661-36883968",2,2,"Inhib.Thal; Oligo","Shared"
"chr15-37100260-37100800",2,2,"Inhib.Thal; Oligo","Shared"
"chr15-39782292-39783145",2,2,"Excit.Thal; Oligo","Shared"
"chr15-41115272-41116932",2,2,"Inhib.Thal; LHb.2.7","Shared"
"chr15-51163351-51163773",2,2,"LHb.2.7; MHb.2","Shared"
"chr15-51971073-51972312",2,2,"LHb.1.3.4; Microglia","Shared"
"chr15-52234591-52234990",2,2,"Astrocyte; Excit.Thal","Shared"
"chr15-52353688-52353963",2,2,"Inhib.Thal; LHb.1.3.4","Shared"
"chr15-58690580-58691188",2,2,"Inhib.Thal; LHb.1","Shared"
"chr15-62686576-62686944",2,2,"Inhib.Thal; MHb.2","Shared"
"chr15-65245113-65245799",2,2,"Excit.Thal; Inhib.Thal","Shared"
"chr15-67863088-67864048",2,2,"Oligo; OPC","Shared"
"chr15-68479407-68479927",2,2,"Excit.Thal; LHb.4","Shared"
"chr15-68673687-68674481",2,2,"MHb.2; Oligo","Shared"
"chr15-71289799-71290309",2,2,"Excit.Thal; Inhib.Thal","Shared"
"chr15-72203409-72203819",2,2,"Inhib.Thal; Oligo","Shared"
"chr15-73774523-73775497",2,2,"Astrocyte; LHb.4","Shared"
"chr15-74106994-74108767",2,2,"Excit.Thal; Inhib.Thal","Shared"
"chr15-76904427-76906017",2,2,"Excit.Thal; MHb.1","Shared"
"chr15-77966743-77967030",2,2,"Inhib.Thal; Oligo","Shared"
"chr15-78340977-78341806",2,2,"Astrocyte; LHb.1","Shared"
"chr15-78395054-78395657",2,2,"LHb.2.7; MHb.2","Shared"
"chr15-79433472-79433840",2,2,"Excit.Thal; Inhib.Thal","Shared"
"chr15-80058837-80060351",2,2,"Excit.Thal; Oligo","Shared"
"chr15-80072105-80072689",2,2,"Inhib.Thal; Oligo","Shared"
"chr15-80976350-80977078",2,2,"Inhib.Thal; LHb.4","Shared"
"chr15-81274846-81275356",2,2,"LHb.2.7; LHb.4","Shared"
"chr15-81605552-81606093",2,2,"Excit.Thal; Inhib.Thal","Shared"
"chr15-83283208-83283868",2,2,"Excit.Thal; Inhib.Thal","Shared"
"chr15-88401749-88402167",2,2,"LHb.4; MHb.2","Shared"
"chr15-92643981-92644798",2,2,"LHb.4; Oligo","Shared"
"chr15-93146139-93146705",2,2,"Astrocyte; Inhib.Thal","Shared"
"chr15-96351780-96352300",2,2,"Excit.Thal; LHb.1","Shared"
"chr16-1026407-1026685",2,2,"MHb.1; MHb.2","Shared"
"chr16-12120478-12121554",2,2,"Inhib.Thal; LHb.1.3.4","Shared"
"chr16-1300660-1301330",2,2,"Inhib.Thal; MHb.2","Shared"
"chr16-138512-139088",2,2,"Excit.Thal; Inhib.Thal","Shared"
"chr16-20030513-20030959",2,2,"LHb.1.3.4; MHb.2","Shared"
"chr16-2102401-2102949",2,2,"Astrocyte; Inhib.Thal","Shared"
"chr16-21083650-21084093",2,2,"Inhib.Thal; LHb.4","Shared"
"chr16-22171902-22172438",2,2,"Inhib.Thal; LHb.4","Shared"
"chr16-22195629-22196212",2,2,"Inhib.Thal; Oligo","Shared"
"chr16-24685936-24686421",2,2,"Inhib.Thal; MHb.2","Shared"
"chr16-24988668-24989294",2,2,"Astrocyte; Inhib.Thal","Shared"
"chr16-27920221-27920990",2,2,"Astrocyte; MHb.1","Shared"
"chr16-2867766-2868724",2,2,"MHb.1.2; Oligo","Shared"
"chr16-30112753-30113673",2,2,"LHb.4; MHb.2","Shared"
"chr16-30406930-30408291",2,2,"Astrocyte; LHb.1","Shared"
"chr16-49586399-49586922",2,2,"Inhib.Thal; MHb.1","Shared"
"chr16-50079820-50080326",2,2,"Inhib.Thal; MHb.1","Shared"
"chr16-53516137-53516621",2,2,"LHb.1.3.4; LHb.2.7","Shared"
"chr16-56391168-56392028",2,2,"Inhib.Thal; LHb.1","Shared"
"chr16-57300375-57301384",2,2,"Inhib.Thal; LHb.2.7","Shared"
"chr16-57576382-57576758",2,2,"LHb.4; Oligo","Shared"
"chr16-6309274-6309801",2,2,"Inhib.Thal; LHb.4","Shared"
"chr16-68528471-68529133",2,2,"Astrocyte; Oligo","Shared"
"chr16-73287655-73288314",2,2,"LHb.4; OPC","Shared"
"chr16-73605857-73606183",2,2,"Excit.Thal; Inhib.Thal","Shared"
"chr16-75087555-75087916",2,2,"Inhib.Thal; MHb.2","Shared"
"chr16-75564978-75565601",2,2,"LHb.1.3.4; MHb.2","Shared"
"chr16-84013893-84014392",2,2,"LHb.2.7; MHb.2","Shared"
"chr16-84277250-84277537",2,2,"Excit.Thal; OPC","Shared"
"chr16-89597997-89598427",2,2,"Inhib.Thal; Oligo","Shared"
"chr16-89605193-89606044",2,2,"Excit.Thal; LHb.4","Shared"
"chr17-10614369-10614843",2,2,"Inhib.Thal; LHb.4","Shared"
"chr17-1126399-1127325",2,2,"LHb.4; MHb.2","Shared"
"chr17-11387666-11388449",2,2,"Excit.Thal; LHb.4","Shared"
"chr17-1304617-1306100",2,2,"LHb.2.7; MHb.2","Shared"
"chr17-15699333-15699887",2,2,"Excit.Thal; Inhib.Thal","Shared"
"chr17-17981195-17981582",2,2,"Excit.Thal; Oligo","Shared"
"chr17-19513798-19514212",2,2,"Inhib.Thal; Oligo","Shared"
"chr17-20095310-20096020",2,2,"Astrocyte; Inhib.Thal","Shared"
"chr17-2353005-2353341",2,2,"MHb.2; Oligo","Shared"
"chr17-2399514-2400087",2,2,"Excit.Thal; Microglia","Shared"
"chr17-28344485-28344869",2,2,"LHb.4; Oligo","Shared"
"chr17-34361433-34361852",2,2,"Inhib.Thal; LHb.2.7","Shared"
"chr17-3627510-3628128",2,2,"Inhib.Thal; LHb.2.7","Shared"
"chr17-36936399-36936883",2,2,"Inhib.Thal; LHb.4","Shared"
"chr17-39626691-39627441",2,2,"MHb.1.2; MHb.2","Shared"
"chr17-40664791-40665240",2,2,"Inhib.Thal; LHb.2.7","Shared"
"chr17-41636743-41637100",2,2,"Excit.Thal; Inhib.Thal","Shared"
"chr17-41882729-41883273",2,2,"Inhib.Thal; Thal","Shared"
"chr17-42407400-42407770",2,2,"Inhib.Thal; LHb.1","Shared"
"chr17-42990817-42991633",2,2,"Inhib.Thal; LHb.1","Shared"
"chr17-43211632-43212293",2,2,"Inhib.Thal; Microglia","Shared"
"chr17-44110806-44111541",2,2,"Excit.Thal; Inhib.Thal","Shared"
"chr17-45120819-45121441",2,2,"Inhib.Thal; LHb.4","Shared"
"chr17-4625877-4626241",2,2,"Inhib.Thal; LHb.4","Shared"
"chr17-47840615-47841523",2,2,"Astrocyte; Oligo","Shared"
"chr17-48878859-48879229",2,2,"Inhib.Thal; Oligo","Shared"
"chr17-48972306-48972635",2,2,"LHb.4; MHb.1","Shared"
"chr17-49494879-49495494",2,2,"Inhib.Thal; Oligo","Shared"
"chr17-49496202-49496773",2,2,"Inhib.Thal; Oligo","Shared"
"chr17-49575484-49575972",2,2,"Astrocyte; Oligo","Shared"
"chr17-50264159-50264636",2,2,"LHb.2.7; MHb.2","Shared"
"chr17-50841897-50842121",2,2,"Inhib.Thal; LHb.4","Shared"
"chr17-5476495-5476978",2,2,"Inhib.Thal; LHb.4","Shared"
"chr17-55844308-55845850",2,2,"Astrocyte; LHb.4","Shared"
"chr17-56045832-56046512",2,2,"Inhib.Thal; LHb.4","Shared"
"chr17-57455595-57455947",2,2,"Excit.Thal; MHb.2","Shared"
"chr17-57834054-57834589",2,2,"Excit.Thal; Inhib.Thal","Shared"
"chr17-58587654-58587967",2,2,"Astrocyte; Inhib.Thal","Shared"
"chr17-616432-617367",2,2,"Inhib.Thal; LHb.4","Shared"
"chr17-63118608-63119102",2,2,"Inhib.Thal; LHb.1","Shared"
"chr17-66992939-66993392",2,2,"LHb.1; MHb.2","Shared"
"chr17-67477956-67478959",2,2,"Astrocyte; OPC","Shared"
"chr17-68318137-68318577",2,2,"Inhib.Thal; LHb.1","Shared"
"chr17-68879415-68879967",2,2,"Excit.Thal; LHb.4","Shared"
"chr17-73262159-73263061",2,2,"Astrocyte; Oligo","Shared"
"chr17-7349906-7350451",2,2,"LHb.2.7; LHb.4","Shared"
"chr17-73770277-73771119",2,2,"Excit.Thal; Oligo","Shared"
"chr17-76537127-76538052",2,2,"Astrocyte; Inhib.Thal","Shared"
"chr17-76909893-76910319",2,2,"Excit.Thal; Inhib.Thal","Shared"
"chr17-77995065-77995484",2,2,"Inhib.Thal; LHb.2.7","Shared"
"chr17-79808698-79809046",2,2,"Inhib.Thal; Thal","Shared"
"chr17-79965572-79966196",2,2,"Excit.Thal; Oligo","Shared"
"chr17-80260036-80260488",2,2,"Inhib.Thal; MHb.2","Shared"
"chr17-81119512-81120017",2,2,"LHb.4; Oligo","Shared"
"chr17-81494680-81495376",2,2,"Inhib.Thal; LHb.4","Shared"
"chr17-81690288-81690975",2,2,"MHb.1.2; MHb.2","Shared"
"chr17-8185882-8186449",2,2,"Excit.Thal; Oligo","Shared"
"chr17-82664642-82665119",2,2,"Astrocyte; Inhib.Thal","Shared"
"chr17-82898888-82899395",2,2,"Excit.Thal; Inhib.Thal","Shared"
"chr17-8503409-8504378",2,2,"Inhib.Thal; MHb.2","Shared"
"chr17-980793-981307",2,2,"Excit.Thal; Oligo","Shared"
"chr18-24662412-24662911",2,2,"Excit.Thal; Inhib.Thal","Shared"
"chr18-31876316-31877342",2,2,"Excit.Thal; Inhib.Thal","Shared"
"chr18-35005895-35006252",2,2,"Excit.Thal; Inhib.Thal","Shared"
"chr18-37299443-37299958",2,2,"Inhib.Thal; MHb.2","Shared"
"chr18-45576325-45576958",2,2,"Inhib.Thal; MHb.1","Shared"
"chr18-49061243-49061835",2,2,"Inhib.Thal; LHb.4","Shared"
"chr18-58764154-58764588",2,2,"LHb.4; Oligo","Shared"
"chr18-6428390-6429288",2,2,"Inhib.Thal; LHb.2.7","Shared"
"chr18-72783481-72783848",2,2,"LHb.2.7; MHb.1","Shared"
"chr18-74040820-74041541",2,2,"Inhib.Thal; Oligo","Shared"
"chr18-74247510-74248215",2,2,"Inhib.Thal; MHb.2","Shared"
"chr18-77023073-77023711",2,2,"Inhib.Thal; LHb.2.7","Shared"
"chr19-10769155-10769912",2,2,"LHb.1.3.4; Oligo","Shared"
"chr19-11324291-11325339",2,2,"Astrocyte; Inhib.Thal","Shared"
"chr19-12734187-12734913",2,2,"Excit.Thal; Inhib.Thal","Shared"
"chr19-13115998-13116962",2,2,"LHb.4; Oligo","Shared"
"chr19-13149538-13150504",2,2,"Excit.Thal; Inhib.Thal","Shared"
"chr19-17511313-17512648",2,2,"Excit.Thal; Inhib.Thal","Shared"
"chr19-18292641-18293008",2,2,"Inhib.Thal; OPC","Shared"
"chr19-21793721-21794378",2,2,"Inhib.Thal; LHb.1","Shared"
"chr19-22622943-22623550",2,2,"LHb.4; OPC","Shared"
"chr19-2278506-2278992",2,2,"MHb.2; Oligo","Shared"
"chr19-2632937-2633909",2,2,"Inhib.Thal; MHb.2","Shared"
"chr19-30223413-30223750",2,2,"Inhib.Thal; Oligo","Shared"
"chr19-30468600-30469023",2,2,"Inhib.Thal; LHb.4","Shared"
"chr19-3270358-3271338",2,2,"Astrocyte; Inhib.Thal","Shared"
"chr19-35315606-35316123",2,2,"LHb.2.7; MHb.2","Shared"
"chr19-35434101-35434730",2,2,"LHb.4; Oligo","Shared"
"chr19-37056238-37057166",2,2,"Excit.Thal; LHb.4","Shared"
"chr19-37718348-37720026",2,2,"Astrocyte; MHb.2","Shared"
"chr19-3989932-3990409",2,2,"Astrocyte; Inhib.Thal","Shared"
"chr19-40341663-40342080",2,2,"Inhib.Thal; Oligo","Shared"
"chr19-40864684-40865305",2,2,"Inhib.Thal; LHb.4","Shared"
"chr19-41135497-41136066",2,2,"Microglia; Oligo","Shared"
"chr19-4217248-4218130",2,2,"Inhib.Thal; LHb.4","Shared"
"chr19-43797151-43798055",2,2,"Inhib.Thal; LHb.4","Shared"
"chr19-44796686-44797132",2,2,"LHb.1.3.4; LHb.1","Shared"
"chr19-45153285-45153884",2,2,"Astrocyte; Oligo","Shared"
"chr19-45597704-45598072",2,2,"MHb.1.2; MHb.2","Shared"
"chr19-46028780-46029227",2,2,"LHb.4; Oligo","Shared"
"chr19-46320323-46320711",2,2,"LHb.4; Oligo","Shared"
"chr19-46764673-46765071",2,2,"Excit.Thal; LHb.4","Shared"
"chr19-47035617-47036151",2,2,"Excit.Thal; Oligo","Shared"
"chr19-47650838-47651696",2,2,"Excit.Thal; Oligo","Shared"
"chr19-49182003-49183080",2,2,"Excit.Thal; Inhib.Thal","Shared"
"chr19-49224692-49225126",2,2,"Inhib.Thal; LHb.2.7","Shared"
"chr19-49414923-49415611",2,2,"MHb.1; MHb.2","Shared"
"chr19-49463941-49464337",2,2,"Inhib.Thal; LHb.4","Shared"
"chr19-49735310-49736090",2,2,"Excit.Thal; Inhib.Thal","Shared"
"chr19-49866905-49867715",2,2,"Excit.Thal; Oligo","Shared"
"chr19-51181544-51182277",2,2,"Inhib.Thal; LHb.4","Shared"
"chr19-51440801-51441246",2,2,"LHb.1; LHb.2.7","Shared"
"chr19-5308332-5309243",2,2,"Excit.Thal; Inhib.Thal","Shared"
"chr19-5338676-5339129",2,2,"Inhib.Thal; Oligo","Shared"
"chr19-55005968-55006304",2,2,"Excit.Thal; Inhib.Thal","Shared"
"chr19-55116207-55116669",2,2,"Excit.Thal; LHb.1","Shared"
"chr19-55156004-55156561",2,2,"Inhib.Thal; LHb.1","Shared"
"chr19-56866344-56866930",2,2,"Inhib.Thal; LHb.4","Shared"
"chr19-6411623-6412724",2,2,"Inhib.Thal; Oligo","Shared"
"chr19-8578686-8578993",2,2,"Inhib.Thal; LHb.4","Shared"
"chr19-9406589-9407436",2,2,"Inhib.Thal; LHb.1","Shared"
"chr2-100799305-100799699",2,2,"Excit.Thal; LHb.2.7","Shared"
"chr2-100990524-100991374",2,2,"Inhib.Thal; MHb.2","Shared"
"chr2-101001575-101002951",2,2,"Excit.Thal; MHb.1.2","Shared"
"chr2-101831283-101831867",2,2,"LHb.2.7; Oligo","Shared"
"chr2-104758019-104758642",2,2,"Excit.Thal; Oligo","Shared"
"chr2-107392013-107392815",2,2,"Excit.Thal; Oligo","Shared"
"chr2-110211953-110212781",2,2,"MHb.2; Oligo","Shared"
"chr2-110826863-110827759",2,2,"Excit.Thal; Inhib.Thal","Shared"
"chr2-112614159-112615353",2,2,"Inhib.Thal; MHb.1.2","Shared"
"chr2-113627037-113627383",2,2,"Inhib.Thal; Oligo","Shared"
"chr2-121336747-121337235",2,2,"Inhib.Thal; MHb.2","Shared"
"chr2-127128338-127128914",2,2,"Microglia; Thal","Shared"
"chr2-127541726-127542525",2,2,"Excit.Thal; MHb.2","Shared"
"chr2-130737423-130737896",2,2,"Excit.Thal; Inhib.Thal","Shared"
"chr2-134603573-134604261",2,2,"LHb.1.3.4; LHb.2.7","Shared"
"chr2-134647378-134648609",2,2,"LHb.1.3.4; LHb.1","Shared"
"chr2-134975009-134976346",2,2,"Excit.Thal; Inhib.Thal","Shared"
"chr2-15813809-15814306",2,2,"Inhib.Thal; LHb.4","Shared"
"chr2-161278577-161278872",2,2,"MHb.1.2; MHb.1","Shared"
"chr2-170144720-170145204",2,2,"Excit.Thal; Inhib.Thal","Shared"
"chr2-170873083-170873626",2,2,"Inhib.Thal; Oligo","Shared"
"chr2-17594442-17595250",2,2,"Excit.Thal; LHb.4","Shared"
"chr2-176291471-176291977",2,2,"Inhib.Thal; MHb.2","Shared"
"chr2-177753655-177754310",2,2,"LHb.4; MHb.1","Shared"
"chr2-179428717-179429547",2,2,"Inhib.Thal; MHb.1","Shared"
"chr2-190149855-190150673",2,2,"Astrocyte; Inhib.Thal","Shared"
"chr2-197949883-197950248",2,2,"Excit.Thal; Inhib.Thal","Shared"
"chr2-198144582-198145036",2,2,"Inhib.Thal; LHb.4","Shared"
"chr2-200766291-200767040",2,2,"LHb.2.7; MHb.1","Shared"
"chr2-207164030-207164669",2,2,"Excit.Thal; Inhib.Thal","Shared"
"chr2-215961919-215962376",2,2,"Excit.Thal; Inhib.Thal","Shared"
"chr2-216109024-216109746",2,2,"Excit.Thal; Inhib.Thal","Shared"
"chr2-218794888-218796046",2,2,"Excit.Thal; Inhib.Thal","Shared"
"chr2-219029590-219029996",2,2,"Astrocyte; Inhib.Thal","Shared"
"chr2-221554750-221555576",2,2,"Excit.Thal; Inhib.Thal","Shared"
"chr2-230987052-230987535",2,2,"Inhib.Thal; Oligo","Shared"
"chr2-231819216-231820132",2,2,"Inhib.Thal; LHb.4","Shared"
"chr2-2325991-2326506",2,2,"Inhib.Thal; MHb.2","Shared"
"chr2-232919961-232920409",2,2,"Inhib.Thal; LHb.4","Shared"
"chr2-237674706-237675224",2,2,"Inhib.Thal; Oligo","Shared"
"chr2-238380151-238380619",2,2,"Inhib.Thal; LHb.4","Shared"
"chr2-240182786-240183662",2,2,"Astrocyte; Excit.Thal","Shared"
"chr2-241118688-241119371",2,2,"Excit.Thal; Inhib.Thal","Shared"
"chr2-241136743-241137025",2,2,"Excit.Thal; Inhib.Thal","Shared"
"chr2-241627696-241628172",2,2,"LHb.1.3.4; LHb.4","Shared"
"chr2-241924796-241925662",2,2,"Excit.Thal; Inhib.Thal","Shared"
"chr2-241925829-241926495",2,2,"Excit.Thal; Inhib.Thal","Shared"
"chr2-241926685-241927204",2,2,"Excit.Thal; LHb.4","Shared"
"chr2-241989735-241990599",2,2,"Inhib.Thal; LHb.4","Shared"
"chr2-24291134-24291726",2,2,"Excit.Thal; Inhib.Thal","Shared"
"chr2-2523744-2524964",2,2,"LHb.4; Oligo","Shared"
"chr2-2716865-2717830",2,2,"Inhib.Thal; LHb.1.3.4","Shared"
"chr2-28436448-28437659",2,2,"Inhib.Thal; LHb.4","Shared"
"chr2-29528841-29529785",2,2,"Inhib.Thal; LHb.4","Shared"
"chr2-30255991-30256238",2,2,"Excit.Thal; Inhib.Thal","Shared"
"chr2-32039207-32040135",2,2,"Excit.Thal; Oligo","Shared"
"chr2-3379352-3380258",2,2,"Astrocyte; Excit.Thal","Shared"
"chr2-3672837-3673644",2,2,"Excit.Thal; Inhib.Thal","Shared"
"chr2-37009067-37009472",2,2,"Inhib.Thal; LHb.4","Shared"
"chr2-54858013-54858326",2,2,"MHb.1; MHb.2","Shared"
"chr2-55011000-55011241",2,2,"Excit.Thal; Inhib.Thal","Shared"
"chr2-62443360-62444254",2,2,"Excit.Thal; Inhib.Thal","Shared"
"chr2-67322462-67322911",2,2,"Excit.Thal; Inhib.Thal","Shared"
"chr2-6772941-6773521",2,2,"Astrocyte; Oligo","Shared"
"chr2-714361-714804",2,2,"Inhib.Thal; LHb.4","Shared"
"chr2-74031042-74031540",2,2,"Inhib.Thal; MHb.2","Shared"
"chr2-74834382-74835319",2,2,"Inhib.Thal; Oligo","Shared"
"chr2-74919735-74920240",2,2,"Astrocyte; Oligo","Shared"
"chr2-85064879-85065346",2,2,"MHb.1; MHb.2","Shared"
"chr2-85257346-85257803",2,2,"Astrocyte; Oligo","Shared"
"chr2-85648676-85649022",2,2,"Inhib.Thal; LHb.2.7","Shared"
"chr2-86194789-86195764",2,2,"Excit.Thal; Inhib.Thal","Shared"
"chr2-87418722-87419311",2,2,"Inhib.Thal; MHb.1","Shared"
"chr2-94870955-94872037",2,2,"Inhib.Thal; LHb.4","Shared"
"chr2-95092768-95093566",2,2,"Astrocyte; Inhib.Thal","Shared"
"chr2-96345202-96345739",2,2,"Excit.Thal; Inhib.Thal","Shared"
"chr2-96642480-96643036",2,2,"Astrocyte; LHb.1","Shared"
"chr2-96916156-96916434",2,2,"Inhib.Thal; LHb.1","Shared"
"chr2-9769433-9769803",2,2,"Inhib.Thal; LHb.2.7","Shared"
"chr20-16574753-16575267",2,2,"Astrocyte; Microglia","Shared"
"chr20-16803657-16804286",2,2,"Inhib.Thal; LHb.2.7","Shared"
"chr20-17297139-17297581",2,2,"Inhib.Thal; LHb.4","Shared"
"chr20-19661630-19662652",2,2,"MHb.2; Oligo","Shared"
"chr20-23823199-23824482",2,2,"Excit.Thal; Inhib.Thal","Shared"
"chr20-24617858-24618493",2,2,"Inhib.Thal; LHb.4","Shared"
"chr20-2658494-2658928",2,2,"Excit.Thal; Inhib.Thal","Shared"
"chr20-32165853-32166480",2,2,"Inhib.Thal; LHb.4","Shared"
"chr20-32819452-32820556",2,2,"Excit.Thal; LHb.1","Shared"
"chr20-34522965-34523620",2,2,"Inhib.Thal; Oligo","Shared"
"chr20-35741514-35742891",2,2,"Excit.Thal; Inhib.Thal","Shared"
"chr20-37243262-37244189",2,2,"Inhib.Thal; LHb.4","Shared"
"chr20-37437312-37437902",2,2,"Inhib.Thal; LHb.4","Shared"
"chr20-40968764-40969146",2,2,"Inhib.Thal; Oligo","Shared"
"chr20-41408923-41409367",2,2,"LHb.4; MHb.2","Shared"
"chr20-43575971-43576467",2,2,"Inhib.Thal; LHb.2.7","Shared"
"chr20-44038633-44039180",2,2,"LHb.4; OPC","Shared"
"chr20-44683379-44683865",2,2,"LHb.4; MHb.2","Shared"
"chr20-45341795-45342690",2,2,"Astrocyte; MHb.2","Shared"
"chr20-46153252-46153608",2,2,"MHb.1; MHb.2","Shared"
"chr20-46206855-46207698",2,2,"Excit.Thal; LHb.4","Shared"
"chr20-4823079-4823982",2,2,"Oligo; OPC","Shared"
"chr20-5416089-5416596",2,2,"LHb.2.7; MHb.1","Shared"
"chr20-56247652-56248371",2,2,"Inhib.Thal; LHb.1","Shared"
"chr20-57718399-57719079",2,2,"Inhib.Thal; MHb.1.2","Shared"
"chr20-63234762-63234999",2,2,"Inhib.Thal; LHb.1.3.4","Shared"
"chr20-63617999-63618816",2,2,"LHb.2.7; Oligo","Shared"
"chr20-9616366-9616912",2,2,"Inhib.Thal; MHb.2","Shared"
"chr21-17994263-17995398",2,2,"Inhib.Thal; LHb.1.3.4","Shared"
"chr21-28774254-28774480",2,2,"Inhib.Thal; LHb.4","Shared"
"chr21-32865924-32866532",2,2,"Excit.Thal; Inhib.Thal","Shared"
"chr21-43851455-43851932",2,2,"LHb.2.7; MHb.2","Shared"
"chr21-43916975-43917368",2,2,"Inhib.Thal; MHb.2","Shared"
"chr21-43939076-43939323",2,2,"MHb.2; Oligo","Shared"
"chr21-45835429-45836567",2,2,"LHb.2.7; LHb.4","Shared"
"chr21-45970423-45970987",2,2,"Inhib.Thal; LHb.4","Shared"
"chr21-46285696-46286930",2,2,"Inhib.Thal; Microglia","Shared"
"chr22-17418658-17419061",2,2,"MHb.1; MHb.2","Shared"
"chr22-18055943-18056444",2,2,"LHb.4; Oligo","Shared"
"chr22-19663459-19664234",2,2,"LHb.2.7; MHb.2","Shared"
"chr22-22733838-22734923",2,2,"Excit.Thal; Oligo","Shared"
"chr22-23599178-23599418",2,2,"Inhib.Thal; LHb.4","Shared"
"chr22-25698344-25698720",2,2,"Inhib.Thal; LHb.4","Shared"
"chr22-31291675-31292652",2,2,"Excit.Thal; MHb.1","Shared"
"chr22-31943606-31945218",2,2,"Excit.Thal; Inhib.Thal","Shared"
"chr22-36587559-36588010",2,2,"Excit.Thal; Inhib.Thal","Shared"
"chr22-36743975-36744587",2,2,"Excit.Thal; Inhib.Thal","Shared"
"chr22-39574841-39575197",2,2,"Inhib.Thal; LHb.4","Shared"
"chr22-40177478-40178031",2,2,"Inhib.Thal; MHb.1","Shared"
"chr22-41846275-41847042",2,2,"Inhib.Thal; OPC","Shared"
"chr22-41926006-41926908",2,2,"Inhib.Thal; Microglia","Shared"
"chr22-42399405-42399964",2,2,"Astrocyte; Inhib.Thal","Shared"
"chr22-45553633-45554405",2,2,"Inhib.Thal; Oligo","Shared"
"chr22-48391222-48391654",2,2,"LHb.2.7; MHb.1","Shared"
"chr3-10254046-10254547",2,2,"LHb.4; MHb.2","Shared"
"chr3-10463961-10464382",2,2,"Inhib.Thal; LHb.1","Shared"
"chr3-10945534-10945999",2,2,"Inhib.Thal; LHb.2.7","Shared"
"chr3-115676106-115676751",2,2,"Inhib.Thal; MHb.1","Shared"
"chr3-115692912-115693248",2,2,"Astrocyte; Oligo","Shared"
"chr3-117382958-117383493",2,2,"Excit.Thal; Inhib.Thal","Shared"
"chr3-121810906-121812083",2,2,"Inhib.Thal; MHb.2","Shared"
"chr3-122076887-122077312",2,2,"Excit.Thal; Inhib.Thal","Shared"
"chr3-124090268-124090593",2,2,"LHb.1; LHb.2.7","Shared"
"chr3-125903702-125904291",2,2,"Inhib.Thal; LHb.4","Shared"
"chr3-127762135-127762480",2,2,"Astrocyte; MHb.2","Shared"
"chr3-129059373-129059694",2,2,"Inhib.Thal; LHb.4","Shared"
"chr3-129360069-129360921",2,2,"Inhib.Thal; MHb.1","Shared"
"chr3-13174014-13175052",2,2,"Inhib.Thal; LHb.4","Shared"
"chr3-135618093-135618671",2,2,"Excit.Thal; LHb.1","Shared"
"chr3-13650346-13650789",2,2,"Inhib.Thal; LHb.4","Shared"
"chr3-137013709-137014618",2,2,"Inhib.Thal; MHb.2","Shared"
"chr3-137764029-137764392",2,2,"Inhib.Thal; Thal","Shared"
"chr3-138367949-138368206",2,2,"Astrocyte; Excit.Thal","Shared"
"chr3-139396744-139397385",2,2,"Excit.Thal; LHb.2.7","Shared"
"chr3-140081915-140082352",2,2,"LHb.1.3.4; MHb.2","Shared"
"chr3-141370171-141370479",2,2,"Excit.Thal; Inhib.Thal","Shared"
"chr3-143151584-143152333",2,2,"Inhib.Thal; LHb.4","Shared"
"chr3-149273111-149273663",2,2,"LHb.1; MHb.1","Shared"
"chr3-149534751-149535157",2,2,"Inhib.Thal; Oligo","Shared"
"chr3-15361857-15362109",2,2,"Inhib.Thal; LHb.1.3.4","Shared"
"chr3-153937058-153938062",2,2,"LHb.4; MHb.1","Shared"
"chr3-155963575-155964181",2,2,"Excit.Thal; Inhib.Thal","Shared"
"chr3-158659537-158660014",2,2,"Inhib.Thal; MHb.1","Shared"
"chr3-16892638-16892923",2,2,"Excit.Thal; Inhib.Thal","Shared"
"chr3-170731171-170731527",2,2,"LHb.2.7; MHb.1","Shared"
"chr3-178615179-178616592",2,2,"Inhib.Thal; LHb.1.3.4","Shared"
"chr3-179512075-179512720",2,2,"Inhib.Thal; LHb.2.7","Shared"
"chr3-186239107-186239690",2,2,"Inhib.Thal; MHb.1","Shared"
"chr3-186996318-186996964",2,2,"Excit.Thal; Inhib.Thal","Shared"
"chr3-191424715-191425152",2,2,"LHb.1; MHb.1","Shared"
"chr3-19251005-19251565",2,2,"LHb.4; Oligo","Shared"
"chr3-19543095-19543491",2,2,"MHb.2; Oligo","Shared"
"chr3-197637266-197637636",2,2,"Inhib.Thal; LHb.1.3.4","Shared"
"chr3-21747372-21747786",2,2,"Excit.Thal; Inhib.Thal","Shared"
"chr3-23174412-23174805",2,2,"MHb.1; MHb.2","Shared"
"chr3-23882372-23882997",2,2,"Astrocyte; Oligo","Shared"
"chr3-33717291-33718549",2,2,"Astrocyte; Excit.Thal","Shared"
"chr3-37423157-37423806",2,2,"Inhib.Thal; Oligo","Shared"
"chr3-42273364-42273784",2,2,"Excit.Thal; LHb.4","Shared"
"chr3-42653393-42654622",2,2,"LHb.1; MHb.1","Shared"
"chr3-42803142-42804930",2,2,"Excit.Thal; MHb.1.2","Shared"
"chr3-43855577-43856085",2,2,"LHb.2.7; Oligo","Shared"
"chr3-45145414-45146628",2,2,"Inhib.Thal; MHb.2","Shared"
"chr3-51197234-51199029",2,2,"Excit.Thal; Inhib.Thal","Shared"
"chr3-5121767-5123129",2,2,"Excit.Thal; MHb.1","Shared"
"chr3-51974900-51975304",2,2,"Excit.Thal; Inhib.Thal","Shared"
"chr3-56173235-56173892",2,2,"Inhib.Thal; MHb.2","Shared"
"chr3-64039279-64039627",2,2,"Inhib.Thal; MHb.2","Shared"
"chr3-74288720-74289032",2,2,"MHb.1; MHb.2","Shared"
"chr4-104424786-104425363",2,2,"MHb.1.2; Oligo","Shared"
"chr4-106103901-106104495",2,2,"Astrocyte; Inhib.Thal","Shared"
"chr4-109091611-109092484",2,2,"LHb.2.7; MHb.2","Shared"
"chr4-119204163-119204485",2,2,"Inhib.Thal; MHb.2","Shared"
"chr4-1233109-1233585",2,2,"LHb.2.7; LHb.4","Shared"
"chr4-129133478-129133975",2,2,"Excit.Thal; Inhib.Thal","Shared"
"chr4-140093636-140094405",2,2,"Excit.Thal; MHb.2","Shared"
"chr4-141120643-141121345",2,2,"Inhib.Thal; LHb.4","Shared"
"chr4-141615298-141615732",2,2,"Inhib.Thal; Oligo","Shared"
"chr4-146654809-146655603",2,2,"Inhib.Thal; MHb.2","Shared"
"chr4-152304807-152305197",2,2,"Excit.Thal; Inhib.Thal","Shared"
"chr4-153518043-153518385",2,2,"Excit.Thal; LHb.1.3.4","Shared"
"chr4-15778051-15779105",2,2,"Astrocyte; Inhib.Thal","Shared"
"chr4-186669043-186669730",2,2,"Inhib.Thal; Oligo","Shared"
"chr4-187124167-187124676",2,2,"LHb.1.3.4; LHb.4","Shared"
"chr4-3384743-3385875",2,2,"Excit.Thal; Inhib.Thal","Shared"
"chr4-3871239-3871835",2,2,"Inhib.Thal; LHb.4","Shared"
"chr4-39859629-39860004",2,2,"Inhib.Thal; LHb.1.3.4","Shared"
"chr4-44827924-44828261",2,2,"MHb.1.2; MHb.1","Shared"
"chr4-47122493-47122964",2,2,"Astrocyte; Microglia","Shared"
"chr4-47390564-47391083",2,2,"Excit.Thal; MHb.2","Shared"
"chr4-48899944-48900382",2,2,"Inhib.Thal; Oligo","Shared"
"chr4-52599852-52600784",2,2,"Excit.Thal; Inhib.Thal","Shared"
"chr4-55124655-55126095",2,2,"MHb.2; Oligo","Shared"
"chr4-57043660-57044136",2,2,"MHb.1; MHb.2","Shared"
"chr4-6182674-6183118",2,2,"Inhib.Thal; LHb.2.7","Shared"
"chr4-73125949-73126369",2,2,"Inhib.Thal; Oligo","Shared"
"chr4-75878048-75878937",2,2,"Excit.Thal; Oligo","Shared"
"chr4-86114296-86115433",2,2,"Inhib.Thal; MHb.1","Shared"
"chr5-102941074-102941545",2,2,"Excit.Thal; MHb.2","Shared"
"chr5-107673440-107673926",2,2,"Inhib.Thal; LHb.4","Shared"
"chr5-123539009-123539430",2,2,"Inhib.Thal; LHb.2.7","Shared"
"chr5-132410267-132411787",2,2,"Astrocyte; Excit.Thal","Shared"
"chr5-133952838-133953704",2,2,"Excit.Thal; LHb.4","Shared"
"chr5-133992370-133992793",2,2,"Excit.Thal; MHb.2","Shared"
"chr5-134411391-134412516",2,2,"Inhib.Thal; MHb.1.2","Shared"
"chr5-134534297-134534967",2,2,"Inhib.Thal; LHb.2.7","Shared"
"chr5-137604674-137605683",2,2,"Excit.Thal; Inhib.Thal","Shared"
"chr5-138503373-138504094",2,2,"Astrocyte; Oligo","Shared"
"chr5-139513523-139513912",2,2,"Inhib.Thal; LHb.2.7","Shared"
"chr5-141484547-141485925",2,2,"Excit.Thal; Inhib.Thal","Shared"
"chr5-141591895-141592310",2,2,"LHb.1; Oligo","Shared"
"chr5-142426165-142426596",2,2,"Astrocyte; MHb.2","Shared"
"chr5-144598015-144599268",2,2,"Astrocyte; Inhib.Thal","Shared"
"chr5-148481954-148482354",2,2,"LHb.1; LHb.2.7","Shared"
"chr5-149035290-149035755",2,2,"Astrocyte; Inhib.Thal","Shared"
"chr5-149149855-149150190",2,2,"Excit.Thal; LHb.1","Shared"
"chr5-150560241-150560577",2,2,"Inhib.Thal; LHb.4","Shared"
"chr5-16609559-16610220",2,2,"Excit.Thal; Inhib.Thal","Shared"
"chr5-168851965-168852293",2,2,"LHb.4; MHb.2","Shared"
"chr5-169980210-169980928",2,2,"Inhib.Thal; MHb.2","Shared"
"chr5-170403667-170403977",2,2,"LHb.2.7; MHb.2","Shared"
"chr5-176198842-176199214",2,2,"Astrocyte; Inhib.Thal","Shared"
"chr5-176629516-176630764",2,2,"Astrocyte; Oligo","Shared"
"chr5-177332143-177332789",2,2,"Inhib.Thal; LHb.4","Shared"
"chr5-179317422-179318498",2,2,"Inhib.Thal; MHb.2","Shared"
"chr5-34733633-34734217",2,2,"Excit.Thal; Inhib.Thal","Shared"
"chr5-56487630-56488114",2,2,"Excit.Thal; Inhib.Thal","Shared"
"chr5-61934007-61934373",2,2,"Inhib.Thal; LHb.4","Shared"
"chr5-6574302-6574958",2,2,"Excit.Thal; Inhib.Thal","Shared"
"chr5-73735401-73735702",2,2,"Excit.Thal; Inhib.Thal","Shared"
"chr5-785292-785694",2,2,"Inhib.Thal; MHb.2","Shared"
"chr5-9221782-9222567",2,2,"LHb.1; LHb.2.7","Shared"
"chr5-95149319-95149828",2,2,"Inhib.Thal; LHb.4","Shared"
"chr5-96565527-96566125",2,2,"Inhib.Thal; MHb.1","Shared"
"chr6-106611936-106612404",2,2,"Inhib.Thal; LHb.4","Shared"
"chr6-106863852-106864599",2,2,"Inhib.Thal; MHb.1","Shared"
"chr6-108334660-108335244",2,2,"Excit.Thal; Inhib.Thal","Shared"
"chr6-108690857-108691457",2,2,"MHb.1; MHb.2","Shared"
"chr6-10896041-10896553",2,2,"Excit.Thal; Inhib.Thal","Shared"
"chr6-111258813-111259816",2,2,"Astrocyte; Inhib.Thal","Shared"
"chr6-117270081-117271070",2,2,"Excit.Thal; Inhib.Thal","Shared"
"chr6-118860814-118862423",2,2,"Inhib.Thal; LHb.2.7","Shared"
"chr6-125775098-125775390",2,2,"LHb.2.7; MHb.2","Shared"
"chr6-130018190-130018645",2,2,"Excit.Thal; Inhib.Thal","Shared"
"chr6-130869279-130870050",2,2,"Inhib.Thal; Oligo","Shared"
"chr6-131281252-131281882",2,2,"Inhib.Thal; MHb.2","Shared"
"chr6-131519565-131520531",2,2,"Excit.Thal; Inhib.Thal","Shared"
"chr6-131657689-131658153",2,2,"Inhib.Thal; LHb.2.7","Shared"
"chr6-13558591-13558992",2,2,"LHb.4; Oligo","Shared"
"chr6-136699016-136699704",2,2,"Inhib.Thal; LHb.4","Shared"
"chr6-138122930-138123549",2,2,"Excit.Thal; LHb.4","Shared"
"chr6-149918130-149918617",2,2,"Inhib.Thal; LHb.4","Shared"
"chr6-150891841-150892204",2,2,"MHb.2; Oligo","Shared"
"chr6-150986376-150986820",2,2,"Excit.Thal; Inhib.Thal","Shared"
"chr6-151119933-151120488",2,2,"LHb.4; MHb.1","Shared"
"chr6-154451846-154452097",2,2,"Excit.Thal; Inhib.Thal","Shared"
"chr6-157479364-157480223",2,2,"Excit.Thal; Inhib.Thal","Shared"
"chr6-158605244-158605589",2,2,"MHb.1; Oligo","Shared"
"chr6-160634572-160635001",2,2,"Excit.Thal; LHb.4","Shared"
"chr6-162854704-162855250",2,2,"Inhib.Thal; Oligo","Shared"
"chr6-165932772-165933090",2,2,"Excit.Thal; Inhib.Thal","Shared"
"chr6-168683592-168683928",2,2,"LHb.4; MHb.2","Shared"
"chr6-20032168-20032731",2,2,"Excit.Thal; Inhib.Thal","Shared"
"chr6-22145828-22146393",2,2,"Excit.Thal; Inhib.Thal","Shared"
"chr6-26031645-26032333",2,2,"Excit.Thal; Inhib.Thal","Shared"
"chr6-26065953-26066374",2,2,"LHb.4; Oligo","Shared"
"chr6-26156145-26156875",2,2,"Excit.Thal; Inhib.Thal","Shared"
"chr6-26195333-26195779",2,2,"Excit.Thal; Inhib.Thal","Shared"
"chr6-26327907-26328264",2,2,"Excit.Thal; Inhib.Thal","Shared"
"chr6-2738348-2738686",2,2,"Inhib.Thal; Oligo","Shared"
"chr6-28090848-28091410",2,2,"Inhib.Thal; MHb.2","Shared"
"chr6-29907520-29908091",2,2,"Excit.Thal; Inhib.Thal","Shared"
"chr6-30890038-30890732",2,2,"LHb.2.7; Oligo","Shared"
"chr6-32212411-32213097",2,2,"Excit.Thal; LHb.4","Shared"
"chr6-3940638-3941203",2,2,"Oligo; OPC","Shared"
"chr6-41153555-41154316",2,2,"Excit.Thal; Inhib.Thal","Shared"
"chr6-41823580-41824024",2,2,"Inhib.Thal; LHb.4","Shared"
"chr6-43913012-43913912",2,2,"Excit.Thal; Inhib.Thal","Shared"
"chr6-46325295-46326230",2,2,"Excit.Thal; Inhib.Thal","Shared"
"chr6-56914829-56915154",2,2,"Inhib.Thal; MHb.2","Shared"
"chr6-57221239-57222651",2,2,"Astrocyte; Oligo","Shared"
"chr6-62739865-62740991",2,2,"Inhib.Thal; Oligo","Shared"
"chr6-70535182-70535566",2,2,"Excit.Thal; Inhib.Thal","Shared"
"chr6-72202958-72203823",2,2,"Inhib.Thal; Oligo","Shared"
"chr6-75568028-75568673",2,2,"LHb.4; MHb.1","Shared"
"chr6-79600306-79600957",2,2,"Astrocyte; Excit.Thal","Shared"
"chr6-95572143-95572654",2,2,"Inhib.Thal; MHb.1","Shared"
"chr7-100545694-100545997",2,2,"Inhib.Thal; LHb.4","Shared"
"chr7-1114118-1114875",2,2,"Inhib.Thal; LHb.4","Shared"
"chr7-112422841-112423315",2,2,"Inhib.Thal; LHb.4","Shared"
"chr7-113331212-113332004",2,2,"Astrocyte; Inhib.Thal","Shared"
"chr7-114921674-114923435",2,2,"Astrocyte; LHb.1","Shared"
"chr7-117492638-117493040",2,2,"LHb.1; MHb.2","Shared"
"chr7-118572939-118573400",2,2,"LHb.2.7; MHb.2","Shared"
"chr7-126961495-126961903",2,2,"Excit.Thal; LHb.4","Shared"
"chr7-129091192-129091826",2,2,"Astrocyte; Oligo","Shared"
"chr7-129110238-129111158",2,2,"Astrocyte; Inhib.Thal","Shared"
"chr7-129144324-129145496",2,2,"Excit.Thal; Oligo","Shared"
"chr7-129271756-129272276",2,2,"Inhib.Thal; Oligo","Shared"
"chr7-132318714-132319099",2,2,"Astrocyte; LHb.4","Shared"
"chr7-138008312-138009131",2,2,"Inhib.Thal; LHb.2.7","Shared"
"chr7-139016966-139017415",2,2,"Inhib.Thal; Oligo","Shared"
"chr7-141409752-141410372",2,2,"Excit.Thal; Inhib.Thal","Shared"
"chr7-144717615-144718295",2,2,"Inhib.Thal; Oligo","Shared"
"chr7-149020452-149020910",2,2,"Oligo; OPC","Shared"
"chr7-149474269-149475460",2,2,"Inhib.Thal; LHb.4","Shared"
"chr7-149741617-149742035",2,2,"Astrocyte; Oligo","Shared"
"chr7-150354102-150354469",2,2,"Inhib.Thal; LHb.1","Shared"
"chr7-151439642-151440205",2,2,"Inhib.Thal; LHb.4","Shared"
"chr7-151519746-151521000",2,2,"Excit.Thal; LHb.1.3.4","Shared"
"chr7-154127357-154127817",2,2,"Inhib.Thal; Thal","Shared"
"chr7-154575958-154576282",2,2,"LHb.2.7; MHb.1","Shared"
"chr7-155961418-155962405",2,2,"Inhib.Thal; LHb.4","Shared"
"chr7-158144353-158144737",2,2,"Inhib.Thal; LHb.4","Shared"
"chr7-16347553-16348826",2,2,"Astrocyte; Inhib.Thal","Shared"
"chr7-24732565-24733773",2,2,"Inhib.Thal; Oligo","Shared"
"chr7-26369542-26369822",2,2,"LHb.4; Oligo","Shared"
"chr7-30445801-30446717",2,2,"Inhib.Thal; Microglia","Shared"
"chr7-3149224-3150304",2,2,"Excit.Thal; Inhib.Thal","Shared"
"chr7-38585256-38586015",2,2,"Excit.Thal; Inhib.Thal","Shared"
"chr7-45813859-45814865",2,2,"Inhib.Thal; Oligo","Shared"
"chr7-4739520-4740013",2,2,"Excit.Thal; Inhib.Thal","Shared"
"chr7-47586960-47587274",2,2,"Inhib.Thal; MHb.2","Shared"
"chr7-50801673-50802258",2,2,"Inhib.Thal; Oligo","Shared"
"chr7-51602102-51602632",2,2,"MHb.1; MHb.2","Shared"
"chr7-54932523-54933893",2,2,"MHb.1; Oligo","Shared"
"chr7-5661896-5662192",2,2,"LHb.2.7; MHb.2","Shared"
"chr7-64849163-64850113",2,2,"Inhib.Thal; Oligo","Shared"
"chr7-6526454-6527097",2,2,"Inhib.Thal; Oligo","Shared"
"chr7-7271044-7271540",2,2,"Inhib.Thal; LHb.2.7","Shared"
"chr7-74528706-74529055",2,2,"Excit.Thal; LHb.4","Shared"
"chr7-74727702-74728176",2,2,"Inhib.Thal; Oligo","Shared"
"chr7-76233801-76234337",2,2,"Excit.Thal; Inhib.Thal","Shared"
"chr7-767661-768682",2,2,"Astrocyte; Inhib.Thal","Shared"
"chr7-86838916-86839681",2,2,"Astrocyte; Inhib.Thal","Shared"
"chr7-98456962-98457543",2,2,"LHb.2.7; MHb.2","Shared"
"chr7-98741842-98742643",2,2,"LHb.1; LHb.2.7","Shared"
"chr8-100221622-100222488",2,2,"Inhib.Thal; MHb.2","Shared"
"chr8-100415665-100417085",2,2,"Inhib.Thal; LHb.4","Shared"
"chr8-100613658-100614145",2,2,"Inhib.Thal; MHb.2","Shared"
"chr8-109648598-109649005",2,2,"Excit.Thal; MHb.1","Shared"
"chr8-118067238-118067850",2,2,"Inhib.Thal; MHb.2","Shared"
"chr8-12388460-12388814",2,2,"Inhib.Thal; Oligo","Shared"
"chr8-124030421-124030726",2,2,"Excit.Thal; Inhib.Thal","Shared"
"chr8-124215042-124215890",2,2,"Excit.Thal; Inhib.Thal","Shared"
"chr8-125016865-125017770",2,2,"Inhib.Thal; Oligo","Shared"
"chr8-125632986-125634147",2,2,"Inhib.Thal; MHb.2","Shared"
"chr8-126876449-126877212",2,2,"Excit.Thal; Oligo","Shared"
"chr8-129681808-129682376",2,2,"Excit.Thal; Inhib.Thal","Shared"
"chr8-131392087-131392481",2,2,"Excit.Thal; Inhib.Thal","Shared"
"chr8-140141741-140142682",2,2,"Inhib.Thal; MHb.2","Shared"
"chr8-140624047-140625245",2,2,"Inhib.Thal; LHb.4","Shared"
"chr8-1407868-1410130",2,2,"Inhib.Thal; LHb.4","Shared"
"chr8-142075761-142076591",2,2,"Inhib.Thal; LHb.4","Shared"
"chr8-18807164-18807522",2,2,"LHb.1.3.4; MHb.2","Shared"
"chr8-22355295-22355571",2,2,"LHb.4; MHb.2","Shared"
"chr8-22973403-22974755",2,2,"Inhib.Thal; MHb.2","Shared"
"chr8-24673428-24674081",2,2,"Inhib.Thal; MHb.2","Shared"
"chr8-25688417-25688792",2,2,"MHb.1; Oligo","Shared"
"chr8-26864589-26865079",2,2,"Inhib.Thal; LHb.4","Shared"
"chr8-28722038-28722464",2,2,"LHb.2.7; MHb.1","Shared"
"chr8-38912422-38912973",2,2,"Excit.Thal; Inhib.Thal","Shared"
"chr8-38913193-38914019",2,2,"Inhib.Thal; MHb.2","Shared"
"chr8-43092837-43094087",2,2,"Inhib.Thal; Oligo","Shared"
"chr8-47573299-47573934",2,2,"Excit.Thal; LHb.2.7","Shared"
"chr8-49911365-49911944",2,2,"Inhib.Thal; Oligo","Shared"
"chr8-52485071-52485674",2,2,"Excit.Thal; MHb.2","Shared"
"chr8-56156442-56156707",2,2,"MHb.1; MHb.2","Shared"
"chr8-60792596-60793218",2,2,"Excit.Thal; MHb.2","Shared"
"chr8-63627689-63628155",2,2,"Astrocyte; Oligo","Shared"
"chr8-68727222-68727883",2,2,"Excit.Thal; Oligo","Shared"
"chr8-70955696-70956141",2,2,"Inhib.Thal; LHb.1","Shared"
"chr8-9758662-9759345",2,2,"Excit.Thal; Inhib.Thal","Shared"
"chr9-107306352-107306679",2,2,"Inhib.Thal; LHb.4","Shared"
"chr9-109721022-109721347",2,2,"LHb.2.7; MHb.2","Shared"
"chr9-113934756-113936246",2,2,"Inhib.Thal; LHb.1.3.4","Shared"
"chr9-121114061-121114450",2,2,"Inhib.Thal; LHb.1.3.4","Shared"
"chr9-122317964-122318657",2,2,"Excit.Thal; Inhib.Thal","Shared"
"chr9-124477652-124478254",2,2,"LHb.4; Oligo","Shared"
"chr9-124834490-124835627",2,2,"Astrocyte; LHb.1","Shared"
"chr9-125951173-125951531",2,2,"LHb.1; LHb.2.7","Shared"
"chr9-126558061-126558333",2,2,"LHb.4; Oligo","Shared"
"chr9-127250618-127251090",2,2,"Excit.Thal; Inhib.Thal","Shared"
"chr9-127802242-127803467",2,2,"Excit.Thal; MHb.1","Shared"
"chr9-129334077-129334720",2,2,"Excit.Thal; Oligo","Shared"
"chr9-130421859-130422178",2,2,"LHb.2.7; MHb.1.2","Shared"
"chr9-131057718-131058178",2,2,"Inhib.Thal; Oligo","Shared"
"chr9-133346887-133347254",2,2,"Excit.Thal; LHb.4","Shared"
"chr9-133644176-133644825",2,2,"Inhib.Thal; MHb.2","Shared"
"chr9-134176034-134176621",2,2,"Inhib.Thal; LHb.2.7","Shared"
"chr9-135512980-135513886",2,2,"Inhib.Thal; LHb.2.7","Shared"
"chr9-137114275-137115487",2,2,"MHb.1; OPC","Shared"
"chr9-137784974-137785473",2,2,"Excit.Thal; LHb.4","Shared"
"chr9-138134510-138134889",2,2,"Excit.Thal; Inhib.Thal","Shared"
"chr9-37528928-37529488",2,2,"LHb.4; Oligo","Shared"
"chr9-38310927-38311950",2,2,"Astrocyte; Inhib.Thal","Shared"
"chr9-88461013-88461319",2,2,"Excit.Thal; Oligo","Shared"
"chr9-89234187-89235266",2,2,"Astrocyte; Excit.Thal","Shared"
"chr9-93619958-93620494",2,2,"Inhib.Thal; Oligo","Shared"
"chr9-98040053-98040684",2,2,"Excit.Thal; LHb.4","Shared"
"chr9-98091875-98092906",2,2,"Inhib.Thal; LHb.4","Shared"
"chrX-10206297-10206702",2,2,"Excit.Thal; Inhib.Thal","Shared"
"chrX-103687764-103688193",2,2,"Excit.Thal; Inhib.Thal","Shared"
"chrX-104113265-104113508",2,2,"Inhib.Thal; LHb.4","Shared"
"chrX-104136227-104136746",2,2,"Excit.Thal; Inhib.Thal","Shared"
"chrX-111837197-111837531",2,2,"Excit.Thal; Inhib.Thal","Shared"
"chrX-1120129-1120637",2,2,"Inhib.Thal; LHb.4","Shared"
"chrX-115233200-115234267",2,2,"Inhib.Thal; LHb.1","Shared"
"chrX-1246627-1247010",2,2,"Inhib.Thal; LHb.4","Shared"
"chrX-133922348-133922639",2,2,"MHb.1; MHb.2","Shared"
"chrX-135051064-135052549",2,2,"Astrocyte; LHb.1","Shared"
"chrX-150450298-150451326",2,2,"Inhib.Thal; MHb.1","Shared"
"chrX-152450025-152451964",2,2,"Inhib.Thal; Oligo","Shared"
"chrX-152830319-152831840",2,2,"MHb.1.2; MHb.2","Shared"
"chrX-152991850-152992716",2,2,"Excit.Thal; LHb.4","Shared"
"chrX-153885798-153886724",2,2,"Inhib.Thal; MHb.2","Shared"
"chrX-154762330-154763716",2,2,"Excit.Thal; LHb.2.7","Shared"
"chrX-1657502-1658379",2,2,"Excit.Thal; Inhib.Thal","Shared"
"chrX-21479679-21480167",2,2,"Excit.Thal; LHb.2.7","Shared"
"chrX-40735046-40736417",2,2,"Excit.Thal; Inhib.Thal","Shared"
"chrX-46544959-46546000",2,2,"Excit.Thal; Oligo","Shared"
"chrX-48026653-48027026",2,2,"Excit.Thal; Inhib.Thal","Shared"
"chrX-54920481-54922137",2,2,"MHb.2; Oligo","Shared"
"chrX-69128458-69129238",2,2,"Astrocyte; Inhib.Thal","Shared"
"chrX-7191398-7191959",2,2,"Inhib.Thal; Oligo","Shared"
"chrX-72572282-72573258",2,2,"Inhib.Thal; LHb.7","Shared"
"chrX-74505366-74505830",2,2,"Inhib.Thal; LHb.2.7","Shared"
"chrY-14522252-14522771",2,2,"Excit.Thal; LHb.4","Shared"
