"seurat_clusters","S04_Hb_r","S06_Hb_r","S08_Hb_r","S11_Hb_r","S12_Hb_r","total_clust.x","Perc.Cluster","cell.types"
"5","2","10","6","1","3",22,1.50068212824011,"DD_LHb (2) DD_MHb (1)"
"9","1","9","4","0","0",14,0.954979536152797,"***DD_LHb(1)"
"10","7","10","1","0","3",21,1.4324693042292,"***DD_LHb(1)"
"2","0","3","17","12","8",40,2.72851296043656,"***DD_MHb(5)"
"4","0","1","4","1","3",9,0.613915416098226,"***DD_MHb(3)"
"16","0","1","9","6","0",16,1.09140518417462,"***DD_MHb(6)"
"Total.Cells.Sample","10","34","41","20","17",NA,NA,NA
"Total.Cells.ALL","539","671"," 84"," 26"," 98",NA,NA,NA
"Percentage.Sample"," 1.9"," 5.1","48.8","76.9","17.3",NA,NA,NA
