"seurat_clusters","S03_Hb_r","S04_Hb_r","S05_Hb_r","S06_Hb_r","S08_Hb_r","S11_Hb_r","S12_Hb_r","total_clust.x","Perc.Cluster","cell.types"
"11","1","0","1","75","0","0","0",77,5.25238744884038,"DD_Excit.Thal (1) DD_LHb (1)"
"0","0","61","2","99","3","0","0",165,11.2551159618008,"***DD_Inhib.Thal(12)"
"5","0","2","0","10","6","1","3",22,1.50068212824011,"DD_LHb (2) DD_MHb (1)"
"9","0","1","0","9","4","0","0",14,0.954979536152797,"***DD_LHb(1)"
"10","0","7","0","10","1","0","3",21,1.4324693042292,"***DD_LHb(1)"
"15","0","49","0","22","3","3","0",77,5.25238744884038,"***DD_Inhib.Thal(1)"
"18","0","30","0","24","0","0","1",55,3.75170532060027,"***DD_Excit.Thal(1)"
"2","0","0","0","3","17","12","8",40,2.72851296043656,"***DD_MHb(5)"
"4","0","0","0","1","4","1","3",9,0.613915416098226,"***DD_MHb(3)"
"16","0","0","0","1","9","6","0",16,1.09140518417462,"***DD_MHb(6)"
"Total.Cells.Sample","  1","150","  3","254"," 47"," 23"," 18",NA,NA,NA
"Total.Cells.ALL"," 12","539"," 35","671"," 84"," 26"," 98",NA,NA,NA
"Percentage.Sample"," 8.3","27.8"," 8.6","37.9","56.0","88.5","18.4",NA,NA,NA
