"seurat_clusters","S04_Hb_r","S05_Hb_r","S06_Hb_r","S08_Hb_r","S11_Hb_r","S12_Hb_r","total_clust.x","Perc.Cluster","cell.types"
"0","61","2","99","3","0","0",165,11.2551159618008,"inhibitory_neuron (2) Thalamus/MDm (1)"
"3","66","2","21","3","0","2",94,6.41200545702592,"***Hb neuron specific(1)"
"5","2","0","10","6","1","3",22,1.50068212824011,"***Hb neuron specific(2)"
"8","3","3","50","0","0","0",56,3.81991814461119,"***Thalamus/MDm/Endo(1)"
"9","1","0","9","4","0","0",14,0.954979536152797,"***LHB neuron specific(1)"
"15","49","0","22","3","3","0",77,5.25238744884038,"***inhibitory_neuron(1)"
"2","0","0","3","17","12","8",40,2.72851296043656,"***Hb neuron specific(1)"
"Total.Cells.Sample","182","  7","214"," 36"," 16"," 13",NA,NA,NA
"Total.Cells.ALL","539"," 35","671"," 84"," 26"," 98",NA,NA,NA
"Percentage.Sample","34","20","32","43","62","13",NA,NA,NA
