"","seurat_clusters","S03_Hb_r","S04_Hb_r","S05_Hb_r","S06_Hb_r","S07_Hb_r","S08_Hb_r","S09_Hb_r","S10_Hb_r","S11_Hb_r","S12_Hb_r","total_clust.x","Perc.Cluster","cell.types"
"1","0",20,118,44,39,49,44,32,824,1082,53,2305,10.8588118905168,"***LHB neuron specific(1)"
"2","1",172,37,21,158,53,31,139,75,52,10,748,3.52381401045838,"inhibitory_neuron (2) Thalamus/MDm (1)"
"3","2",38,0,5,1,321,60,4,173,233,88,923,4.34823573750412,"***Hb neuron specific(1)"
"4","5",2,1,1,13,69,73,3,269,192,35,658,3.099825693692,"Hb neuron specific (1) LHB neuron specific (1)"
"5","7",9,7,2,23,35,46,1,268,236,12,639,3.01031704904132,"***LHB neuron specific(2)"
"6","8",19,12,30,53,21,7,141,215,23,19,540,2.54392990059829,"Hb neuron specific (1) Thalamus broad (1)"
"7","10",16,0,0,0,234,52,0,182,343,22,849,3.99962312149621,"***Hb neuron specific(1)"
"8","13",3,0,1,0,23,15,0,1054,392,7,1495,7.04291703961935,"Hb neuron specific (1) LHB neuron specific (1)"
"9","14",4,0,0,0,287,28,1,174,499,15,1008,4.74866914778348,"***MHB neuron specific(1)"
"10","17",79,5,133,6,78,18,40,35,178,31,603,2.84072172233476,"***neuron(1)"
"11","25",34,2,7,4,19,12,54,2,33,8,175,0.824421727045744,"neuron (1) oligodendrocyte_precursor (2)"
"12","26",25,1,1,31,9,4,26,125,5,1,228,1.07410373580817,"inhibitory_neuron (2) Thalamus/MDm (1)"
"13","29",0,0,0,0,0,0,0,30,0,0,30,0.141329438922127,"inhibitory_neuron (2) Thalamus/MDm (1)"
