donor,num_cells_post_QC,Sample ID,Genome,Pipeline version,Estimated number of cells,Feature linkages detected,Linked genes,Linked peaks,ATAC Confidently mapped read pairs,ATAC Fraction of genome in peaks,ATAC Fraction of high-quality fragments in cells,ATAC Fraction of high-quality fragments overlapping TSS,ATAC Fraction of high-quality fragments overlapping peaks,ATAC Fraction of transposition events in peaks in cells,ATAC Mean raw read pairs per cell,ATAC Median high-quality fragments per cell,ATAC Non-nuclear read pairs,ATAC Number of peaks,ATAC Percent duplicates,ATAC Q30 bases in barcode,ATAC Q30 bases in read 1,ATAC Q30 bases in read 2,ATAC Q30 bases in sample index i1,ATAC Sequenced read pairs,ATAC TSS enrichment score,ATAC Unmapped read pairs,ATAC Valid barcodes,GEX Fraction of transcriptomic reads in cells,GEX Mean raw reads per cell,GEX Median UMI counts per cell,GEX Median genes per cell,GEX Percent duplicates,GEX Q30 bases in UMI,GEX Q30 bases in barcode,GEX Q30 bases in read 2,GEX Q30 bases in sample index i1,GEX Q30 bases in sample index i2,GEX Reads mapped antisense to gene,GEX Reads mapped confidently to exonic regions,GEX Reads mapped confidently to genome,GEX Reads mapped confidently to intergenic regions,GEX Reads mapped confidently to intronic regions,GEX Reads mapped confidently to transcriptome,GEX Reads mapped to genome,GEX Reads with TSO,GEX Sequenced read pairs,GEX Total genes detected,GEX Valid UMIs,GEX Valid barcodes,num_neuronal_nuclei_sorted,num_glial_nuclei_sorted,num_neurons_loaded,num_glia_loaded,concentration_post_nuclei_permeabilization_nuclei_per_uL,total_nuclei_loaded
Br8433,5914,S10_Hb_r,GRCh38,cellranger-arc-2.0.2,4667,5546,2680,6294,0.8845,0.0167,0.2932,0.1459,0.1063,0.097,128003.43030000001,11310,0.0353,61595,0.2774,0.9145,0.941,0.9458,0.9026,597392009,2.9333,0.0042,0.983,0.3563,71765.3315,4132,2357,0.617,0.9693,0.9547,0.9597,0.8138,0.9133,0.1549,0.3457,0.8886,0.0555,0.4874,0.6698,0.9724,0.2701,334928802,30136,0.999,0.932,76578,489595,11025,0,1837.5,11025
Br9017,8054,S11_Hb_r,GRCh38,cellranger-arc-2.0.2,1354,4758,2002,5673,0.888,0.0149,0.0255,0.1534,0.0949,0.0862,369943.1307,3123.5,0.0145,55274,0.1379,0.9112,0.9393,0.9424,0.896,500902999,2.311,0.005,0.9837,0.0446,341011.2651,2188.5,1334,0.6293,0.9671,0.9516,0.9597,0.8341,0.8506,0.1276,0.2108,0.8542,0.0709,0.5725,0.6457,0.9742,0.2649,461729253,25272,0.9992,0.9099,124028,500000,18187.5,0,7275,18187.5
Br9090,4045,S12_Hb_r,GRCh38,cellranger-arc-2.0.2,746,959,427,1280,0.8858,0.0125,0.0554,0.1373,0.0803,0.0737,648723.3968,19240,0.0122,46233,0.1608,0.9106,0.9387,0.9452,0.8863,483947654,2.2963,0.0034,0.9835,0.0479,829083.7654,664,527,0.9048,0.9674,0.9527,0.9559,0.9048,0.8819,0.1093,0.4491,0.9221,0.0564,0.4165,0.7475,0.9642,0.1688,618496489,23701,0.9987,0.9551,192043,500000,18225,0,12150,18225
Br8518,4375,S03_Hb_r,GRCh38,cellranger-arc-2.0.2,41,35,5,53,0.8843,0.0403,7e-4,0.2375,0.2038,0.191,9988395.2683,3198,0.0062,144600,0.176,0.8898,0.9346,0.9301,0.8726,409524206,2.201,0.0052,0.9749,0.0014,8092774.122,1329,762,0.6896,0.9672,0.9505,0.9622,0.7891,0.8699,0.0657,0.2016,0.864,0.0671,0.5953,0.7218,0.9724,0.3971,331803739,10752,0.9995,0.9384,91783,648000,12950,5800,9375,18750
Br8651,6364,S04_Hb_r,GRCh38,cellranger-arc-2.0.2,4513,2110,1225,2119,0.8919,0.0192,0.4163,0.1471,0.1128,0.1032,56267.1365,17907,0.0101,71020,0.1156,0.8776,0.9371,0.9156,0.8485,253933587,2.9997,0.0046,0.9737,0.4352,58033.6016,3165,1941,0.7744,0.9717,0.9609,0.9571,0.9028,0.9153,0.1674,0.3816,0.9319,0.0542,0.496,0.7008,0.9691,0.1142,261905644,29280,0.9795,0.9378,123550,200000,16987.5,0,5662.5,16987.5
Br8274,1990,S05_Hb_r,GRCh38,cellranger-arc-2.0.2,1720,2099,1115,2393,0.8592,0.015,0.065,0.1573,0.1124,0.1047,286267.1593,7177.5,0.0173,53841,0.1175,0.8893,0.9395,0.929,0.8664,492379514,2.7882,0.004,0.9777,0.085,255932.5727,558,457,0.8687,0.9698,0.9587,0.9569,0.8853,0.9261,0.1908,0.4934,0.9403,0.0519,0.395,0.6902,0.9748,0.0892,440204025,25586,0.9797,0.9316,198325,200000,18787.5,0,12525,18787.5
Br6522,7059,S06_Hb_r,GRCh38,cellranger-arc-2.0.2,4335,12932,3196,10443,0.8977,0.033,0.1914,0.1876,0.1987,0.1827,127120.5986,12209,0.0221,124591,0.1442,0.8798,0.9374,0.9227,0.8387,551067795,3.1539,0.0038,0.9753,0.1057,137644.0148,1288,916,0.7628,0.9696,0.9585,0.9563,0.8992,0.8701,0.1403,0.4912,0.9405,0.0474,0.402,0.7448,0.9786,0.101,596686804,27794,0.9798,0.9384,111383,500000,18225,0,9112.5,18225
Br6432,7207,S07_Hb_r,GRCh38,cellranger-arc-2.0.2,3526,3187,1682,3515,0.8836,0.0196,0.1548,0.1759,0.1415,0.1306,130619.9586,8584,0.0252,72469,0.1718,0.9025,0.9405,0.9454,0.8864,460565974,2.8487,0.0038,0.983,0.116,171045.6764,1096.5,749,0.7696,0.9713,0.9606,0.9576,0.8919,0.9033,0.1602,0.3844,0.9306,0.0549,0.4913,0.7067,0.976,0.1824,603107055,28328,0.9798,0.9221,210021,500000,19068.8,0,12712.5,19068.8
Br8667,4735,S08_Hb_r,GRCh38,cellranger-arc-2.0.2,1250,2768,1558,2859,0.8859,0.0198,0.0913,0.173,0.1307,0.1196,422819.7832,18836,0.0227,74098,0.2347,0.9079,0.9407,0.9433,0.908,528524729,2.5523,0.0044,0.9818,0.0875,505586.3376,4211,2146,0.7873,0.9662,0.954,0.9457,0.8914,0.8929,0.1066,0.369,0.9152,0.0519,0.4943,0.7473,0.9742,0.1483,631982922,26873,0.9802,0.9386,119292,500000,17718.8,0,7087.5,17718.8
Br8582,5959,S09_Hb_r,GRCh38,cellranger-arc-2.0.2,4249,25331,5990,15891,0.8959,0.0282,0.2174,0.1912,0.1902,0.1763,131840.1697,11728,0.0113,104444,0.1916,0.9166,0.9397,0.945,0.8951,560188881,3.374,0.0036,0.9824,0.1691,124382.4269,1287,881,0.7507,0.9647,0.9487,0.9513,0.8735,0.866,0.1201,0.2862,0.9338,0.0542,0.5933,0.75,0.9759,0.1188,528500932,28460,0.999,0.9477,114842,321842,17062.5,0,4875,17062.5
