"","orig.ident","seurat_clusters","N"
"1","4S_Hb_KDM_reanalysis","0",698
"2","4S_Hb_KDM_reanalysis","1",2399
"3","4S_Hb_KDM_reanalysis","3",1489
"4","4S_Hb_KDM_reanalysis","4",4
"5","4S_Hb_KDM_reanalysis","5",14
"6","4S_Hb_KDM_reanalysis","6",13
"7","4S_Hb_KDM_reanalysis","7",106
"8","4S_Hb_KDM_reanalysis","8",86
"9","4S_Hb_KDM_reanalysis","9",50
"10","4S_Hb_KDM_reanalysis","10",229
"11","4S_Hb_KDM_reanalysis","11",20
"12","4S_Hb_KDM_reanalysis","12",69
"13","4S_Hb_KDM_reanalysis","13",28
"14","4S_Hb_KDM_reanalysis","14",21
"15","4S_Hb_KDM_reanalysis","15",1077
"16","4S_Hb_KDM_reanalysis","16",2
"17","4S_Hb_KDM_reanalysis","17",128
"18","4S_Hb_KDM_reanalysis","18",451
"19","4S_Hb_KDM_reanalysis","19",10
"20","4S_Hb_KDM_reanalysis","20",58
"21","4S_Hb_KDM_reanalysis","21",176
"22","4S_Hb_KDM_reanalysis","22",37
"23","4S_Hb_KDM_reanalysis","23",82
"24","4S_Hb_KDM_reanalysis","24",98
"25","5S_Hb_KDM_reanalysis","0",307
"26","5S_Hb_KDM_reanalysis","1",198
"27","5S_Hb_KDM_reanalysis","2",1
"28","5S_Hb_KDM_reanalysis","3",182
"29","5S_Hb_KDM_reanalysis","4",3
"30","5S_Hb_KDM_reanalysis","5",3
"31","5S_Hb_KDM_reanalysis","6",355
"32","5S_Hb_KDM_reanalysis","7",73
"33","5S_Hb_KDM_reanalysis","8",184
"34","5S_Hb_KDM_reanalysis","9",51
"35","5S_Hb_KDM_reanalysis","10",16
"36","5S_Hb_KDM_reanalysis","11",93
"37","5S_Hb_KDM_reanalysis","12",36
"38","5S_Hb_KDM_reanalysis","13",206
"39","5S_Hb_KDM_reanalysis","14",2
"40","5S_Hb_KDM_reanalysis","15",95
"41","5S_Hb_KDM_reanalysis","17",23
"42","5S_Hb_KDM_reanalysis","18",74
"43","5S_Hb_KDM_reanalysis","19",42
"44","5S_Hb_KDM_reanalysis","20",23
"45","5S_Hb_KDM_reanalysis","21",65
"46","5S_Hb_KDM_reanalysis","22",5
"47","5S_Hb_KDM_reanalysis","23",82
"48","5S_Hb_KDM_reanalysis","24",17
"49","5S_Hb_KDM_reanalysis","26",6
"50","5S_Hb_KDM_reanalysis","27",34
"51","5S_Hb_KDM_reanalysis","28",3
"52","6S_Hb_KDM_reanalysis","0",1963
"53","6S_Hb_KDM_reanalysis","1",373
"54","6S_Hb_KDM_reanalysis","2",9
"55","6S_Hb_KDM_reanalysis","3",430
"56","6S_Hb_KDM_reanalysis","4",10
"57","6S_Hb_KDM_reanalysis","5",170
"58","6S_Hb_KDM_reanalysis","6",429
"59","6S_Hb_KDM_reanalysis","7",211
"60","6S_Hb_KDM_reanalysis","8",1266
"61","6S_Hb_KDM_reanalysis","9",296
"62","6S_Hb_KDM_reanalysis","10",153
"63","6S_Hb_KDM_reanalysis","11",1551
"64","6S_Hb_KDM_reanalysis","12",133
"65","6S_Hb_KDM_reanalysis","13",34
"66","6S_Hb_KDM_reanalysis","14",24
"67","6S_Hb_KDM_reanalysis","15",157
"68","6S_Hb_KDM_reanalysis","16",8
"69","6S_Hb_KDM_reanalysis","17",41
"70","6S_Hb_KDM_reanalysis","18",232
"71","6S_Hb_KDM_reanalysis","19",31
"72","6S_Hb_KDM_reanalysis","20",61
"73","6S_Hb_KDM_reanalysis","21",38
"74","6S_Hb_KDM_reanalysis","22",17
"75","6S_Hb_KDM_reanalysis","23",150
"76","6S_Hb_KDM_reanalysis","24",92
"77","6S_Hb_KDM_reanalysis","26",202
"78","6S_Hb_KDM_reanalysis","27",1
"79","6S_Hb_KDM_reanalysis","28",2
"80","S10_Hb_KDM_reanalysis","0",191
"81","S10_Hb_KDM_reanalysis","1",141
"82","S10_Hb_KDM_reanalysis","2",944
"83","S10_Hb_KDM_reanalysis","3",183
"84","S10_Hb_KDM_reanalysis","4",445
"85","S10_Hb_KDM_reanalysis","5",979
"86","S10_Hb_KDM_reanalysis","6",143
"87","S10_Hb_KDM_reanalysis","7",216
"88","S10_Hb_KDM_reanalysis","8",165
"89","S10_Hb_KDM_reanalysis","9",559
"90","S10_Hb_KDM_reanalysis","10",386
"91","S10_Hb_KDM_reanalysis","11",9
"92","S10_Hb_KDM_reanalysis","12",121
"93","S10_Hb_KDM_reanalysis","13",187
"94","S10_Hb_KDM_reanalysis","14",538
"95","S10_Hb_KDM_reanalysis","15",88
"96","S10_Hb_KDM_reanalysis","16",288
"97","S10_Hb_KDM_reanalysis","17",144
"98","S10_Hb_KDM_reanalysis","18",227
"99","S10_Hb_KDM_reanalysis","19",59
"100","S10_Hb_KDM_reanalysis","20",67
"101","S10_Hb_KDM_reanalysis","21",48
"102","S10_Hb_KDM_reanalysis","22",6
"103","S10_Hb_KDM_reanalysis","23",64
"104","S10_Hb_KDM_reanalysis","24",52
"105","S10_Hb_KDM_reanalysis","27",3
"106","S10_Hb_KDM_reanalysis","28",2
"107","S10_Hb_KDM_reanalysis","30",64
"108","S11_Hb_KDM_reanalysis","0",148
"109","S11_Hb_KDM_reanalysis","1",153
"110","S11_Hb_KDM_reanalysis","2",1669
"111","S11_Hb_KDM_reanalysis","3",50
"112","S11_Hb_KDM_reanalysis","4",489
"113","S11_Hb_KDM_reanalysis","5",921
"114","S11_Hb_KDM_reanalysis","6",41
"115","S11_Hb_KDM_reanalysis","7",107
"116","S11_Hb_KDM_reanalysis","8",54
"117","S11_Hb_KDM_reanalysis","9",1216
"118","S11_Hb_KDM_reanalysis","10",934
"119","S11_Hb_KDM_reanalysis","11",1
"120","S11_Hb_KDM_reanalysis","12",57
"121","S11_Hb_KDM_reanalysis","13",627
"122","S11_Hb_KDM_reanalysis","14",683
"123","S11_Hb_KDM_reanalysis","15",15
"124","S11_Hb_KDM_reanalysis","16",711
"125","S11_Hb_KDM_reanalysis","17",176
"126","S11_Hb_KDM_reanalysis","18",32
"127","S11_Hb_KDM_reanalysis","19",43
"128","S11_Hb_KDM_reanalysis","20",371
"129","S11_Hb_KDM_reanalysis","21",1
"130","S11_Hb_KDM_reanalysis","22",23
"131","S11_Hb_KDM_reanalysis","23",26
"132","S11_Hb_KDM_reanalysis","24",42
"133","S11_Hb_KDM_reanalysis","25",229
"134","S11_Hb_KDM_reanalysis","27",17
"135","S11_Hb_KDM_reanalysis","28",2
"136","S11_Hb_KDM_reanalysis","30",1
"137","S12_Hb_KDM_reanalysis","0",134
"138","S12_Hb_KDM_reanalysis","1",401
"139","S12_Hb_KDM_reanalysis","2",545
"140","S12_Hb_KDM_reanalysis","3",409
"141","S12_Hb_KDM_reanalysis","4",1022
"142","S12_Hb_KDM_reanalysis","5",503
"143","S12_Hb_KDM_reanalysis","6",7
"144","S12_Hb_KDM_reanalysis","7",114
"145","S12_Hb_KDM_reanalysis","8",21
"146","S12_Hb_KDM_reanalysis","9",223
"147","S12_Hb_KDM_reanalysis","10",412
"148","S12_Hb_KDM_reanalysis","11",14
"149","S12_Hb_KDM_reanalysis","12",51
"150","S12_Hb_KDM_reanalysis","13",247
"151","S12_Hb_KDM_reanalysis","14",140
"152","S12_Hb_KDM_reanalysis","15",51
"153","S12_Hb_KDM_reanalysis","16",83
"154","S12_Hb_KDM_reanalysis","17",93
"155","S12_Hb_KDM_reanalysis","18",184
"156","S12_Hb_KDM_reanalysis","19",44
"157","S12_Hb_KDM_reanalysis","20",26
"158","S12_Hb_KDM_reanalysis","21",99
"159","S12_Hb_KDM_reanalysis","22",19
"160","S12_Hb_KDM_reanalysis","23",21
"161","S12_Hb_KDM_reanalysis","24",9
"162","S12_Hb_KDM_reanalysis","27",1
"163","S12_Hb_KDM_reanalysis","28",3
"164","S3_Hb_KDM_reanalysis","0",944
"165","S3_Hb_KDM_reanalysis","1",157
"166","S3_Hb_KDM_reanalysis","2",115
"167","S3_Hb_KDM_reanalysis","3",99
"168","S3_Hb_KDM_reanalysis","4",216
"169","S3_Hb_KDM_reanalysis","5",80
"170","S3_Hb_KDM_reanalysis","6",444
"171","S3_Hb_KDM_reanalysis","7",719
"172","S3_Hb_KDM_reanalysis","8",197
"173","S3_Hb_KDM_reanalysis","9",57
"174","S3_Hb_KDM_reanalysis","10",35
"175","S3_Hb_KDM_reanalysis","11",308
"176","S3_Hb_KDM_reanalysis","12",311
"177","S3_Hb_KDM_reanalysis","13",26
"178","S3_Hb_KDM_reanalysis","14",25
"179","S3_Hb_KDM_reanalysis","15",3
"180","S3_Hb_KDM_reanalysis","16",13
"181","S3_Hb_KDM_reanalysis","17",459
"182","S3_Hb_KDM_reanalysis","18",88
"183","S3_Hb_KDM_reanalysis","19",80
"184","S3_Hb_KDM_reanalysis","20",106
"185","S3_Hb_KDM_reanalysis","21",48
"186","S3_Hb_KDM_reanalysis","22",142
"187","S3_Hb_KDM_reanalysis","23",83
"188","S3_Hb_KDM_reanalysis","24",37
"189","S3_Hb_KDM_reanalysis","27",149
"190","S3_Hb_KDM_reanalysis","28",5
"191","S3_Hb_KDM_reanalysis","29",104
"192","S7_Hb_KDM_reanalysis","0",532
"193","S7_Hb_KDM_reanalysis","1",352
"194","S7_Hb_KDM_reanalysis","2",568
"195","S7_Hb_KDM_reanalysis","3",589
"196","S7_Hb_KDM_reanalysis","4",1290
"197","S7_Hb_KDM_reanalysis","5",382
"198","S7_Hb_KDM_reanalysis","6",151
"199","S7_Hb_KDM_reanalysis","7",666
"200","S7_Hb_KDM_reanalysis","8",231
"201","S7_Hb_KDM_reanalysis","9",171
"202","S7_Hb_KDM_reanalysis","10",270
"203","S7_Hb_KDM_reanalysis","11",112
"204","S7_Hb_KDM_reanalysis","12",489
"205","S7_Hb_KDM_reanalysis","13",175
"206","S7_Hb_KDM_reanalysis","14",214
"207","S7_Hb_KDM_reanalysis","15",54
"208","S7_Hb_KDM_reanalysis","16",184
"209","S7_Hb_KDM_reanalysis","17",180
"210","S7_Hb_KDM_reanalysis","18",51
"211","S7_Hb_KDM_reanalysis","19",338
"212","S7_Hb_KDM_reanalysis","20",211
"213","S7_Hb_KDM_reanalysis","21",189
"214","S7_Hb_KDM_reanalysis","22",217
"215","S7_Hb_KDM_reanalysis","23",72
"216","S7_Hb_KDM_reanalysis","24",75
"217","S7_Hb_KDM_reanalysis","28",39
"218","S8_Hb_KDM_reanalysis","0",235
"219","S8_Hb_KDM_reanalysis","1",489
"220","S8_Hb_KDM_reanalysis","2",483
"221","S8_Hb_KDM_reanalysis","3",509
"222","S8_Hb_KDM_reanalysis","4",410
"223","S8_Hb_KDM_reanalysis","5",655
"224","S8_Hb_KDM_reanalysis","6",23
"225","S8_Hb_KDM_reanalysis","7",298
"226","S8_Hb_KDM_reanalysis","8",14
"227","S8_Hb_KDM_reanalysis","9",338
"228","S8_Hb_KDM_reanalysis","10",227
"229","S8_Hb_KDM_reanalysis","11",1
"230","S8_Hb_KDM_reanalysis","12",292
"231","S8_Hb_KDM_reanalysis","13",161
"232","S8_Hb_KDM_reanalysis","14",129
"233","S8_Hb_KDM_reanalysis","15",196
"234","S8_Hb_KDM_reanalysis","16",363
"235","S8_Hb_KDM_reanalysis","17",121
"236","S8_Hb_KDM_reanalysis","18",14
"237","S8_Hb_KDM_reanalysis","19",73
"238","S8_Hb_KDM_reanalysis","20",112
"239","S8_Hb_KDM_reanalysis","21",41
"240","S8_Hb_KDM_reanalysis","22",47
"241","S8_Hb_KDM_reanalysis","23",50
"242","S8_Hb_KDM_reanalysis","24",33
"243","S8_Hb_KDM_reanalysis","27",2
"244","S8_Hb_KDM_reanalysis","28",1
"245","S9_Hb_KDM_reanalysis","0",774
"246","S9_Hb_KDM_reanalysis","1",66
"247","S9_Hb_KDM_reanalysis","2",12
"248","S9_Hb_KDM_reanalysis","3",122
"249","S9_Hb_KDM_reanalysis","4",15
"250","S9_Hb_KDM_reanalysis","5",18
"251","S9_Hb_KDM_reanalysis","6",2026
"252","S9_Hb_KDM_reanalysis","7",693
"253","S9_Hb_KDM_reanalysis","8",900
"254","S9_Hb_KDM_reanalysis","9",13
"255","S9_Hb_KDM_reanalysis","10",119
"256","S9_Hb_KDM_reanalysis","11",87
"257","S9_Hb_KDM_reanalysis","12",414
"258","S9_Hb_KDM_reanalysis","13",131
"259","S9_Hb_KDM_reanalysis","14",7
"260","S9_Hb_KDM_reanalysis","15",36
"261","S9_Hb_KDM_reanalysis","16",4
"262","S9_Hb_KDM_reanalysis","17",115
"263","S9_Hb_KDM_reanalysis","18",25
"264","S9_Hb_KDM_reanalysis","19",570
"265","S9_Hb_KDM_reanalysis","20",107
"266","S9_Hb_KDM_reanalysis","21",334
"267","S9_Hb_KDM_reanalysis","22",283
"268","S9_Hb_KDM_reanalysis","23",91
"269","S9_Hb_KDM_reanalysis","24",118
"270","S9_Hb_KDM_reanalysis","26",2
"271","S9_Hb_KDM_reanalysis","28",57
