"X","p_val","avg_log2FC","pct.1","pct.2","p_val_adj","cluster","gene","cell-type"
"HTR2C.3",0,1.54034514556831,0.648,0.322,0,3,"HTR2C","LHB neuron specific"
"SYT1.4",0,-3.86264162928425,0.161,0.901,0,4,"SYT1","neuron"
"MOBP.4",0,4.41554536989763,0.885,0.083,0,4,"MOBP","oligodendrocyte"
"GPR151.5",0,2.50926088560958,0.82,0.184,0,5,"GPR151","Hb neuron specific"
"GAD1.6",0,3.75782376408951,0.903,0.134,0,9,"GAD1","inhibitory_neuron"
"GAD2.9",0,2.95394870617635,0.826,0.129,0,9,"GAD2","inhibitory_neuron"
"MEIS2.9",0,2.86914364724441,0.921,0.15,0,9,"MEIS2","Thalamus/MDm"
"GPR151.9",0,2.54609382453376,0.78,0.19,0,10,"GPR151","Hb neuron specific"
"GPR151.10",0,2.51759553966193,0.742,0.192,0,11,"GPR151","Hb neuron specific"
"GPR151.13",0,2.64886693520477,0.843,0.191,0,14,"GPR151","Hb neuron specific"
"POU4F1.13",0,1.99766610143408,0.703,0.177,0,14,"POU4F1","Hb neuron specific"
"TTR.15",0,7.31950917385346,0.481,0.062,0,16,"TTR","Endo/CP"
"NECAB1.17",0,2.07077045094454,0.93,0.309,0,18,"NECAB1","Thalamus broad"
"NECAB1.18",0,1.71599630332913,0.784,0.314,0,19,"NECAB1","Thalamus broad"
"SNAP25.13",0,-3.79892763101057,0.102,0.812,0,20,"SNAP25","neuron"
"SYT1.17",0,-3.98635013284658,0.187,0.881,0,20,"SYT1","neuron"
"SYT1.18",0,-2.70373558691531,0.297,0.878,0,21,"SYT1","neuron"
"AQP4.17",0,5.2503620240867,0.671,0.053,0,21,"AQP4","astrocyte"
"GAD2.21",0,2.80491473321326,0.923,0.138,0,22,"GAD2","inhibitory_neuron"
"GAD1.19",0,2.34116728563575,0.912,0.146,0,22,"GAD1","inhibitory_neuron"
"MEIS2.21",0,3.33979414708237,0.966,0.162,0,22,"MEIS2","Thalamus/MDm"
"VCAN.23",0,7.20408180969789,0.884,0.05,0,26,"VCAN","oligodendrocyte_precursor"
"PDGFRA.11",0,8.34243690707633,0.564,0.008,0,26,"PDGFRA","oligodendrocyte_precursor"
"C3.19",0,7.85985047414866,0.435,0.012,0,27,"C3","microglia"
"GAD1.26",0,2.49782069549636,0.927,0.156,0,29,"GAD1","inhibitory_neuron"
"GAD2.28",0,2.67097262730764,0.909,0.148,0,29,"GAD2","inhibitory_neuron"
"MEIS2.27",0,3.07965794676218,0.978,0.172,0,29,"MEIS2","Thalamus/MDm"
"MOBP.31",0,3.54253107504653,0.959,0.117,0,31,"MOBP","oligodendrocyte"
"CLDN5.16",0,7.68913474727997,0.639,0.015,0,35,"CLDN5","Endo/CP"
"FLT1.12",0,9.14847806505937,0.557,0.013,0,35,"FLT1","Endo/CP"
"GAD1.21",0,3.04696600305472,0.975,0.15,0,24,"GAD1","inhibitory_neuron"
"GAD2.23",0,2.67575342809693,0.928,0.143,0,24,"GAD2","inhibitory_neuron"
"MEIS2.23",0,2.66053735308644,0.974,0.167,0,24,"MEIS2","Thalamus/MDm"
"GAD1.22",0,2.81312676420171,0.738,0.155,0,25,"GAD1","inhibitory_neuron"
"GAD2.24",0,2.76291508530939,0.687,0.148,0,25,"GAD2","inhibitory_neuron"
"MEIS2.24",0,2.60228790530657,0.828,0.171,0,25,"MEIS2","Thalamus/MDm"
"SYT1.27",2.52461610359169e-115,1.3482825783471,0.997,0.865,9.24034740075595e-111,30,"SYT1","neuron"
"GAD1.27",2.53297754236811e-200,3.00355954429437,0.76,0.159,9.2709511028215e-196,30,"GAD1","inhibitory_neuron"
"GAD2.29",4.51501680208051e-184,2.80706868169049,0.729,0.151,1.65254129972949e-179,30,"GAD2","inhibitory_neuron"
"MEIS2.28",6.35598245442202e-166,2.43212301536752,0.771,0.176,2.326353138143e-161,30,"MEIS2","Thalamus/MDm"
"AQP4.28",1.4772494817451e-48,3.90065656817614,0.433,0.066,5.40688082813523e-44,37,"AQP4","astrocyte"
"GAD2.31",4.26082592530292e-284,2.85634743227253,0.975,0.151,1.55950489692012e-279,32,"GAD2","inhibitory_neuron"
"GAD1.29",1.40496669881829e-252,2.65219163737298,0.953,0.159,5.14231861434481e-248,32,"GAD1","inhibitory_neuron"
"MEIS2.29",5.27907654642985e-243,2.76897338279239,0.966,0.175,1.93219480675879e-238,32,"MEIS2","Thalamus/MDm"
"GAD2.33",1.27038888033787e-235,3.21709420562513,0.931,0.152,4.64975034092463e-231,34,"GAD2","inhibitory_neuron"
"GAD1.31",2.46615390134505e-202,2.67820604821348,0.926,0.159,9.026369894313e-198,34,"GAD1","inhibitory_neuron"
"MEIS2.31",1.26502725662082e-151,2.26559395857033,0.886,0.176,4.63012626195786e-147,34,"MEIS2","Thalamus/MDm"
"MOBP.37",5.41296943153056e-89,2.0443373496977,0.954,0.12,1.9812009416345e-84,39,"MOBP","oligodendrocyte"
