"","seurat_clusters","S03_Hb_gex","S04_Hb_gex","S05_Hb_gex","S06_Hb_gex","S07_Hb_gex","S08_Hb_gex","S09_Hb_gex","S10_Hb_gex","S11_Hb_gex","S12_Hb_gex","total_clust","Perc.Cluster","cell.types"
"1","0",203,2665,295,429,468,543,156,1117,1262,585,7723,9.17,"***LHB neuron specific(1)"
"2","2",258,1,6,13,1669,514,19,643,741,1136,5000,5.94,"***Hb neuron specific(1)"
"3","5",68,8,3,175,397,672,18,1145,987,465,3938,4.68,"Hb neuron specific (1) LHB neuron specific (1)"
"4","7",63,92,48,325,211,383,18,818,1428,228,3614,4.29,"***LHB neuron specific(2)"
"5","8",204,404,203,836,372,92,938,334,43,126,3552,4.22,"Hb neuron specific (1) Thalamus broad (1)"
"6","10",95,0,1,4,616,360,11,727,1332,393,3539,4.2,"***Hb neuron specific(1)"
"7","13",11,7,2,9,146,91,3,1423,981,122,2795,3.32,"Hb neuron specific (1) LHB neuron specific (1)"
"8","14",34,0,0,7,430,187,2,553,1123,173,2509,2.98,"***MHB neuron specific(1)"
"9","29",0,3,0,0,0,0,0,174,5,0,182,0.22,"inhibitory_neuron (2) Thalamus/MDm (1)"
"10","Total.Cells.Sample",936,3180,558,1798,4309,2842,1165,6934,7902,3228,32852,39.03,NA
"11","Total.Cells.ALL",6275,7770,3775,8852,10003,6161,8831,12303,14591,5616,84177,100,NA
"12","Percentage.Sample",14.92,40.93,14.78,20.31,43.08,46.13,13.19,56.36,54.16,57.48,39.03,NA,NA
