,Sample_id,translated_gex_bc,valid_bc_gex_arc,valid_bc_gex_arc_perc,not_valid_bc_gex_arc,not_valid_bc_gex_arc_perc,translated_atac_bc,valid_bc_atac_arc,valid_bc_atac_arc_perc,not_valid_bc_atac_arc,not_valid_bc_atac_arc_perc,ARC_total_cells,ARC_GEX_matching_cells,ARC_GEX_matching_perc,ARC_ATAC_matching_cells,ARC_ATAC_matching_perc
1,4C_Hb_KDM-4A_Hb_KDM,7770,7345,94.53,425,5.47,8171,7345,89.89,826,10.11,4513,3756,83.23,3756,83.23
2,5C_Hb_KDM-5A_Hb_KDM,3775,2179,57.72,1596,42.28,4613,2179,47.24,2434,52.76,1720,736,42.79,736,42.79
3,6C_Hb_KDM-6A_Hb_KDM,8852,8084,91.32,768,8.68,10616,8084,76.15,2532,23.85,4335,2399,55.34,2399,55.34
4,1C-Hb-KDM-Hb-1A_Hb_KDM,9448,7923,83.86,1525,16.14,11285,7923,70.21,3362,29.79,8178,4937,60.37,4937,60.37
5,10C_Hb_KDM-10A_Hb_KDM,12303,6319,51.36,5984,48.64,6673,6319,94.7,354,5.3,4667,2694,57.72,2694,57.72
6,11C_Hb_KDM-11A_Hb_KDM,14591,8839,60.58,5752,39.42,12306,8839,71.83,3467,28.17,1354,579,42.76,579,42.76
7,12C_Hb_KDM-12A_Hb_KDM,5616,4876,86.82,740,13.18,6576,4876,74.15,1700,25.85,746,363,48.66,363,48.66
8,2C-Hb-KDM-Hb-2A_Hb_KDM,12675,4508,35.57,8167,64.43,6325,4508,71.27,1817,28.73,9816,1670,17.01,1670,17.01
9,3C_Hb_KDM-3A_Hb_KDM,6275,5050,80.48,1225,19.52,6831,5050,73.93,1781,26.07,41,16,39.02,16,39.02
10,7C_Hb_KDM-7A_Hb_KDM,10003,7802,78,2201,22,9555,7802,81.65,1753,18.35,3526,2050,58.14,2050,58.14
11,8C_Hb_KDM-8A_Hb_KDM,6161,5317,86.3,844,13.7,5470,5317,97.2,153,2.8,1250,1045,83.6,1045,83.6
12,9C_Hb_KDM-9A_Hb_KDM,8831,7139,80.84,1692,19.16,8110,7139,88.03,971,11.97,4249,2950,69.43,2950,69.43
