"","gene","p_val_adj","cluster","cell-type"
"1","MBP",0,1,"oligodendrocyte"
"2","PDGFRA",0,4,"oligodendrocyte_precursor"
"3","VCAN",0,4,"oligodendrocyte_precursor"
"4","MMRN1",0,7,"LHB neuron specific"
"5","C3",0,7,"microglia"
"6","CSF1R",0,7,"microglia"
"7","GFAP",0,8,"astrocyte"
"8","GFAP",3.18536693943103e-57,9,"astrocyte"
"9","HTR2C",0,10,"LHB neuron specific"
"10","HTR2C",0,10,"LHb_putative"
"11","EPHA5",0,10,"LHb_putative"
"12","SYT1",0,11,"neuron"
"13","RAMP3",0,12,"mediodorsal thalamus"
"14","MOBP",1.25278433799005e-119,13,"oligodendrocyte"
"15","GPR151",0,15,"Hb neuron specific"
"16","POU4F1",0,15,"Hb neuron specific"
"17","HTR2C",0,15,"LHB neuron specific"
"18","AC109466.1",0,15,"MHb_putative"
"19","AC008415.1",0,15,"MHb_putative"
"20","GPR149",0,15,"MHb_putative"
"21","GNG8",0,15,"MHb_putative"
"22","LINC01876",0,15,"LHb_putative"
"23","TLL1",0,15,"LHb_putative"
"24","HTR2C",0,15,"LHb_putative"
"25","CD24",0,16,"MHb_putative"
"26","FLT1",0,17,"Endo/CP"
"27","CLDN5",0,17,"Endo/CP"
"28","AC004594.1",0,19,"MHb_putative"
"29","LINC01876",0,19,"LHb_putative"
