"Feature.ID","Feature.Name","Cluster.Adjusted.p.value","cell-type","cluster"
"ENSG00000171885","AQP4",9.74148622991551e-246,"astrocyte",2
"ENSG00000131095","GFAP",6.85828510133073e-156,"astrocyte",2
"ENSG00000067715","SYT1",8.18459420311228e-127,"neuron",4
"ENSG00000168314","MOBP",3.39427001759884e-154,"oligodendrocyte",6
"ENSG00000067715","SYT1",1.82052566032055e-105,"neuron",7
"ENSG00000131095","GFAP",4.09354168426927e-16,"astrocyte",10
"ENSG00000134853","PDGFRA",1.03386194319145e-125,"oligodendrocyte_precursor",11
"ENSG00000038427","VCAN",1.01134430863355e-102,"oligodendrocyte_precursor",11
"ENSG00000038427","VCAN",4.32566184661917e-120,"oligodendrocyte_precursor",12
"ENSG00000134853","PDGFRA",5.39527885855092e-87,"oligodendrocyte_precursor",12
"ENSG00000147246","HTR2C",1.16396011349339e-212,"LHB neuron specific",13
"ENSG00000241956","AC109466.1",3.87425319227746e-315,"MHb_putative",13
"ENSG00000253693","AC008415.1",9.87829901413754e-248,"MHb_putative",13
"ENSG00000174948","GPR149",5.99880225067084e-184,"MHb_putative",13
"ENSG00000145242","EPHA5",1.02453952231305e-239,"LHb_putative",13
"ENSG00000147246","HTR2C",1.16396011349339e-212,"LHb_putative",13
"ENSG00000226383","LINC01876",6.21875156940412e-185,"LHb_putative",13
"ENSG00000168314","MOBP",2.71420006559532e-120,"oligodendrocyte",14
"ENSG00000131095","GFAP",1.63758721216816e-10,"astrocyte",15
"ENSG00000182578","CSF1R",5.23297307071301e-38,"microglia",17
"ENSG00000125730","C3",1.07526912742505e-30,"microglia",17
"ENSG00000184113","CLDN5",6.7235403286569e-118,"Endo/CP",18
"ENSG00000102755","FLT1",5.13518579173573e-99,"Endo/CP",18
