gene,cell_type,marker_category
AC007368.1,Excit.Thal,Data-driven
GLRA2,Excit.Thal,Data-driven
MLIP,Excit.Thal,Data-driven
SULF1,Excit.Thal,Data-driven
CAMK2A,Excit.Thal,Data-driven
C8orf34,Excit.Thal,Data-driven
AP000943.2,Excit.Thal,Data-driven
CHRM3,Excit.Thal,Data-driven
RAB3B,Excit.Thal,Data-driven
AC107398.3,Excit.Thal,Data-driven
RPH3A,Excit.Thal,Data-driven
GRIN2D,Excit.Thal,Data-driven
C3orf67-AS1,Excit.Thal,Data-driven
FGF13,Excit.Thal,Data-driven
VWC2L,Excit.Thal,Data-driven
GABRG3,Excit.Thal,Data-driven
FSTL4,Excit.Thal,Data-driven
GLRA3,Excit.Thal,Data-driven
CDH9,Excit.Thal,Data-driven
ADGRL2,Excit.Thal,Data-driven
SCN7A,Excit.Thal,Data-driven
SGPP2,Excit.Thal,Data-driven
PDE10A,Excit.Thal,Data-driven
PARM1,Excit.Thal,Data-driven
C11orf80,Excit.Thal,Data-driven
GABRA4,Excit.Thal,Data-driven
GALNT17,Excit.Thal,Data-driven
LINC00937,Excit.Thal,Data-driven
TMEM132B,Excit.Thal,Data-driven
AP004608.1,Excit.Thal,Data-driven
RBFOX1,Excit.Thal,Data-driven
IQCJ-SCHIP1,Excit.Thal,Data-driven
KCNK2,Excit.Thal,Data-driven
LINC01284,Excit.Thal,Data-driven
RAB37,Excit.Thal,Data-driven
AL590705.1,Excit.Thal,Data-driven
NTNG1,Excit.Thal,Data-driven
SCPEP1,Excit.Thal,Data-driven
MIR137HG,Excit.Thal,Data-driven
HOOK1,Excit.Thal,Data-driven
LINC01515,Excit.Thal,Data-driven
ARHGEF28,Excit.Thal,Data-driven
ATAD2,Excit.Thal,Data-driven
ZNF804B,Excit.Thal,Data-driven
AC068587.4,Excit.Thal,Data-driven
FAM189A1,Excit.Thal,Data-driven
TCERG1L,Excit.Thal,Data-driven
LINC02755,Excit.Thal,Data-driven
HECW1,Excit.Thal,Data-driven
CFAP46,Excit.Thal,Data-driven
LINC01210,Inhib.Thal,Data-driven
LINC02253,Inhib.Thal,Data-driven
CASR,Inhib.Thal,Data-driven
GATA3,Inhib.Thal,Data-driven
GAD2,Inhib.Thal,Data-driven
KIT,Inhib.Thal,Data-driven
SHISA8,Inhib.Thal,Data-driven
OTX2,Inhib.Thal,Data-driven
DMBX1,Inhib.Thal,Data-driven
SYNDIG1L,Inhib.Thal,Data-driven
CPLX3,Inhib.Thal,Data-driven
HRH1,Inhib.Thal,Data-driven
MYO3B,Inhib.Thal,Data-driven
AL390957.1,Inhib.Thal,Data-driven
AC246817.2,Inhib.Thal,Data-driven
KCNIP2,Inhib.Thal,Data-driven
SMAD9,Inhib.Thal,Data-driven
AC016717.2,Inhib.Thal,Data-driven
GREM2,Inhib.Thal,Data-driven
AL359436.1,Inhib.Thal,Data-driven
RBM15-AS1,Inhib.Thal,Data-driven
AL359546.1,Inhib.Thal,Data-driven
RASD2,Inhib.Thal,Data-driven
OTX2-AS1,Inhib.Thal,Data-driven
HPCA,Inhib.Thal,Data-driven
AP003049.2,Inhib.Thal,Data-driven
MEIS2,Inhib.Thal,Data-driven
ADAMTS19,Inhib.Thal,Data-driven
NELL1,Inhib.Thal,Data-driven
TSPAN12,Inhib.Thal,Data-driven
ARHGEF33,Inhib.Thal,Data-driven
SLCO5A1,Inhib.Thal,Data-driven
AC245187.2,Inhib.Thal,Data-driven
AC007405.1,Inhib.Thal,Data-driven
PPP1R14C,Inhib.Thal,Data-driven
AC092640.1,Inhib.Thal,Data-driven
FRMPD1,Inhib.Thal,Data-driven
AC022523.1,Inhib.Thal,Data-driven
GAD1,Inhib.Thal,Data-driven
UNC13C,Inhib.Thal,Data-driven
LAMB1,Inhib.Thal,Data-driven
LYPD6,Inhib.Thal,Data-driven
CCSAP,Inhib.Thal,Data-driven
SPHKAP,Inhib.Thal,Data-driven
PTCHD4,Inhib.Thal,Data-driven
TSPAN18,Inhib.Thal,Data-driven
PPARG,Inhib.Thal,Data-driven
HTR2A,Inhib.Thal,Data-driven
SYNPR,Inhib.Thal,Data-driven
CPNE5,Inhib.Thal,Data-driven
HTR4,LHb,Data-driven
BVES,LHb,Data-driven
NRP1,LHb,Data-driven
HTR2C,LHb,Data-driven
CDH4,LHb,Data-driven
COL25A1,LHb,Data-driven
CBLN2,LHb,Data-driven
CACNA1I,LHb,Data-driven
WSCD2,LHb,Data-driven
SOX1-OT,LHb,Data-driven
AC092969.1,LHb,Data-driven
MDGA1,LHb,Data-driven
GALR1,LHb,Data-driven
TRAM2,LHb,Data-driven
ADCYAP1,LHb,Data-driven
TEX2,LHb,Data-driven
AL078604.4,LHb,Data-driven
AL391807.1,LHb,Data-driven
TLL1,LHb,Data-driven
NTNG2,LHb,Data-driven
EPHA5-AS1,LHb,Data-driven
PCDH11X,LHb,Data-driven
LINC01876,LHb,Data-driven
KAZN-AS1,LHb,Data-driven
RFTN1,LHb,Data-driven
LGI2,LHb,Data-driven
OVCH1,LHb,Data-driven
ZNF235,LHb,Data-driven
ZNF208,LHb,Data-driven
LINC01572,LHb,Data-driven
STS,LHb,Data-driven
SLC12A8,LHb,Data-driven
LINC00886,LHb,Data-driven
AL357873.1,LHb,Data-driven
CCDC85A,LHb,Data-driven
CLVS2,LHb,Data-driven
SLC7A14,LHb,Data-driven
ARHGAP28,LHb,Data-driven
TMEM196,LHb,Data-driven
FAM81A,LHb,Data-driven
AC007614.1,LHb,Data-driven
KIAA1217,LHb,Data-driven
PXDNL,LHb,Data-driven
CLEC2L,LHb,Data-driven
EPHA5,LHb,Data-driven
PRKCB,LHb,Data-driven
ADCY6,LHb,Data-driven
DCHS2,LHb,Data-driven
GLIS1,LHb,Data-driven
GREB1L,LHb,Data-driven
CHAT,MHb,Data-driven
LINC01307,MHb,Data-driven
NEUROD1,MHb,Data-driven
CHRNB4,MHb,Data-driven
LINC02143,MHb,Data-driven
AC114321.1,MHb,Data-driven
AC104170.1,MHb,Data-driven
AC079760.2,MHb,Data-driven
AC024610.2,MHb,Data-driven
AC022382.2,MHb,Data-driven
LINC02240,MHb,Data-driven
AC103843.1,MHb,Data-driven
GNG8,MHb,Data-driven
SLC5A7,MHb,Data-driven
GPR149,MHb,Data-driven
CERKL,MHb,Data-driven
ROBO3,MHb,Data-driven
LINC00616,MHb,Data-driven
AC008415.1,MHb,Data-driven
AC109466.1,MHb,Data-driven
KCNMA1-AS1,MHb,Data-driven
CHRNB3,MHb,Data-driven
CYP1B1-AS1,MHb,Data-driven
CPNE9,MHb,Data-driven
GPR139,MHb,Data-driven
ACOXL,MHb,Data-driven
CD24,MHb,Data-driven
CHRNA3,MHb,Data-driven
SCUBE1,MHb,Data-driven
RASGRP1,MHb,Data-driven
KIAA2012,MHb,Data-driven
CASZ1,MHb,Data-driven
PDE2A,MHb,Data-driven
LINC02505,MHb,Data-driven
GIPR,MHb,Data-driven
AC008667.1,MHb,Data-driven
MPP7,MHb,Data-driven
AC003991.1,MHb,Data-driven
VAV2,MHb,Data-driven
THSD7B,MHb,Data-driven
CACNG5,MHb,Data-driven
GSDME,MHb,Data-driven
AL512662.2,MHb,Data-driven
AC004594.1,MHb,Data-driven
GDPD5,MHb,Data-driven
AL137139.2,MHb,Data-driven
PLCH2,MHb,Data-driven
CNGB1,MHb,Data-driven
GPR39,MHb,Data-driven
AC015845.2,MHb,Data-driven
POU2F2,Hb,Literature-based
POU4F1,Hb,Literature-based
GPR151,Hb,Literature-based
CALB2,Hb,Literature-based
TAC1,MHb,Literature-based
CHAT,MHb,Literature-based
CHRNB4,MHb,Literature-based
HTR2C,LHb,Literature-based
MMRN1,LHb,Literature-based
NECAB1,Thalamus,Literature-based
GBX2,Thalamus,Literature-based
TNNT1,Thalamus,Literature-based
MEIS2,Thalamus,Literature-based
