"DE_group","Description","Count","p.adjust","qvalue","GeneRatio","BgRatio","geneID"
"Astrocyte","receptor metabolic process",2,0.175319029132283,0.137265877528538,"2/13","64/11658","LGMN/OPTN"
"Astrocyte","peptidyl-arginine methylation",1,0.175319029132283,0.137265877528538,"1/13","10/11658","PRMT6"
"Astrocyte","methionine biosynthetic process",1,0.175319029132283,0.137265877528538,"1/13","11/11658","ADI1"
"Astrocyte","peptidyl-arginine modification",1,0.175319029132283,0.137265877528538,"1/13","11/11658","PRMT6"
"Astrocyte","Golgi ribbon formation",1,0.175319029132283,0.137265877528538,"1/13","11/11658","OPTN"
"Astrocyte","activation of cysteine-type endopeptidase activity",1,0.175319029132283,0.137265877528538,"1/13","11/11658","LGMN"
"Astrocyte","positive regulation of endothelial cell chemotaxis",1,0.175319029132283,0.137265877528538,"1/13","11/11658","LGMN"
"Astrocyte","regulation of monocyte chemotaxis",1,0.175319029132283,0.137265877528538,"1/13","12/11658","LGMN"
"Astrocyte","xenophagy",1,0.175319029132283,0.137265877528538,"1/13","12/11658","OPTN"
"Astrocyte","sulfur amino acid biosynthetic process",1,0.175319029132283,0.137265877528538,"1/13","13/11658","ADI1"
"Astrocyte","methionine metabolic process",1,0.175319029132283,0.137265877528538,"1/13","13/11658","ADI1"
"Astrocyte","cellular response to hepatocyte growth factor stimulus",1,0.175319029132283,0.137265877528538,"1/13","13/11658","LGMN"
"Astrocyte","type 2 mitophagy",1,0.175319029132283,0.137265877528538,"1/13","13/11658","OPTN"
"Astrocyte","regulation of endothelial cell chemotaxis",1,0.175319029132283,0.137265877528538,"1/13","13/11658","LGMN"
"Astrocyte","synapse organization",3,0.175319029132283,0.137265877528538,"3/13","478/11658","LGMN/GABRA4/SDK2"
"Astrocyte","antigen processing and presentation of exogenous peptide antigen via MHC class II",1,0.175319029132283,0.137265877528538,"1/13","15/11658","LGMN"
"Astrocyte","response to hepatocyte growth factor",1,0.175319029132283,0.137265877528538,"1/13","15/11658","LGMN"
"Astrocyte","response to acidic pH",1,0.175319029132283,0.137265877528538,"1/13","17/11658","LGMN"
"Astrocyte","antigen processing and presentation of peptide antigen via MHC class II",1,0.175319029132283,0.137265877528538,"1/13","18/11658","LGMN"
"Astrocyte","endothelial cell chemotaxis",1,0.175319029132283,0.137265877528538,"1/13","18/11658","LGMN"
"Astrocyte","multicellular organismal-level iron ion homeostasis",1,0.175319029132283,0.137265877528538,"1/13","18/11658","FBXL5"
"Astrocyte","monocyte chemotaxis",1,0.175319029132283,0.137265877528538,"1/13","19/11658","LGMN"
"Astrocyte","aspartate family amino acid biosynthetic process",1,0.175319029132283,0.137265877528538,"1/13","19/11658","ADI1"
"Astrocyte","regulation of megakaryocyte differentiation",1,0.175319029132283,0.137265877528538,"1/13","19/11658","PRMT6"
"Astrocyte","camera-type eye photoreceptor cell differentiation",1,0.175319029132283,0.137265877528538,"1/13","19/11658","SDK2"
"Astrocyte","antigen processing and presentation of peptide or polysaccharide antigen via MHC class II",1,0.175319029132283,0.137265877528538,"1/13","20/11658","LGMN"
"Astrocyte","retina layer formation",1,0.175319029132283,0.137265877528538,"1/13","20/11658","SDK2"
"Astrocyte","positive regulation of long-term synaptic potentiation",1,0.175319029132283,0.137265877528538,"1/13","20/11658","LGMN"
"Astrocyte","defense response to Gram-negative bacterium",1,0.175319029132283,0.137265877528538,"1/13","21/11658","OPTN"
"Astrocyte","fat-soluble vitamin metabolic process",1,0.175319029132283,0.137265877528538,"1/13","22/11658","LGMN"
"Astrocyte","sulfur amino acid metabolic process",1,0.175319029132283,0.137265877528538,"1/13","23/11658","ADI1"
"Astrocyte","regulation of receptor recycling",1,0.175319029132283,0.137265877528538,"1/13","23/11658","OPTN"
"Astrocyte","antigen processing and presentation of exogenous peptide antigen",1,0.175319029132283,0.137265877528538,"1/13","23/11658","LGMN"
"Astrocyte","receptor catabolic process",1,0.175319029132283,0.137265877528538,"1/13","23/11658","LGMN"
"Astrocyte","synapse assembly",2,0.175319029132283,0.137265877528538,"2/13","230/11658","GABRA4/SDK2"
"Astrocyte","gamma-aminobutyric acid signaling pathway",1,0.175319029132283,0.137265877528538,"1/13","25/11658","GABRA4"
"Astrocyte","cellular response to amyloid-beta",1,0.175319029132283,0.137265877528538,"1/13","25/11658","LGMN"
"Astrocyte","response to pH",1,0.175319029132283,0.137265877528538,"1/13","26/11658","LGMN"
"Astrocyte","antigen processing and presentation of exogenous antigen",1,0.175319029132283,0.137265877528538,"1/13","26/11658","LGMN"
"Astrocyte","protein localization to Golgi apparatus",1,0.175319029132283,0.137265877528538,"1/13","27/11658","OPTN"
"Astrocyte","cellular metabolic compound salvage",1,0.175319029132283,0.137265877528538,"1/13","28/11658","ADI1"
"Astrocyte","inhibitory synapse assembly",1,0.175319029132283,0.137265877528538,"1/13","28/11658","GABRA4"
"Astrocyte","negative regulation of ERBB signaling pathway",1,0.175319029132283,0.137265877528538,"1/13","29/11658","LGMN"
"Astrocyte","response to amyloid-beta",1,0.175319029132283,0.137265877528538,"1/13","29/11658","LGMN"
"Astrocyte","zymogen activation",1,0.183057359332764,0.143324596258798,"1/13","31/11658","LGMN"
"Astrocyte","eye photoreceptor cell differentiation",1,0.184759737844228,0.144657471996351,"1/13","32/11658","SDK2"
"Astrocyte","aspartate family amino acid metabolic process",1,0.190399665758016,0.149073248527372,"1/13","36/11658","ADI1"
"Astrocyte","antigen processing and presentation of peptide antigen",1,0.190399665758016,0.149073248527372,"1/13","36/11658","LGMN"
"Astrocyte","Golgi to plasma membrane protein transport",1,0.190399665758016,0.149073248527372,"1/13","38/11658","OPTN"
"Astrocyte","regulation of long-term synaptic potentiation",1,0.190399665758016,0.149073248527372,"1/13","38/11658","LGMN"
"Astrocyte","protein methylation",1,0.190399665758016,0.149073248527372,"1/13","39/11658","PRMT6"
"Astrocyte","protein alkylation",1,0.190399665758016,0.149073248527372,"1/13","39/11658","PRMT6"
"Astrocyte","megakaryocyte differentiation",1,0.190399665758016,0.149073248527372,"1/13","40/11658","PRMT6"
"Astrocyte","base-excision repair",1,0.190399665758016,0.149073248527372,"1/13","41/11658","PRMT6"
"Astrocyte","SCF-dependent proteasomal ubiquitin-dependent protein catabolic process",1,0.190399665758016,0.149073248527372,"1/13","41/11658","FBXL5"
"Astrocyte","receptor recycling",1,0.190399665758016,0.149073248527372,"1/13","43/11658","OPTN"
"Astrocyte","regulation of multicellular organism growth",1,0.190399665758016,0.149073248527372,"1/13","43/11658","LGMN"
"Astrocyte","negative regulation of canonical NF-kappaB signal transduction",1,0.190399665758016,0.149073248527372,"1/13","44/11658","OPTN"
"Astrocyte","photoreceptor cell differentiation",1,0.190399665758016,0.149073248527372,"1/13","44/11658","SDK2"
"Astrocyte","retina morphogenesis in camera-type eye",1,0.190399665758016,0.149073248527372,"1/13","44/11658","SDK2"
"Astrocyte","negative regulation of ubiquitin-dependent protein catabolic process",1,0.190399665758016,0.149073248527372,"1/13","44/11658","PRMT6"
"Astrocyte","multicellular organismal-level chemical homeostasis",1,0.1905726013282,0.149208648277843,"1/13","45/11658","FBXL5"
"Astrocyte","proteinogenic amino acid biosynthetic process",1,0.1905726013282,0.149208648277843,"1/13","46/11658","ADI1"
"Astrocyte","positive regulation of leukocyte chemotaxis",1,0.1905726013282,0.149208648277843,"1/13","47/11658","LGMN"
"Astrocyte","L-amino acid biosynthetic process",1,0.1905726013282,0.149208648277843,"1/13","47/11658","ADI1"
"Astrocyte","positive regulation of mononuclear cell migration",1,0.19935855821339,0.156087605386734,"1/13","50/11658","LGMN"
"Astrocyte","alpha-amino acid biosynthetic process",1,0.200208198982638,0.156752830869399,"1/13","51/11658","ADI1"
"Astrocyte","intracellular iron ion homeostasis",1,0.204644393388295,0.160226145323589,"1/13","55/11658","FBXL5"
"Astrocyte","synaptic transmission, GABAergic",1,0.204644393388295,0.160226145323589,"1/13","55/11658","GABRA4"
"Astrocyte","regulation of ERBB signaling pathway",1,0.204644393388295,0.160226145323589,"1/13","55/11658","LGMN"
"Astrocyte","positive regulation of response to external stimulus",2,0.204644393388295,0.160226145323589,"2/13","366/11658","LGMN/OPTN"
"Astrocyte","neural retina development",1,0.204644393388295,0.160226145323589,"1/13","57/11658","SDK2"
"Astrocyte","negative regulation of proteolysis involved in protein catabolic process",1,0.204644393388295,0.160226145323589,"1/13","57/11658","PRMT6"
"Astrocyte","amino acid biosynthetic process",1,0.204644393388295,0.160226145323589,"1/13","58/11658","ADI1"
"Astrocyte","Golgi to plasma membrane transport",1,0.204644393388295,0.160226145323589,"1/13","59/11658","OPTN"
"Astrocyte","antigen processing and presentation",1,0.204644393388295,0.160226145323589,"1/13","61/11658","LGMN"
"Astrocyte","regulatory ncRNA-mediated post-transcriptional gene silencing",1,0.204644393388295,0.160226145323589,"1/13","61/11658","HELZ"
"Astrocyte","establishment of protein localization to plasma membrane",1,0.204644393388295,0.160226145323589,"1/13","61/11658","OPTN"
"Astrocyte","regulation of leukocyte chemotaxis",1,0.205859598013994,0.161177588701692,"1/13","63/11658","LGMN"
"Astrocyte","cellular response to calcium ion",1,0.205859598013994,0.161177588701692,"1/13","63/11658","LGMN"
"Astrocyte","post-transcriptional gene silencing",1,0.210914432722434,0.165135267029309,"1/13","66/11658","HELZ"
"Astrocyte","cell junction assembly",2,0.210914432722434,0.165135267029309,"2/13","402/11658","GABRA4/SDK2"
"Astrocyte","dendritic spine organization",1,0.210914432722434,0.165135267029309,"1/13","72/11658","LGMN"
"Astrocyte","chloride transmembrane transport",1,0.210914432722434,0.165135267029309,"1/13","72/11658","GABRA4"
"Astrocyte","regulation of proteolysis",2,0.210914432722434,0.165135267029309,"2/13","421/11658","LGMN/PRMT6"
"Astrocyte","renal system process",1,0.210914432722434,0.165135267029309,"1/13","73/11658","LGMN"
"Astrocyte","positive regulation of cysteine-type endopeptidase activity",1,0.210914432722434,0.165135267029309,"1/13","74/11658","LGMN"
"Astrocyte","negative regulation of developmental growth",1,0.210914432722434,0.165135267029309,"1/13","75/11658","LGMN"
"Astrocyte","cellular senescence",1,0.210914432722434,0.165135267029309,"1/13","75/11658","PRMT6"
"Astrocyte","associative learning",1,0.210914432722434,0.165135267029309,"1/13","76/11658","LGMN"
"Astrocyte","positive regulation of leukocyte migration",1,0.210914432722434,0.165135267029309,"1/13","77/11658","LGMN"
"Astrocyte","vitamin metabolic process",1,0.210914432722434,0.165135267029309,"1/13","77/11658","LGMN"
"Astrocyte","positive regulation of chemotaxis",1,0.210914432722434,0.165135267029309,"1/13","77/11658","LGMN"
"Astrocyte","positive regulation of catabolic process",2,0.210914432722434,0.165135267029309,"2/13","438/11658","OPTN/FBXL5"
"Astrocyte","positive regulation of endothelial cell migration",1,0.210914432722434,0.165135267029309,"1/13","79/11658","LGMN"
"Astrocyte","long-term synaptic potentiation",1,0.210914432722434,0.165135267029309,"1/13","79/11658","LGMN"
"Astrocyte","regulation of mononuclear cell migration",1,0.210914432722434,0.165135267029309,"1/13","80/11658","LGMN"
"Astrocyte","positive regulation of macroautophagy",1,0.210914432722434,0.165135267029309,"1/13","81/11658","OPTN"
"Astrocyte","neuron projection organization",1,0.210914432722434,0.165135267029309,"1/13","81/11658","LGMN"
"Astrocyte","chloride transport",1,0.210914432722434,0.165135267029309,"1/13","82/11658","GABRA4"
"Astrocyte","mitophagy",1,0.210914432722434,0.165135267029309,"1/13","84/11658","OPTN"
"Astrocyte","single fertilization",1,0.210914432722434,0.165135267029309,"1/13","84/11658","UBXN8"
"Astrocyte","inorganic anion transmembrane transport",1,0.210914432722434,0.165135267029309,"1/13","84/11658","GABRA4"
"Astrocyte","regulation of signal transduction by p53 class mediator",1,0.211265403341473,0.165410059162528,"1/13","85/11658","PRMT6"
"Astrocyte","positive regulation of endopeptidase activity",1,0.211607245529004,0.165677704198437,"1/13","86/11658","LGMN"
"Astrocyte","cellular response to unfolded protein",1,0.21194021993746,0.165938406214627,"1/13","87/11658","OPTN"
"Astrocyte","defense response to bacterium",1,0.212264577473283,0.166192361658072,"1/13","88/11658","OPTN"
"Astrocyte","positive regulation of peptidase activity",1,0.217397614631727,0.170211268524188,"1/13","92/11658","LGMN"
"Astrocyte","camera-type eye morphogenesis",1,0.217397614631727,0.170211268524188,"1/13","92/11658","SDK2"
"Astrocyte","positive regulation of mitotic cell cycle",1,0.218802116919768,0.171310922338226,"1/13","95/11658","LGMN"
"Astrocyte","proteasomal protein catabolic process",2,0.218802116919768,0.171310922338226,"2/13","497/11658","FBXL5/UBXN8"
"Astrocyte","regulation of mitochondrion organization",1,0.218802116919768,0.171310922338226,"1/13","98/11658","PRMT6"
"Astrocyte","post-Golgi vesicle-mediated transport",1,0.218802116919768,0.171310922338226,"1/13","99/11658","OPTN"
"Astrocyte","ERAD pathway",1,0.218802116919768,0.171310922338226,"1/13","100/11658","UBXN8"
"Astrocyte","cellular response to topologically incorrect protein",1,0.218802116919768,0.171310922338226,"1/13","101/11658","OPTN"
"Astrocyte","monoatomic anion transmembrane transport",1,0.218802116919768,0.171310922338226,"1/13","101/11658","GABRA4"
"Astrocyte","homophilic cell adhesion via plasma membrane adhesion molecules",1,0.218802116919768,0.171310922338226,"1/13","102/11658","SDK2"
"Astrocyte","autophagy of mitochondrion",1,0.218802116919768,0.171310922338226,"1/13","103/11658","OPTN"
"Astrocyte","leukocyte chemotaxis",1,0.218802116919768,0.171310922338226,"1/13","104/11658","LGMN"
"Astrocyte","inorganic anion transport",1,0.218802116919768,0.171310922338226,"1/13","105/11658","GABRA4"
"Astrocyte","response to calcium ion",1,0.218802116919768,0.171310922338226,"1/13","106/11658","LGMN"
"Astrocyte","memory",1,0.218802116919768,0.171310922338226,"1/13","107/11658","LGMN"
"Astrocyte","regulatory ncRNA-mediated gene silencing",1,0.218802116919768,0.171310922338226,"1/13","107/11658","HELZ"
"Astrocyte","ERBB signaling pathway",1,0.218802116919768,0.171310922338226,"1/13","107/11658","LGMN"
"Astrocyte","myeloid leukocyte migration",1,0.218802116919768,0.171310922338226,"1/13","107/11658","LGMN"
"Astrocyte","fertilization",1,0.218982863524175,0.171452437730977,"1/13","108/11658","UBXN8"
"Astrocyte","mononuclear cell migration",1,0.219658754364605,0.171981625861804,"1/13","111/11658","LGMN"
"Astrocyte","regulation of cysteine-type endopeptidase activity",1,0.219658754364605,0.171981625861804,"1/13","111/11658","LGMN"
"Astrocyte","macromolecule methylation",1,0.219658754364605,0.171981625861804,"1/13","112/11658","PRMT6"
"Astrocyte","eye morphogenesis",1,0.219658754364605,0.171981625861804,"1/13","112/11658","SDK2"
"Astrocyte","monoatomic anion transport",1,0.220542924392065,0.172673885996397,"1/13","115/11658","GABRA4"
"Astrocyte","multicellular organism growth",1,0.220542924392065,0.172673885996397,"1/13","116/11658","LGMN"
"Astrocyte","regulation of postsynaptic membrane potential",1,0.220542924392065,0.172673885996397,"1/13","117/11658","GABRA4"
"Astrocyte","regulation of leukocyte migration",1,0.220542924392065,0.172673885996397,"1/13","118/11658","LGMN"
"Astrocyte","regulation of endothelial cell migration",1,0.220542924392065,0.172673885996397,"1/13","118/11658","LGMN"
"Astrocyte","regulation of chemotaxis",1,0.220542924392065,0.172673885996397,"1/13","118/11658","LGMN"
"Astrocyte","negative regulation of neuron apoptotic process",1,0.220806131971764,0.172879964136223,"1/13","120/11658","LGMN"
"Astrocyte","retina development in camera-type eye",1,0.220806131971764,0.172879964136223,"1/13","120/11658","SDK2"
"Astrocyte","response to unfolded protein",1,0.224356104649617,0.175659412078865,"1/13","123/11658","OPTN"
"Astrocyte","proteinogenic amino acid metabolic process",1,0.226145923248969,0.177060748955261,"1/13","125/11658","ADI1"
"Astrocyte","positive regulation of synaptic transmission",1,0.229581374210441,0.179750532222181,"1/13","128/11658","LGMN"
"Astrocyte","regulation of myeloid cell differentiation",1,0.231291820277117,0.181089724444894,"1/13","130/11658","PRMT6"
"Astrocyte","L-amino acid metabolic process",1,0.231430634554903,0.181198408959907,"1/13","132/11658","ADI1"
"Astrocyte","learning",1,0.231430634554903,0.181198408959907,"1/13","133/11658","LGMN"
"Astrocyte","cellular response to metal ion",1,0.231430634554903,0.181198408959907,"1/13","134/11658","LGMN"
"Astrocyte","Golgi organization",1,0.231430634554903,0.181198408959907,"1/13","135/11658","OPTN"
"Astrocyte","positive regulation of autophagy",1,0.231430634554903,0.181198408959907,"1/13","135/11658","OPTN"
"Astrocyte","vesicle-mediated transport to the plasma membrane",1,0.231452307340583,0.181215377648129,"1/13","136/11658","OPTN"
"Astrocyte","response to topologically incorrect protein",1,0.233043523599192,0.182461218998933,"1/13","138/11658","OPTN"
"Astrocyte","signal transduction by p53 class mediator",1,0.234607019481465,0.183685356705801,"1/13","140/11658","PRMT6"
"Astrocyte","regulation of ubiquitin-dependent protein catabolic process",1,0.236122233945007,0.184871692518927,"1/13","142/11658","PRMT6"
"Astrocyte","cell chemotaxis",1,0.236122233945007,0.184871692518927,"1/13","143/11658","LGMN"
"Astrocyte","regulation of endopeptidase activity",1,0.238994134717295,0.187120244667739,"1/13","146/11658","LGMN"
"Astrocyte","endothelial cell migration",1,0.238994134717295,0.187120244667739,"1/13","147/11658","LGMN"
"Astrocyte","alpha-amino acid metabolic process",1,0.238994134717295,0.187120244667739,"1/13","148/11658","ADI1"
"Astrocyte","sulfur compound biosynthetic process",1,0.238994134717295,0.187120244667739,"1/13","149/11658","ADI1"
"Astrocyte","negative regulation of proteolysis",1,0.250672402869476,0.19626373430407,"1/13","158/11658","PRMT6"
"Astrocyte","cell-cell adhesion via plasma-membrane adhesion molecules",1,0.251984055848919,0.197290691834734,"1/13","160/11658","SDK2"
"Astrocyte","protein processing",1,0.254707927946708,0.199423345064843,"1/13","163/11658","LGMN"
"Oligo","regulation of non-canonical NF-kappaB signal transduction",2,0.14160454110789,0.0992070852655487,"2/10","53/11584","SASH1/RASSF2"
"Oligo","non-canonical NF-kappaB signal transduction",2,0.14160454110789,0.0992070852655487,"2/10","70/11584","SASH1/RASSF2"
"Oligo","positive regulation of protein kinase activity",2,0.14160454110789,0.0992070852655487,"2/10","158/11584","SASH1/RASSF2"
"Oligo","mitochondrial electron transport, ubiquinol to cytochrome c",1,0.14160454110789,0.0992070852655487,"1/10","10/11584","UQCRQ"
"Oligo","pyramidal neuron development",1,0.14160454110789,0.0992070852655487,"1/10","10/11584","UQCRQ"
"Oligo","positive regulation of kinase activity",2,0.14160454110789,0.0992070852655487,"2/10","170/11584","SASH1/RASSF2"
"Oligo","serine family amino acid biosynthetic process",1,0.14160454110789,0.0992070852655487,"1/10","11/11584","PHGDH"
"Oligo","thalamus development",1,0.14160454110789,0.0992070852655487,"1/10","11/11584","UQCRQ"
"Oligo","regulation of protein K63-linked ubiquitination",1,0.14160454110789,0.0992070852655487,"1/10","12/11584","SASH1"
"Oligo","regulation of cell maturation",1,0.14160454110789,0.0992070852655487,"1/10","12/11584","SHB"
"Oligo","regulation of leukocyte differentiation",2,0.14160454110789,0.0992070852655487,"2/10","188/11584","SHB/RASSF2"
"Oligo","pyramidal neuron differentiation",1,0.14160454110789,0.0992070852655487,"1/10","14/11584","UQCRQ"
"Oligo","positive regulation of transferase activity",2,0.14160454110789,0.0992070852655487,"2/10","203/11584","SASH1/RASSF2"
"Oligo","positive regulation of T-helper cell differentiation",1,0.14160454110789,0.0992070852655487,"1/10","15/11584","SHB"
"Oligo","G1 to G0 transition",1,0.14160454110789,0.0992070852655487,"1/10","15/11584","PHGDH"
"Oligo","oocyte maturation",1,0.14160454110789,0.0992070852655487,"1/10","16/11584","SHB"
"Oligo","regulation of lipopolysaccharide-mediated signaling pathway",1,0.14160454110789,0.0992070852655487,"1/10","16/11584","SASH1"
"Oligo","negative regulation of non-canonical NF-kappaB signal transduction",1,0.14160454110789,0.0992070852655487,"1/10","16/11584","RASSF2"
"Oligo","hypothalamus development",1,0.14160454110789,0.0992070852655487,"1/10","17/11584","UQCRQ"
"Oligo","positive regulation of protein autophosphorylation",1,0.14160454110789,0.0992070852655487,"1/10","17/11584","RASSF2"
"Oligo","negative regulation of peptidyl-serine phosphorylation",1,0.14160454110789,0.0992070852655487,"1/10","17/11584","RASSF2"
"Oligo","3'-UTR-mediated mRNA stabilization",1,0.14160454110789,0.0992070852655487,"1/10","18/11584","LARP4B"
"Oligo","positive regulation of p38MAPK cascade",1,0.14160454110789,0.0992070852655487,"1/10","18/11584","SASH1"
"Oligo","positive regulation of CD4-positive, alpha-beta T cell differentiation",1,0.14160454110789,0.0992070852655487,"1/10","19/11584","SHB"
"Oligo","forebrain neuron development",1,0.14160454110789,0.0992070852655487,"1/10","20/11584","UQCRQ"
"Oligo","phosphatidylinositol dephosphorylation",1,0.14160454110789,0.0992070852655487,"1/10","20/11584","MTMR10"
"Oligo","long-chain fatty-acyl-CoA metabolic process",1,0.14160454110789,0.0992070852655487,"1/10","21/11584","FAR2"
"Oligo","regulation of protein polyubiquitination",1,0.14160454110789,0.0992070852655487,"1/10","21/11584","SASH1"
"Oligo","regulation of hemopoiesis",2,0.14160454110789,0.0992070852655487,"2/10","248/11584","SHB/RASSF2"
"Oligo","sulfur compound metabolic process",2,0.14160454110789,0.0992070852655487,"2/10","252/11584","PHGDH/FAR2"
"Oligo","glutamine metabolic process",1,0.14160454110789,0.0992070852655487,"1/10","23/11584","PHGDH"
"Oligo","serine family amino acid metabolic process",1,0.14160454110789,0.0992070852655487,"1/10","23/11584","PHGDH"
"Oligo","positive regulation of JUN kinase activity",1,0.14160454110789,0.0992070852655487,"1/10","23/11584","SASH1"
"Oligo","positive regulation of CD4-positive, alpha-beta T cell activation",1,0.14160454110789,0.0992070852655487,"1/10","23/11584","SHB"
"Oligo","energy derivation by oxidation of organic compounds",2,0.14160454110789,0.0992070852655487,"2/10","260/11584","GYG1/UQCRQ"
"Oligo","cerebellar Purkinje cell layer development",1,0.14160454110789,0.0992070852655487,"1/10","25/11584","UQCRQ"
"Oligo","hematopoietic stem cell proliferation",1,0.14160454110789,0.0992070852655487,"1/10","26/11584","SHB"
"Oligo","regulation of protein autophosphorylation",1,0.14160454110789,0.0992070852655487,"1/10","27/11584","RASSF2"
"Oligo","regulation of T-helper cell differentiation",1,0.14160454110789,0.0992070852655487,"1/10","27/11584","SHB"
"Oligo","positive regulation of MAPK cascade",2,0.14160454110789,0.0992070852655487,"2/10","282/11584","SASH1/RASSF2"
"Oligo","forebrain neuron differentiation",1,0.14160454110789,0.0992070852655487,"1/10","29/11584","UQCRQ"
"Oligo","regulation of p38MAPK cascade",1,0.14160454110789,0.0992070852655487,"1/10","29/11584","SASH1"
"Oligo","regulation of protein kinase activity",2,0.14160454110789,0.0992070852655487,"2/10","292/11584","SASH1/RASSF2"
"Oligo","positive regulation of protein phosphorylation",2,0.14160454110789,0.0992070852655487,"2/10","294/11584","SASH1/RASSF2"
"Oligo","positive regulation of alpha-beta T cell differentiation",1,0.14160454110789,0.0992070852655487,"1/10","31/11584","SHB"
"Oligo","lipopolysaccharide-mediated signaling pathway",1,0.14160454110789,0.0992070852655487,"1/10","32/11584","SASH1"
"Oligo","positive regulation of non-canonical NF-kappaB signal transduction",1,0.14160454110789,0.0992070852655487,"1/10","32/11584","SASH1"
"Oligo","glycogen biosynthetic process",1,0.14160454110789,0.0992070852655487,"1/10","33/11584","GYG1"
"Oligo","glucan biosynthetic process",1,0.14160454110789,0.0992070852655487,"1/10","33/11584","GYG1"
"Oligo","regulation of CD4-positive, alpha-beta T cell differentiation",1,0.14160454110789,0.0992070852655487,"1/10","33/11584","SHB"
"Oligo","regulation of JUN kinase activity",1,0.14160454110789,0.0992070852655487,"1/10","33/11584","SASH1"
"Oligo","phospholipid dephosphorylation",1,0.14160454110789,0.0992070852655487,"1/10","33/11584","MTMR10"
"Oligo","fatty acid derivative biosynthetic process",1,0.14160454110789,0.0992070852655487,"1/10","33/11584","FAR2"
"Oligo","positive regulation of phosphorylation",2,0.14160454110789,0.0992070852655487,"2/10","314/11584","SASH1/RASSF2"
"Oligo","regulation of kinase activity",2,0.14160454110789,0.0992070852655487,"2/10","315/11584","SASH1/RASSF2"
"Oligo","fatty-acyl-CoA metabolic process",1,0.14160454110789,0.0992070852655487,"1/10","34/11584","FAR2"
"Oligo","angiogenesis",2,0.14160454110789,0.0992070852655487,"2/10","319/11584","SASH1/SHB"
"Oligo","aspartate family amino acid metabolic process",1,0.14160454110789,0.0992070852655487,"1/10","36/11584","PHGDH"
"Oligo","forebrain generation of neurons",1,0.14160454110789,0.0992070852655487,"1/10","36/11584","UQCRQ"
"Oligo","oocyte development",1,0.14160454110789,0.0992070852655487,"1/10","37/11584","SHB"
"Oligo","negative regulation of reproductive process",1,0.14160454110789,0.0992070852655487,"1/10","37/11584","SHB"
"Oligo","oocyte differentiation",1,0.14160454110789,0.0992070852655487,"1/10","39/11584","SHB"
"Oligo","regulation of osteoclast differentiation",1,0.14160454110789,0.0992070852655487,"1/10","39/11584","RASSF2"
"Oligo","positive regulation of alpha-beta T cell activation",1,0.14160454110789,0.0992070852655487,"1/10","39/11584","SHB"
"Oligo","B cell proliferation",1,0.14160454110789,0.0992070852655487,"1/10","40/11584","SHB"
"Oligo","positive regulation of phosphorus metabolic process",2,0.14160454110789,0.0992070852655487,"2/10","346/11584","SASH1/RASSF2"
"Oligo","positive regulation of phosphate metabolic process",2,0.14160454110789,0.0992070852655487,"2/10","346/11584","SASH1/RASSF2"
"Oligo","p38MAPK cascade",1,0.14160454110789,0.0992070852655487,"1/10","41/11584","SASH1"
"Oligo","non-proteinogenic amino acid metabolic process",1,0.14160454110789,0.0992070852655487,"1/10","42/11584","PHGDH"
"Oligo","regulation of CD4-positive, alpha-beta T cell activation",1,0.14160454110789,0.0992070852655487,"1/10","43/11584","SHB"
"Oligo","regulation of alpha-beta T cell differentiation",1,0.14160454110789,0.0992070852655487,"1/10","44/11584","SHB"
"Oligo","leukocyte differentiation",2,0.14160454110789,0.0992070852655487,"2/10","364/11584","SHB/RASSF2"
"Oligo","generation of precursor metabolites and energy",2,0.14160454110789,0.0992070852655487,"2/10","364/11584","GYG1/UQCRQ"
"Oligo","alpha-beta T cell activation involved in immune response",1,0.14160454110789,0.0992070852655487,"1/10","45/11584","SHB"
"Oligo","alpha-beta T cell differentiation involved in immune response",1,0.14160454110789,0.0992070852655487,"1/10","45/11584","SHB"
"Oligo","CD4-positive, alpha-beta T cell differentiation involved in immune response",1,0.14160454110789,0.0992070852655487,"1/10","45/11584","SHB"
"Oligo","cerebellar cortex development",1,0.14160454110789,0.0992070852655487,"1/10","45/11584","UQCRQ"
"Oligo","T-helper cell differentiation",1,0.14160454110789,0.0992070852655487,"1/10","45/11584","SHB"
"Oligo","regulation of transferase activity",2,0.14160454110789,0.0992070852655487,"2/10","368/11584","SASH1/RASSF2"
"Oligo","proteinogenic amino acid biosynthetic process",1,0.14160454110789,0.0992070852655487,"1/10","46/11584","PHGDH"
"Oligo","blood vessel morphogenesis",2,0.14160454110789,0.0992070852655487,"2/10","375/11584","SASH1/SHB"
"Oligo","T cell differentiation involved in immune response",1,0.14160454110789,0.0992070852655487,"1/10","47/11584","SHB"
"Oligo","diencephalon development",1,0.14160454110789,0.0992070852655487,"1/10","47/11584","UQCRQ"
"Oligo","mRNA stabilization",1,0.14160454110789,0.0992070852655487,"1/10","47/11584","LARP4B"
"Oligo","L-amino acid biosynthetic process",1,0.14160454110789,0.0992070852655487,"1/10","47/11584","PHGDH"
"Oligo","fatty acid derivative metabolic process",1,0.142880460797318,0.100100985082819,"1/10","48/11584","FAR2"
"Oligo","positive regulation of MAP kinase activity",1,0.146522972845541,0.102652901854143,"1/10","50/11584","SASH1"
"Oligo","polysaccharide biosynthetic process",1,0.146522972845541,0.102652901854143,"1/10","51/11584","GYG1"
"Oligo","alpha-amino acid biosynthetic process",1,0.146522972845541,0.102652901854143,"1/10","51/11584","PHGDH"
"Oligo","glutamine family amino acid metabolic process",1,0.147189666175661,0.10311998222833,"1/10","53/11584","PHGDH"
"Oligo","regulation of epithelial cell migration",1,0.147189666175661,0.10311998222833,"1/10","53/11584","SASH1"
"Oligo","negative regulation of mRNA catabolic process",1,0.147189666175661,0.10311998222833,"1/10","53/11584","LARP4B"
"Oligo","bone remodeling",1,0.148018349234087,0.103700551397879,"1/10","54/11584","RASSF2"
"Oligo","CD4-positive, alpha-beta T cell differentiation",1,0.148018349234087,0.103700551397879,"1/10","55/11584","SHB"
"Oligo","regulation of MAPK cascade",2,0.148018349234087,0.103700551397879,"2/10","413/11584","SASH1/RASSF2"
"Oligo","RNA stabilization",1,0.148018349234087,0.103700551397879,"1/10","56/11584","LARP4B"
"Oligo","regulation of peptidyl-serine phosphorylation",1,0.148018349234087,0.103700551397879,"1/10","57/11584","RASSF2"
"Oligo","protein K63-linked ubiquitination",1,0.148018349234087,0.103700551397879,"1/10","57/11584","SASH1"
"Oligo","amino acid biosynthetic process",1,0.148018349234087,0.103700551397879,"1/10","58/11584","PHGDH"
"Oligo","positive regulation of protein modification process",2,0.148018349234087,0.103700551397879,"2/10","424/11584","SASH1/RASSF2"
"Oligo","positive regulation of JNK cascade",1,0.148018349234087,0.103700551397879,"1/10","59/11584","RASSF2"
"Oligo","T cell activation involved in immune response",1,0.148018349234087,0.103700551397879,"1/10","60/11584","SHB"
"Oligo","protein autoubiquitination",1,0.148018349234087,0.103700551397879,"1/10","61/11584","SASH1"
"Oligo","regulation of alpha-beta T cell activation",1,0.148018349234087,0.103700551397879,"1/10","62/11584","SHB"
"Oligo","blood vessel development",2,0.148018349234087,0.103700551397879,"2/10","440/11584","SASH1/SHB"
"Oligo","negative regulation of RNA catabolic process",1,0.148018349234087,0.103700551397879,"1/10","64/11584","LARP4B"
"Oligo","spinal cord development",1,0.148018349234087,0.103700551397879,"1/10","66/11584","PHGDH"
"Oligo","oogenesis",1,0.148018349234087,0.103700551397879,"1/10","66/11584","SHB"
"Oligo","glycogen metabolic process",1,0.148018349234087,0.103700551397879,"1/10","67/11584","GYG1"
"Oligo","osteoclast differentiation",1,0.148018349234087,0.103700551397879,"1/10","67/11584","RASSF2"
"Oligo","positive regulation of catalytic activity",2,0.148018349234087,0.103700551397879,"2/10","457/11584","SASH1/RASSF2"
"Oligo","vasculature development",2,0.148018349234087,0.103700551397879,"2/10","458/11584","SASH1/SHB"
"Oligo","CD4-positive, alpha-beta T cell activation",1,0.148018349234087,0.103700551397879,"1/10","68/11584","SHB"
"Oligo","midbrain development",1,0.148018349234087,0.103700551397879,"1/10","69/11584","UQCRQ"
"Oligo","glucan metabolic process",1,0.148018349234087,0.103700551397879,"1/10","69/11584","GYG1"
"Oligo","aerobic electron transport chain",1,0.148018349234087,0.103700551397879,"1/10","70/11584","UQCRQ"
"Oligo","regulation of myeloid leukocyte differentiation",1,0.148018349234087,0.103700551397879,"1/10","72/11584","RASSF2"
"Oligo","epithelial cell migration",1,0.148018349234087,0.103700551397879,"1/10","72/11584","SASH1"
"Oligo","alpha-beta T cell differentiation",1,0.148018349234087,0.103700551397879,"1/10","72/11584","SHB"
"Oligo","epithelium migration",1,0.148018349234087,0.103700551397879,"1/10","72/11584","SASH1"
"Oligo","energy reserve metabolic process",1,0.148018349234087,0.103700551397879,"1/10","74/11584","GYG1"
"Oligo","tissue migration",1,0.148018349234087,0.103700551397879,"1/10","74/11584","SASH1"
"Oligo","organelle localization by membrane tethering",1,0.148018349234087,0.103700551397879,"1/10","74/11584","ESYT2"
"Oligo","regulation of protein phosphorylation",2,0.148018349234087,0.103700551397879,"2/10","484/11584","SASH1/RASSF2"
"Oligo","negative regulation of mRNA metabolic process",1,0.148018349234087,0.103700551397879,"1/10","75/11584","LARP4B"
"Oligo","central nervous system neuron development",1,0.148018349234087,0.103700551397879,"1/10","76/11584","UQCRQ"
"Oligo","positive regulation of T cell differentiation",1,0.148018349234087,0.103700551397879,"1/10","76/11584","SHB"
"Oligo","ATP synthesis coupled electron transport",1,0.148018349234087,0.103700551397879,"1/10","77/11584","UQCRQ"
"Oligo","mitochondrial ATP synthesis coupled electron transport",1,0.148018349234087,0.103700551397879,"1/10","77/11584","UQCRQ"
"Oligo","MAPK cascade",2,0.148018349234087,0.103700551397879,"2/10","493/11584","SASH1/RASSF2"
"Oligo","hippocampus development",1,0.148018349234087,0.103700551397879,"1/10","78/11584","UQCRQ"
"Oligo","stem cell proliferation",1,0.148018349234087,0.103700551397879,"1/10","78/11584","SHB"
"Oligo","acyl-CoA metabolic process",1,0.148018349234087,0.103700551397879,"1/10","79/11584","FAR2"
"Oligo","positive regulation of endothelial cell migration",1,0.148018349234087,0.103700551397879,"1/10","79/11584","SASH1"
"Oligo","thioester metabolic process",1,0.148018349234087,0.103700551397879,"1/10","79/11584","FAR2"
"Oligo","membrane docking",1,0.152332942079513,0.106723322962642,"1/10","82/11584","ESYT2"
"Oligo","endoplasmic reticulum organization",1,0.153216853991413,0.107342585054981,"1/10","84/11584","ESYT2"
"Oligo","regulation of MAP kinase activity",1,0.153216853991413,0.107342585054981,"1/10","84/11584","SASH1"
"Oligo","positive regulation of lymphocyte differentiation",1,0.153216853991413,0.107342585054981,"1/10","85/11584","SHB"
"Oligo","positive regulation of angiogenesis",1,0.153216853991413,0.107342585054981,"1/10","85/11584","SASH1"
"Oligo","positive regulation of vasculature development",1,0.155589527913095,0.10900486270663,"1/10","87/11584","SASH1"
"Oligo","polysaccharide metabolic process",1,0.156819048642569,0.109866255758649,"1/10","89/11584","GYG1"
"Oligo","cerebellum development",1,0.156819048642569,0.109866255758649,"1/10","89/11584","UQCRQ"
"Oligo","regulation of osteoblast differentiation",1,0.157419015896625,0.110286588341657,"1/10","90/11584","RASSF2"
"Oligo","positive regulation of protein serine/threonine kinase activity",1,0.158009394353987,0.110700203085226,"1/10","91/11584","SASH1"
"Oligo","regulation of JNK cascade",1,0.158155999934274,0.110802913861237,"1/10","94/11584","RASSF2"
"Oligo","female gamete generation",1,0.158155999934274,0.110802913861237,"1/10","95/11584","SHB"
"Oligo","limbic system development",1,0.158155999934274,0.110802913861237,"1/10","95/11584","UQCRQ"
"Oligo","metencephalon development",1,0.158155999934274,0.110802913861237,"1/10","95/11584","UQCRQ"
"Oligo","positive regulation of mitotic cell cycle",1,0.158155999934274,0.110802913861237,"1/10","95/11584","SHB"
"Oligo","T cell receptor signaling pathway",1,0.158155999934274,0.110802913861237,"1/10","95/11584","SHB"
"Oligo","respiratory electron transport chain",1,0.160314279567793,0.112314988473776,"1/10","98/11584","UQCRQ"
"Oligo","cellular response to lipopolysaccharide",1,0.160314279567793,0.112314988473776,"1/10","98/11584","SASH1"
"Oligo","alpha-beta T cell activation",1,0.160314279567793,0.112314988473776,"1/10","99/11584","SHB"
"Oligo","tissue remodeling",1,0.160314279567793,0.112314988473776,"1/10","99/11584","RASSF2"
"Oligo","oxidative phosphorylation",1,0.162379204944525,0.113761659790344,"1/10","101/11584","UQCRQ"
"Oligo","cellular response to molecule of bacterial origin",1,0.162879577985541,0.114112217410574,"1/10","102/11584","SASH1"
"Oligo","glial cell development",1,0.167936440461133,0.11765501754161,"1/10","106/11584","PHGDH"
"Oligo","electron transport chain",1,0.168389637751032,0.117972524182493,"1/10","107/11584","UQCRQ"
"Oligo","lymphocyte activation involved in immune response",1,0.169275637002816,0.118593248649585,"1/10","109/11584","SHB"
"Oligo","regulation of reproductive process",1,0.169275637002816,0.118593248649585,"1/10","109/11584","SHB"
"Oligo","regulation of T cell differentiation",1,0.171185499802228,0.119931284281101,"1/10","111/11584","SHB"
"Oligo","cell maturation",1,0.173467401553532,0.121529967627257,"1/10","114/11584","SHB"
"Oligo","antigen receptor-mediated signaling pathway",1,0.173467401553532,0.121529967627257,"1/10","114/11584","SHB"
"Oligo","positive regulation of translation",1,0.173861495429854,0.121806066857444,"1/10","115/11584","LARP4B"
"Oligo","regulation of endothelial cell migration",1,0.17397339073893,0.12188445987635,"1/10","118/11584","SASH1"
"Oligo","neural tube development",1,0.17397339073893,0.12188445987635,"1/10","118/11584","PHGDH"
"Oligo","positive regulation of leukocyte differentiation",1,0.17397339073893,0.12188445987635,"1/10","118/11584","SHB"
"Oligo","positive regulation of hemopoiesis",1,0.17397339073893,0.12188445987635,"1/10","118/11584","SHB"
"Oligo","positive regulation of immune effector process",1,0.175795191907712,0.123160800186302,"1/10","121/11584","SHB"
"Oligo","cellular response to biotic stimulus",1,0.175795191907712,0.123160800186302,"1/10","121/11584","SASH1"
"Oligo","phosphatidylinositol metabolic process",1,0.175795191907712,0.123160800186302,"1/10","122/11584","MTMR10"
"Oligo","JNK cascade",1,0.175795191907712,0.123160800186302,"1/10","123/11584","RASSF2"
"Oligo","hindbrain development",1,0.175795191907712,0.123160800186302,"1/10","123/11584","UQCRQ"
"Oligo","peptidyl-serine phosphorylation",1,0.17614386637971,0.123405078920606,"1/10","124/11584","RASSF2"
"Oligo","proteinogenic amino acid metabolic process",1,0.176487521943095,0.123645841444971,"1/10","125/11584","PHGDH"
"Oligo","regulation of lymphocyte differentiation",1,0.17682624439767,0.1238831478701,"1/10","126/11584","SHB"
"Oligo","regulation of myeloid cell differentiation",1,0.179811548595545,0.125974629723613,"1/10","129/11584","RASSF2"
"Oligo","peptidyl-serine modification",1,0.181738878144714,0.127324902429723,"1/10","132/11584","RASSF2"
"Oligo","L-amino acid metabolic process",1,0.181738878144714,0.127324902429723,"1/10","132/11584","PHGDH"
"Oligo","regulation of mRNA stability",1,0.186191602367433,0.13044444780709,"1/10","137/11584","LARP4B"
"Oligo","protein autophosphorylation",1,0.186191602367433,0.13044444780709,"1/10","137/11584","RASSF2"
"Oligo","myeloid leukocyte differentiation",1,0.187398072215462,0.131289691583506,"1/10","143/11584","RASSF2"
"Oligo","central nervous system neuron differentiation",1,0.187398072215462,0.131289691583506,"1/10","143/11584","UQCRQ"
"Oligo","lipid modification",1,0.187398072215462,0.131289691583506,"1/10","144/11584","MTMR10"
"Oligo","lymphocyte proliferation",1,0.187398072215462,0.131289691583506,"1/10","144/11584","SHB"
"Oligo","positive regulation of T cell activation",1,0.187398072215462,0.131289691583506,"1/10","144/11584","SHB"
"Oligo","aerobic respiration",1,0.187398072215462,0.131289691583506,"1/10","146/11584","UQCRQ"
"Oligo","leukocyte activation involved in immune response",1,0.187398072215462,0.131289691583506,"1/10","147/11584","SHB"
"Oligo","carbohydrate biosynthetic process",1,0.187398072215462,0.131289691583506,"1/10","147/11584","GYG1"
"Oligo","endothelial cell migration",1,0.187398072215462,0.131289691583506,"1/10","147/11584","SASH1"
"Oligo","alpha-amino acid metabolic process",1,0.187398072215462,0.131289691583506,"1/10","147/11584","PHGDH"
"Oligo","B cell activation",1,0.187398072215462,0.131289691583506,"1/10","148/11584","SHB"
"Oligo","regulation of RNA stability",1,0.187398072215462,0.131289691583506,"1/10","148/11584","LARP4B"
"Oligo","cell activation involved in immune response",1,0.187398072215462,0.131289691583506,"1/10","150/11584","SHB"
"Oligo","mononuclear cell proliferation",1,0.187398072215462,0.131289691583506,"1/10","150/11584","SHB"
"Oligo","regulation of mRNA catabolic process",1,0.187398072215462,0.131289691583506,"1/10","150/11584","LARP4B"
"Oligo","pallium development",1,0.191330563649494,0.134044765749559,"1/10","155/11584","UQCRQ"
"Oligo","positive regulation of leukocyte cell-cell adhesion",1,0.191330563649494,0.134044765749559,"1/10","155/11584","SHB"
"Oligo","anatomical structure maturation",1,0.192682260573858,0.134991754532399,"1/10","157/11584","SHB"
"Oligo","response to lipopolysaccharide",1,0.194016891141923,0.135926786753317,"1/10","159/11584","SASH1"
"Oligo","regulation of angiogenesis",1,0.19874544023573,0.139239572977978,"1/10","164/11584","SASH1"
"Oligo","response to molecule of bacterial origin",1,0.198895924341582,0.139345001020069,"1/10","165/11584","SASH1"
"Oligo","leukocyte proliferation",1,0.199044047229962,0.139448774810813,"1/10","166/11584","SHB"
"Oligo","regulation of vasculature development",1,0.199750450858868,0.139943675924128,"1/10","168/11584","SASH1"
"Oligo","osteoblast differentiation",1,0.199750450858868,0.139943675924128,"1/10","169/11584","RASSF2"
"Oligo","regulation of protein ubiquitination",1,0.199750450858868,0.139943675924128,"1/10","170/11584","SASH1"
"Oligo","immune response-activating cell surface receptor signaling pathway",1,0.199750450858868,0.139943675924128,"1/10","171/11584","SHB"
"Oligo","regulation of protein serine/threonine kinase activity",1,0.199750450858868,0.139943675924128,"1/10","171/11584","SASH1"
"Oligo","regulation of immune effector process",1,0.202174839038306,0.141642184199022,"1/10","175/11584","SHB"
"Oligo","negative regulation of cell development",1,0.202174839038306,0.141642184199022,"1/10","175/11584","SHB"
"Oligo","negative regulation of protein phosphorylation",1,0.202293414058954,0.141725256974032,"1/10","176/11584","RASSF2"
"Oligo","ameboidal-type cell migration",1,0.203475546471137,0.142553450124428,"1/10","178/11584","SASH1"
"Oligo","immune response-regulating cell surface receptor signaling pathway",1,0.206073227643013,0.144373366177224,"1/10","182/11584","SHB"
"Oligo","cellular respiration",1,0.206073227643013,0.144373366177224,"1/10","183/11584","UQCRQ"
"Oligo","dephosphorylation",1,0.206073227643013,0.144373366177224,"1/10","184/11584","MTMR10"
"Oligo","positive regulation of cell-cell adhesion",1,0.206073227643013,0.144373366177224,"1/10","185/11584","SHB"
"Oligo","positive regulation of lymphocyte activation",1,0.206073227643013,0.144373366177224,"1/10","185/11584","SHB"
"Oligo","T cell differentiation",1,0.206162048877366,0.14443559367149,"1/10","186/11584","SHB"
"Oligo","protein stabilization",1,0.206249253203426,0.144496688371867,"1/10","187/11584","RASSF2"
"Oligo","negative regulation of phosphorylation",1,0.2073529229585,0.145269911169949,"1/10","189/11584","RASSF2"
"Oligo","positive regulation of leukocyte activation",1,0.215504213067496,0.150980644219473,"1/10","198/11584","SHB"
"Oligo","glial cell differentiation",1,0.216539006472556,0.151705612760487,"1/10","200/11584","PHGDH"
"Oligo","regulation of leukocyte cell-cell adhesion",1,0.219547364763547,0.153813246139675,"1/10","204/11584","SHB"
"Oligo","positive regulation of cell activation",1,0.221531428492531,0.155203266388982,"1/10","207/11584","SHB"
"Oligo","regulation of protein modification by small protein conjugation or removal",1,0.221531578554667,0.155203371521395,"1/10","208/11584","SASH1"
"Oligo","regulation of T cell activation",1,0.221531578554667,0.155203371521395,"1/10","209/11584","SHB"
"Oligo","regulation of post-translational protein modification",1,0.22341807989737,0.156525040290594,"1/10","212/11584","SASH1"
"Oligo","mRNA catabolic process",1,0.22341807989737,0.156525040290594,"1/10","214/11584","LARP4B"
"Oligo","carboxylic acid biosynthetic process",1,0.22341807989737,0.156525040290594,"1/10","215/11584","PHGDH"
"Oligo","amino acid metabolic process",1,0.22341807989737,0.156525040290594,"1/10","216/11584","PHGDH"
"Oligo","organic acid biosynthetic process",1,0.22341807989737,0.156525040290594,"1/10","216/11584","PHGDH"
"Oligo","telencephalon development",1,0.225215077052276,0.157784003093439,"1/10","221/11584","UQCRQ"
"Oligo","developmental maturation",1,0.225215077052276,0.157784003093439,"1/10","221/11584","SHB"
"Oligo","negative regulation of phosphorus metabolic process",1,0.225215077052276,0.157784003093439,"1/10","222/11584","RASSF2"
"Oligo","negative regulation of phosphate metabolic process",1,0.225215077052276,0.157784003093439,"1/10","222/11584","RASSF2"
"Oligo","leukocyte cell-cell adhesion",1,0.226049343681467,0.158368484071017,"1/10","224/11584","SHB"
"Oligo","canonical NF-kappaB signal transduction",1,0.226049343681467,0.158368484071017,"1/10","225/11584","RASSF2"
"Oligo","glycerophospholipid metabolic process",1,0.226049343681467,0.158368484071017,"1/10","226/11584","MTMR10"
"Oligo","homeostasis of number of cells",1,0.226889008263977,0.158956746814428,"1/10","228/11584","RASSF2"
"Oligo","positive regulation of cell cycle",1,0.226889008263977,0.158956746814428,"1/10","229/11584","SHB"
"Oligo","germ cell development",1,0.227750794078093,0.159560507527699,"1/10","231/11584","SHB"
"Oligo","protein polyubiquitination",1,0.22860264704039,0.160157309359074,"1/10","233/11584","SASH1"
"Oligo","positive regulation of response to biotic stimulus",1,0.235566860698146,0.165036385501315,"1/10","242/11584","SASH1"
"Oligo","cellular process involved in reproduction in multicellular organism",1,0.235566860698146,0.165036385501315,"1/10","243/11584","SHB"
"Oligo","lymphocyte differentiation",1,0.237234027327315,0.16620439000624,"1/10","246/11584","SHB"
"Oligo","regulation of mRNA metabolic process",1,0.24050945343916,0.168499129108648,"1/10","251/11584","LARP4B"
"Oligo","RNA catabolic process",1,0.24050945343916,0.168499129108648,"1/10","252/11584","LARP4B"
"Oligo","gliogenesis",1,0.243831245210608,0.17082635164633,"1/10","257/11584","PHGDH"
"Oligo","negative regulation of protein modification process",1,0.25134624750105,0.176091306196274,"1/10","267/11584","RASSF2"
"Oligo","nucleic acid catabolic process",1,0.25286872965371,0.177157945836165,"1/10","270/11584","LARP4B"
"Oligo","regulation of lymphocyte activation",1,0.254373134282877,0.178211920497937,"1/10","273/11584","SHB"
"Oligo","negative regulation of catabolic process",1,0.255029689112341,0.178671897914188,"1/10","275/11584","LARP4B"
"Oligo","glycerolipid metabolic process",1,0.255497958965785,0.178999964280665,"1/10","277/11584","MTMR10"
"Oligo","lipid transport",1,0.255497958965785,0.178999964280665,"1/10","278/11584","ESYT2"
"Oligo","regulation of cell-cell adhesion",1,0.256580453042762,0.179758351556623,"1/10","281/11584","SHB"
"Oligo","myeloid cell differentiation",1,0.256580453042762,0.179758351556623,"1/10","282/11584","RASSF2"
"Oligo","phospholipid metabolic process",1,0.256580453042762,0.179758351556623,"1/10","283/11584","MTMR10"
"Oligo","response to bacterium",1,0.257200397186667,0.180192679799652,"1/10","285/11584","SASH1"
"Oligo","ossification",1,0.257813017627662,0.180621877111049,"1/10","287/11584","RASSF2"
"Oligo","mononuclear cell differentiation",1,0.261181321206182,0.182981685473832,"1/10","294/11584","SHB"
"Oligo","immune response-activating signaling pathway",1,0.261181321206182,0.182981685473832,"1/10","295/11584","SHB"
"Oligo","regulation of protein stability",1,0.261181321206182,0.182981685473832,"1/10","295/11584","RASSF2"
"Oligo","immune effector process",1,0.261547932300432,0.183238530471896,"1/10","297/11584","SHB"
"Oligo","positive regulation of cell adhesion",1,0.261547932300432,0.183238530471896,"1/10","298/11584","SHB"
"Oligo","skeletal system development",1,0.265977377546834,0.186341766772093,"1/10","305/11584","RASSF2"
"Oligo","regulation of leukocyte activation",1,0.266056168896044,0.186396967403642,"1/10","308/11584","SHB"
"Oligo","forebrain development",1,0.266056168896044,0.186396967403642,"1/10","308/11584","UQCRQ"
"Oligo","immune response-regulating signaling pathway",1,0.266056168896044,0.186396967403642,"1/10","309/11584","SHB"
"Oligo","positive regulation of cell development",1,0.268849428006256,0.188353903901211,"1/10","314/11584","SHB"
"Oligo","lipid localization",1,0.269115934039352,0.188540616040117,"1/10","316/11584","ESYT2"
"Oligo","T cell activation",1,0.269115934039352,0.188540616040117,"1/10","317/11584","SHB"
"Oligo","activation of immune response",1,0.27232711910782,0.190790348346713,"1/10","323/11584","SHB"
"Oligo","regulation of response to biotic stimulus",1,0.27232711910782,0.190790348346713,"1/10","324/11584","SASH1"
"Oligo","regulation of translation",1,0.274270600764464,0.19215193709884,"1/10","328/11584","LARP4B"
"Oligo","amide metabolic process",1,0.276917654135762,0.194006442946281,"1/10","333/11584","FAR2"
"Oligo","positive regulation of cell migration",1,0.280678790991605,0.196641467372996,"1/10","340/11584","SASH1"
"Oligo","regulation of cell activation",1,0.280678790991605,0.196641467372996,"1/10","341/11584","SHB"
