"seurat_clusters","S03_Hb_r","S04_Hb_r","S05_Hb_r","S06_Hb_r","S07_Hb_r","S08_Hb_r","S09_Hb_r","S10_Hb_r","S11_Hb_r","S12_Hb_r","total_clust.x","Perc.Cluster","cell_types"
"4","286","50","97","171","1175","471","80","289","314","90",3023,5.427,"DD_Oligo (6)  LB_oligodendrocyte (2)  LB_neuron (1) "
"15","449","58","24","49","248","129","91","199","380","116",1743,3.129,"DD_Astrocyte (4)  LB_neuron (2)  LB_astrocyte (2) "
"23","1","0","0","5","18","0","939","1","4","0",968,1.738,"DD_Oligo (1)  LB_oligodendrocyte (1)  LB_neuron (1) "
"24","848","1","3","2","14","0","4","1","12","7",892,1.601,"LB_neuron (8)  DD_Oligo (2)  LB_oligodendrocyte (1) "
"27","121","9","4","14","193","17","230","7","12","8",615,1.104,"LB_oligodendrocyte_precursor (15)  DD_OPC (1)  LB_neuron (2) "
"28","65","3","20","5","280","3","131","29","10","10",556,0.998,"DD_Microglia (14)  LB_microglia (2) "
"Total.Cells.Sample","1770"," 121"," 148"," 246","1928"," 620","1475"," 526"," 732"," 231",NA,NA,NA
"Total.Cells.ALL","4375","6364","1990","7059","7207","4735","5959","5914","8054","4045",NA,NA,NA
"Percentage.Sample","40.5"," 1.9"," 7.4"," 3.5","26.8","13.1","24.8"," 8.9"," 9.1"," 5.7",NA,NA,NA
