"seurat_clusters","S03_Hb_r","S04_Hb_r","S05_Hb_r","S06_Hb_r","S07_Hb_r","S08_Hb_r","S09_Hb_r","S10_Hb_r","S11_Hb_r","S12_Hb_r","total_clust.x","Perc.Cluster","cell.types"
"0","203","2665","295","429","468","543","156","1117","1262","585",7723,9.17471518348242,"DD_Excit.Thal (3) DD_LHb (2) DD_OPC (1)"
"1","1096","726","323","2101","573","264","907","136","193","141",6460,7.67430533281063,"***DD_Inhib.Thal(10)"
"2","258","1","6","13","1669","514","19","643","741","1136",5000,5.93986480867695,"DD_MHb (8) DD_OPC (1)"
"3","1133","138","93","240","871","381","928","309","507","175",4775,5.67257089228649,"***DD_Oligo(1)"
"4","501","52","387","580","182","28","2331","515","74","12",4662,5.53832994761039,"DD_Astrocyte (1) DD_Endo (1) DD_Excit.Thal (1)"
"5","68","8","3","175","397","672","18","1145","987","465",3938,4.67823752331397,"***DD_LHb(8)"
"7","63","92","48","325","211","383","18","818","1428","228",3614,4.2933342837117,"***DD_LHb(7)"
"8","204","404","203","836","372","92","938","334","43","126",3552,4.21967996008411,"***DD_Excit.Thal(6)"
"9","46","336","28","168","314","253","136","551","1257","462",3551,4.21849198712237,"DD_Excit.Thal (2) DD_LHb (3)"
"10","95","0","1","4","616","360","11","727","1332","393",3539,4.20423631158155,"DD_MHb (5) DD_OPC (1)"
"12","455","77","49","146","594","344","532","165","720","72",3154,3.74686672131342,"***DD_Oligo(7)"
"13","11","7","2","9","146","91","3","1423","981","122",2795,3.32038442805042,"DD_LHb (2) DD_MHb (3)"
"14","34","0","0","7","430","187","2","553","1123","173",2509,2.9806241609941,"DD_Excit.Thal (1) DD_MHb (3)"
"15","319","131","102","1600","123","8","111","54","8","19",2475,2.94023308029509,"DD_Excit.Thal (2) DD_OPC (1)"
"16","18","13","2","13","344","479","7","450","999","94",2419,2.87370659443791,"DD_Excit.Thal (1) DD_MHb (3)"
"17","545","124","156","47","246","139","155","171","362","129",2074,2.4638559226392,"***DD_Astrocyte(1)"
"18","135","6","366","25","173","88","167","130","608","300",1998,2.37356997754731,"***DD_Astrocyte(2)"
"19","103","393","71","158","446","230","157","119","43","269",1989,2.36287822089169,"***DD_Excit.Thal(1)"
"20","222","48","501","40","114","92","30","225","554","102",1928,2.29041187022583,"***DD_Astrocyte(4)"
"22","80","62","24","50","221","103","126","87","563","27",1343,1.59544768761063,"***DD_Oligo(9)"
"23","109","101","190","266","152","94","143","122","84","47",1308,1.55386863394989,"***DD_Endo(2)"
"24","75","18","67","397","60","6","371","219","21","7",1241,1.47427444551362,"***DD_Excit.Thal(2)"
"25","177","40","12","21","242","60","344","9","56","27",988,1.17371728619457,"***DD_OPC(11)"
"26","71","100","25","199","93","39","148","179","49","11",914,1.08580728702615,"***DD_Inhib.Thal(10)"
"27","24","49","6","25","109","48","10","70","82","75",498,0.591610534944225,"***DD_MHb(7)"
"31","5","0","5","4","42","2","71","4","7","3",143,0.169880133528161,"DD_Microglia (6) DD_Oligo (3)"
"29","0","3","0","0","0","0","0","174","5","0",182,0.216211079035841,"***DD_Inhib.Thal(12)"
"28","0","0","0","0","0","0","0","118","147","0",265,0.314812834859879,"DD_Excit.Thal (5) DD_OPC (1)"
"30","1","0","3","154","4","1","0","0","0","3",166,0.197203511648075,NA
"21","99","15","83","33","475","86","761","81","75","63",1771,2.10390011523338,NA
"6","44","1417","216","512","243","520","148","417","48","226",3791,4.50360549793887,NA
"11","81","744","508","275","73","54","83","1238","232","124",3412,4.05336374544115,NA
"Total.Cells.Sample"," 6275"," 7770"," 3775"," 8852","10003"," 6161"," 8831","12303","14591"," 5616",NA,NA,NA
"Total.Cells.ALL"," 6275"," 7770"," 3775"," 8852","10003"," 6161"," 8831","12303","14591"," 5616",NA,NA,NA
"Percentage.Sample","100","100","100","100","100","100","100","100","100","100",NA,NA,NA
